Lepirudin,Dabigatran etexilate,2
Lepirudin,Drotrecogin alfa,2
Lepirudin,Zinc acetate,2
Lepirudin,Human C1-esterase inhibitor,2
Lepirudin,Copper,2
Lepirudin,Enoxaparin,2
Lepirudin,Coagulation Factor IX Human,2
Lepirudin,Menadione,2
Lepirudin,Thrombomodulin Alfa,2
Lepirudin,Zinc,2
Lepirudin,Turoctocog alfa,2
Lepirudin,Conestat alfa,2
Lepirudin,Coagulation Factor IX (Recombinant),2
Lepirudin,Anti-inhibitor coagulant complex,2
Lepirudin,Antithrombin Alfa,2
Lepirudin,Argatroban,2
Lepirudin,Turoctocog alfa pegol,2
Lepirudin,Bivalirudin,2
Lepirudin,Proflavine,2
Lepirudin,Kappadione,2
Lepirudin,Ximelagatran,2
Cetuximab,Neratinib,1
Cetuximab,Zinc acetate,2
Cetuximab,Gemtuzumab ozogamicin,1
Cetuximab,Dacomitinib,1
Cetuximab,Sutimlimab,1
Cetuximab,Necitumumab,1
Cetuximab,Brigatinib,1
Cetuximab,Catumaxomab,1
Cetuximab,Mobocertinib,1
Cetuximab,Panitumumab,1
Cetuximab,Zinc,2
Cetuximab,Alefacept,1
Cetuximab,Conestat alfa,1
Cetuximab,Bevacizumab,3
Cetuximab,Osimertinib,1
Cetuximab,Amivantamab,2
Cetuximab,Erlotinib,1
Cetuximab,Benralizumab,1
Cetuximab,Zinc chloride,2
Cetuximab,Foreskin keratinocyte (neonatal),1
Cetuximab,Human C1-esterase inhibitor,1
Cetuximab,Sarilumab,1
Cetuximab,Palivizumab,3
Cetuximab,Copper,2
Cetuximab,"Zinc sulfate, unspecified form",2
Cetuximab,Fostamatinib,1
Cetuximab,Human immunoglobulin G,1
Cetuximab,Vandetanib,1
Cetuximab,Gefitinib,1
Cetuximab,Zanubrutinib,1
Cetuximab,Alemtuzumab,1
Cetuximab,Afatinib,1
Cetuximab,Etanercept,1
Cetuximab,Lidocaine,1
Cetuximab,Lapatinib,1
Denileukin diftitox,Duvelisib,1
Denileukin diftitox,Tremelimumab,1
Denileukin diftitox,Pentostatin,2
Denileukin diftitox,Acetylcysteine,1
Denileukin diftitox,Abatacept,1
Denileukin diftitox,Mosunetuzumab,1
Denileukin diftitox,Tofacitinib,2
Denileukin diftitox,Ipilimumab,1
Denileukin diftitox,Pazopanib,1
Denileukin diftitox,Catumaxomab,1
Denileukin diftitox,Baricitinib,2
Denileukin diftitox,Copanlisib,1
Denileukin diftitox,Cladribine,1
Denileukin diftitox,Dipyridamole,2
Denileukin diftitox,Mesalazine,1
Denileukin diftitox,Arsenic trioxide,1
Denileukin diftitox,Nintedanib,1
Denileukin diftitox,Teplizumab,1
Denileukin diftitox,Aldesleukin,4
Denileukin diftitox,Dasatinib,1
Denileukin diftitox,Blinatumomab,1
Denileukin diftitox,Fostamatinib,3
Denileukin diftitox,Acetylsalicylic acid,1
Denileukin diftitox,Muromonab,2
Denileukin diftitox,Didanosine,1
Denileukin diftitox,Streptozocin,1
Denileukin diftitox,Umbralisib,1
Denileukin diftitox,Abrocitinib,2
Denileukin diftitox,Zanubrutinib,3
Denileukin diftitox,Caffeine,2
Denileukin diftitox,Auranofin,1
Denileukin diftitox,Ponatinib,1
Denileukin diftitox,Basiliximab,3
Denileukin diftitox,Ruxolitinib,2
Denileukin diftitox,Idelalisib,1
Etanercept,Human immunoglobulin G,1
Etanercept,Benralizumab,1
Etanercept,Catumaxomab,1
Etanercept,Alemtuzumab,1
Etanercept,Gemtuzumab ozogamicin,1
Etanercept,Alefacept,1
Etanercept,Sarilumab,1
Etanercept,Bevacizumab,1
Etanercept,Palivizumab,1
Etanercept,Amivantamab,1
Bivalirudin,Dabigatran etexilate,2
Bivalirudin,Drotrecogin alfa,2
Bivalirudin,Zinc acetate,2
Bivalirudin,Human C1-esterase inhibitor,2
Bivalirudin,Copper,2
Bivalirudin,Enoxaparin,2
Bivalirudin,Coagulation Factor IX Human,2
Bivalirudin,Menadione,2
Bivalirudin,Thrombomodulin Alfa,2
Bivalirudin,Zinc,2
Bivalirudin,Turoctocog alfa,2
Bivalirudin,Conestat alfa,2
Bivalirudin,Coagulation Factor IX (Recombinant),2
Bivalirudin,Anti-inhibitor coagulant complex,2
Bivalirudin,Antithrombin Alfa,2
Bivalirudin,Argatroban,2
Bivalirudin,Turoctocog alfa pegol,2
Bivalirudin,Proflavine,2
Bivalirudin,Kappadione,2
Bivalirudin,Ximelagatran,2
Leuprolide,Ganirelix,1
Leuprolide,Erdafitinib,1
Leuprolide,Nafarelin,1
Leuprolide,Regorafenib,1
Leuprolide,Selpercatinib,1
Leuprolide,Futibatinib,1
Leuprolide,Lenvatinib,1
Leuprolide,Triptorelin,1
Leuprolide,Infigratinib,1
Leuprolide,Pralsetinib,1
Leuprolide,Danazol,1
Leuprolide,Palifermin,1
Leuprolide,Degarelix,1
Leuprolide,Gestrinone,1
Leuprolide,Histrelin,1
Leuprolide,Linzagolix,1
Leuprolide,Nintedanib,1
Leuprolide,Elagolix,1
Leuprolide,Gonadorelin,1
Leuprolide,Cetrorelix,1
Leuprolide,Copper,1
Leuprolide,Relugolix,1
Leuprolide,Fostamatinib,1
Leuprolide,Pemigatinib,1
Leuprolide,Heparin,1
Leuprolide,Goserelin,1
Leuprolide,Buserelin,1
Leuprolide,Tivozanib,1
Leuprolide,Abarelix,1
Leuprolide,Sorafenib,1
Leuprolide,Ponatinib,1
Alteplase,Urokinase,2
Alteplase,Reteplase,7
Alteplase,Zinc chloride,5
Alteplase,Zinc acetate,5
Alteplase,Tranexamic acid,2
Alteplase,Ancrod,5
Alteplase,"Zinc sulfate, unspecified form",5
Alteplase,Copper,4
Alteplase,Tenecteplase,7
Alteplase,Streptokinase,2
Alteplase,Thrombin,6
Alteplase,Prothrombin,5
Alteplase,Aprotinin,2
Alteplase,Zinc,5
Alteplase,Aminocaproic acid,2
Alteplase,Human thrombin,6
Alteplase,Thrombin alfa,6
Alteplase,Anti-inhibitor coagulant complex,5
Alteplase,Anistreplase,7
Sermorelin,Tesamorelin,1
Darbepoetin alfa,Zinc chloride,1
Darbepoetin alfa,Zinc acetate,1
Darbepoetin alfa,Nitrous acid,1
Darbepoetin alfa,Voxelotor,1
Darbepoetin alfa,Copper,1
Darbepoetin alfa,"Zinc sulfate, unspecified form",1
Darbepoetin alfa,Peginesatide,1
Darbepoetin alfa,Ferrous ascorbate,1
Darbepoetin alfa,Erythropoietin,1
Darbepoetin alfa,Ferric pyrophosphate citrate,1
Darbepoetin alfa,Iron,1
Darbepoetin alfa,Ferrous sulfate anhydrous,1
Darbepoetin alfa,Sodium ferric gluconate complex,1
Darbepoetin alfa,Methoxy polyethylene glycol-epoetin beta,1
Darbepoetin alfa,Ferrous fumarate,1
Darbepoetin alfa,Zinc,1
Darbepoetin alfa,Ferric derisomaltose,1
Darbepoetin alfa,Pentaerythritol tetranitrate,1
Darbepoetin alfa,Ferrous gluconate,1
Darbepoetin alfa,Ferrous glycine sulfate,1
Darbepoetin alfa,Iron Dextran,1
Darbepoetin alfa,Ferrous succinate,1
Urokinase,Reteplase,2
Urokinase,Streptokinase,2
Urokinase,Aprotinin,2
Urokinase,Aminocaproic acid,2
Urokinase,Tranexamic acid,2
Urokinase,Insulin human,1
Urokinase,Copper,2
Urokinase,Anistreplase,2
Urokinase,Tenecteplase,2
Goserelin,Ganirelix,1
Goserelin,Erdafitinib,1
Goserelin,Nafarelin,1
Goserelin,Regorafenib,1
Goserelin,Selpercatinib,1
Goserelin,Futibatinib,1
Goserelin,Lenvatinib,1
Goserelin,Triptorelin,1
Goserelin,Infigratinib,1
Goserelin,Pralsetinib,1
Goserelin,Danazol,1
Goserelin,Palifermin,1
Goserelin,Degarelix,1
Goserelin,Gestrinone,1
Goserelin,Histrelin,1
Goserelin,Linzagolix,1
Goserelin,Nintedanib,1
Goserelin,Elagolix,1
Goserelin,Gonadorelin,1
Goserelin,Cetrorelix,1
Goserelin,Copper,1
Goserelin,Relugolix,1
Goserelin,Fostamatinib,1
Goserelin,Pemigatinib,1
Goserelin,Heparin,1
Goserelin,Buserelin,1
Goserelin,Tivozanib,1
Goserelin,Abarelix,1
Goserelin,Sorafenib,1
Goserelin,Ponatinib,1
Reteplase,Zinc chloride,5
Reteplase,Zinc acetate,5
Reteplase,Tranexamic acid,2
Reteplase,Ancrod,5
Reteplase,"Zinc sulfate, unspecified form",5
Reteplase,Copper,4
Reteplase,Tenecteplase,7
Reteplase,Streptokinase,2
Reteplase,Thrombin,5
Reteplase,Prothrombin,5
Reteplase,Aprotinin,2
Reteplase,Zinc,5
Reteplase,Aminocaproic acid,2
Reteplase,Human thrombin,5
Reteplase,Thrombin alfa,5
Reteplase,Anti-inhibitor coagulant complex,5
Reteplase,Anistreplase,7
Erythropoietin,Zinc chloride,1
Erythropoietin,Zinc acetate,1
Erythropoietin,Nitrous acid,1
Erythropoietin,Voxelotor,1
Erythropoietin,Copper,1
Erythropoietin,"Zinc sulfate, unspecified form",1
Erythropoietin,Peginesatide,1
Erythropoietin,Ferrous ascorbate,1
Erythropoietin,Ferric pyrophosphate citrate,1
Erythropoietin,Iron,1
Erythropoietin,Ferrous sulfate anhydrous,1
Erythropoietin,Sodium ferric gluconate complex,1
Erythropoietin,Methoxy polyethylene glycol-epoetin beta,1
Erythropoietin,Ferrous fumarate,1
Erythropoietin,Zinc,1
Erythropoietin,Ferric derisomaltose,1
Erythropoietin,Pentaerythritol tetranitrate,1
Erythropoietin,Ferrous gluconate,1
Erythropoietin,Ferrous glycine sulfate,1
Erythropoietin,Iron Dextran,1
Erythropoietin,Ferrous succinate,1
Pegfilgrastim,Ibalizumab,1
Pegfilgrastim,Lipegfilgrastim,2
Pegfilgrastim,Filgrastim,2
Pegfilgrastim,Lenograstim,2
Pegfilgrastim,Plerixafor,1
Pegfilgrastim,Framycetin,1
Pegfilgrastim,Eflapegrastim,2
Pegfilgrastim,Alpha-1-proteinase inhibitor,1
Pegfilgrastim,Baclofen,1
Sargramostim,Foreskin fibroblast (neonatal),2
Sargramostim,Clove oil,2
Sargramostim,Foreskin keratinocyte (neonatal),2
Thyrotropin alfa,2-mercaptobenzothiazole,1
Thyrotropin alfa,"Thyroid, porcine",2
Thyrotropin alfa,Liotrix,2
Thyrotropin alfa,Resorcinol,1
Thyrotropin alfa,Methimazole,1
Thyrotropin alfa,Triclosan,1
Thyrotropin alfa,Dextrothyroxine,3
Thyrotropin alfa,Levothyroxine,2
Thyrotropin alfa,Dronedarone,1
Thyrotropin alfa,Carbimazole,1
Thyrotropin alfa,Propylthiouracil,1
Thyrotropin alfa,Liothyronine,2
"Antihemophilic factor, human recombinant",Edoxaban,2
"Antihemophilic factor, human recombinant",Moroctocog alfa,6
"Antihemophilic factor, human recombinant",Lonoctocog alfa,6
"Antihemophilic factor, human recombinant",Coagulation factor VIIa Recombinant Human,2
"Antihemophilic factor, human recombinant",Coagulation factor VII human,4
"Antihemophilic factor, human recombinant",Emicizumab,4
"Antihemophilic factor, human recombinant",Albutrepenonacog alfa,2
"Antihemophilic factor, human recombinant",Protein S human,2
"Antihemophilic factor, human recombinant",Heparin,2
"Antihemophilic factor, human recombinant",Bemiparin,2
"Antihemophilic factor, human recombinant",Enoxaparin,2
"Antihemophilic factor, human recombinant",Betrixaban,2
"Antihemophilic factor, human recombinant",Nonacog beta pegol,2
"Antihemophilic factor, human recombinant",Coagulation Factor IX Human,2
"Antihemophilic factor, human recombinant",Protamine sulfate,2
"Antihemophilic factor, human recombinant",Apixaban,2
"Antihemophilic factor, human recombinant",Fondaparinux,2
"Antihemophilic factor, human recombinant",Menadione,2
"Antihemophilic factor, human recombinant",Turoctocog alfa,4
"Antihemophilic factor, human recombinant",Coagulation Factor IX (Recombinant),2
"Antihemophilic factor, human recombinant",Anti-inhibitor coagulant complex,2
"Antihemophilic factor, human recombinant",Antithrombin Alfa,2
"Antihemophilic factor, human recombinant",Rivaroxaban,2
"Antihemophilic factor, human recombinant",Turoctocog alfa pegol,4
"Antihemophilic factor, human recombinant",Antihemophilic factor human,4
"Antihemophilic factor, human recombinant",Kappadione,4
Human immunoglobulin G,Benralizumab,1
Human immunoglobulin G,Zinc chloride,8
Human immunoglobulin G,Zinc acetate,8
Human immunoglobulin G,Gemtuzumab ozogamicin,1
Human immunoglobulin G,Eculizumab,1
Human immunoglobulin G,Sarilumab,1
Human immunoglobulin G,Palivizumab,1
Human immunoglobulin G,Pegcetacoplan,6
Human immunoglobulin G,"Zinc sulfate, unspecified form",8
Human immunoglobulin G,Copper,8
Human immunoglobulin G,Amivantamab,1
Human immunoglobulin G,Catumaxomab,1
Human immunoglobulin G,Alemtuzumab,1
Human immunoglobulin G,Zinc,8
Human immunoglobulin G,Alefacept,1
Human immunoglobulin G,Bevacizumab,1
Human immunoglobulin G,Ravulizumab,1
Anistreplase,Zinc chloride,5
Anistreplase,Zinc acetate,5
Anistreplase,Tranexamic acid,2
Anistreplase,Ancrod,5
Anistreplase,"Zinc sulfate, unspecified form",5
Anistreplase,Copper,4
Anistreplase,Tenecteplase,7
Anistreplase,Streptokinase,2
Anistreplase,Thrombin,5
Anistreplase,Prothrombin,5
Anistreplase,Aprotinin,2
Anistreplase,Zinc,5
Anistreplase,Aminocaproic acid,2
Anistreplase,Human thrombin,5
Anistreplase,Thrombin alfa,5
Anistreplase,Anti-inhibitor coagulant complex,5
Insulin human,Meprobamate,1
Insulin human,Levetiracetam,1
Insulin human,Insulin detemir,5
Insulin human,Zinc acetate,1
Insulin human,Felodipine,1
Insulin human,Azathioprine,1
Insulin human,Halothane,1
Insulin human,Ziconotide,1
Insulin human,Chromic chloride,3
Insulin human,Vigabatrin,1
Insulin human,Flavin mononucleotide,1
Insulin human,Nitrendipine,1
Insulin human,Thiopental,1
Insulin human,Topiramate,1
Insulin human,Isoflurane,1
Insulin human,Sevoflurane,1
Insulin human,Aspartic acid,1
Insulin human,Amlodipine,1
Insulin human,Eflornithine,1
Insulin human,Brigatinib,5
Insulin human,Gabapentin enacarbil,1
Insulin human,Zolpidem,1
Insulin human,Phenelzine,1
Insulin human,Glycine,1
Insulin human,Botulinum toxin type B,1
Insulin human,Quinidine barbiturate,1
Insulin human,Zinc chloride,1
Insulin human,Pyridoxal phosphate,1
Insulin human,Insulin beef,5
Insulin human,Insulin glargine,5
Insulin human,Methoxyflurane,1
Insulin human,Fostamatinib,4
Insulin human,Insulin pork,5
Insulin human,Pyruvic acid,1
Insulin human,Ethanol,1
Insulin human,Lamotrigine,1
Insulin human,Atropine,1
Insulin human,D-Serine,1
Insulin human,Nandrolone decanoate,2
Insulin human,Desflurane,1
Insulin human,Insulin aspart,5
Insulin human,Ascorbic acid,1
Insulin human,Insulin degludec,5
Insulin human,Talbutal,1
Insulin human,Vitamin E,1
Insulin human,Somatrem,2
Insulin human,Primidone,1
Insulin human,Glutamic acid,1
Insulin human,Eszopiclone,1
Insulin human,Verapamil,1
Insulin human,Isradipine,1
Insulin human,Pentobarbital,1
Insulin human,Gabapentin,1
Insulin human,Zinc,1
Insulin human,Zopiclone,1
Insulin human,Carisoprodol,1
Insulin human,Cannabidiol,1
Insulin human,Methylphenobarbital,1
Insulin human,Loperamide,1
Insulin human,Taurine,1
Insulin human,Ginkgo biloba,1
Insulin human,Mecasermin rinfabate,5
Insulin human,Mecasermin,5
Insulin human,Secobarbital,1
Insulin human,Enflurane,1
Insulin human,Butobarbital,1
Insulin human,Butalbital,1
Insulin human,Copper,1
Insulin human,Carboxymethylcellulose,1
Insulin human,"Zinc sulfate, unspecified form",1
Insulin human,Flumazenil,1
Insulin human,Sildenafil,1
Insulin human,Teprotumumab,2
Insulin human,Amobarbital,1
Insulin human,Valproic acid,1
Insulin human,Polyethylene glycol 400,1
Insulin human,Insulin glulisine,5
Insulin human,Insulin lispro,5
Insulin human,Lindane,1
Insulin human,Bepridil,1
Tenecteplase,Zinc chloride,5
Tenecteplase,Zinc acetate,5
Tenecteplase,Tranexamic acid,2
Tenecteplase,Ancrod,5
Tenecteplase,"Zinc sulfate, unspecified form",5
Tenecteplase,Copper,4
Tenecteplase,Streptokinase,2
Tenecteplase,Thrombin,5
Tenecteplase,Prothrombin,5
Tenecteplase,Aprotinin,2
Tenecteplase,Zinc,5
Tenecteplase,Aminocaproic acid,2
Tenecteplase,Human thrombin,5
Tenecteplase,Thrombin alfa,5
Tenecteplase,Anti-inhibitor coagulant complex,5
Menotropins,Corifollitropin alfa,1
Menotropins,Follitropin,1
Menotropins,Choriogonadotropin alfa,1
Menotropins,Urofollitropin,1
Desmopressin,Lypressin,3
Desmopressin,Terlipressin,3
Desmopressin,Conivaptan,3
Desmopressin,Vasopressin,3
Desmopressin,Atosiban,3
Desmopressin,Tolvaptan,3
Desmopressin,Demeclocycline,3
Coagulation factor VIIa Recombinant Human,Anisindione,2
Coagulation factor VIIa Recombinant Human,Edoxaban,2
Coagulation factor VIIa Recombinant Human,Moroctocog alfa,2
Coagulation factor VIIa Recombinant Human,Emicizumab,2
Coagulation factor VIIa Recombinant Human,Coagulation factor VII human,2
Coagulation factor VIIa Recombinant Human,Lonoctocog alfa,2
Coagulation factor VIIa Recombinant Human,Albutrepenonacog alfa,2
Coagulation factor VIIa Recombinant Human,Protein S human,2
Coagulation factor VIIa Recombinant Human,Glutamic acid,2
Coagulation factor VIIa Recombinant Human,Heparin,2
Coagulation factor VIIa Recombinant Human,Enoxaparin,2
Coagulation factor VIIa Recombinant Human,Bemiparin,2
Coagulation factor VIIa Recombinant Human,Betrixaban,2
Coagulation factor VIIa Recombinant Human,Nonacog beta pegol,3
Coagulation factor VIIa Recombinant Human,Coagulation Factor IX Human,5
Coagulation factor VIIa Recombinant Human,Protamine sulfate,2
Coagulation factor VIIa Recombinant Human,Apixaban,2
Coagulation factor VIIa Recombinant Human,Fondaparinux,2
Coagulation factor VIIa Recombinant Human,Menadione,2
Coagulation factor VIIa Recombinant Human,Turoctocog alfa,2
Coagulation factor VIIa Recombinant Human,Coagulation Factor IX (Recombinant),5
Coagulation factor VIIa Recombinant Human,Anti-inhibitor coagulant complex,3
Coagulation factor VIIa Recombinant Human,Antithrombin Alfa,2
Coagulation factor VIIa Recombinant Human,Phylloquinone,2
Coagulation factor VIIa Recombinant Human,Turoctocog alfa pegol,2
Coagulation factor VIIa Recombinant Human,Rivaroxaban,2
Coagulation factor VIIa Recombinant Human,Antihemophilic factor human,2
Coagulation factor VIIa Recombinant Human,Kappadione,5
Palifermin,Sitaxentan,1
Palifermin,Ganirelix,1
Palifermin,Erdafitinib,16
Palifermin,Teriflunomide,1
Palifermin,Glasdegib,1
Palifermin,Nafarelin,1
Palifermin,Regorafenib,16
Palifermin,Artenimol,1
Palifermin,Foreskin fibroblast (neonatal),10
Palifermin,Selpercatinib,16
Palifermin,Flavin mononucleotide,1
Palifermin,Futibatinib,16
Palifermin,Leflunomide,1
Palifermin,Lenvatinib,16
Palifermin,Atovaquone,1
Palifermin,Halcinonide,1
Palifermin,Infigratinib,16
Palifermin,Triptorelin,1
Palifermin,Pralsetinib,16
Palifermin,Pazopanib,1
Palifermin,Danazol,1
Palifermin,Copanlisib,1
Palifermin,Abarelix,1
Palifermin,Degarelix,1
Palifermin,Gestrinone,1
Palifermin,Histrelin,1
Palifermin,Linzagolix,1
Palifermin,Nintedanib,16
Palifermin,Foreskin keratinocyte (neonatal),10
Palifermin,Elagolix,1
Palifermin,Macitentan,1
Palifermin,Gonadorelin,1
Palifermin,Cetrorelix,1
Palifermin,Copper,1
Palifermin,Relugolix,1
Palifermin,Fostamatinib,16
Palifermin,Alpelisib,1
Palifermin,Heparin,16
Palifermin,Tamoxifen,1
Palifermin,Buserelin,1
Palifermin,Sonidegib,1
Palifermin,Acetylsalicylic acid,1
Palifermin,Fluocinonide,1
Palifermin,Ambrisentan,1
Palifermin,Tivozanib,8
Palifermin,Caffeine,1
Palifermin,Bosentan,1
Palifermin,Vismodegib,1
Palifermin,Pemigatinib,16
Palifermin,Sorafenib,8
Palifermin,Ponatinib,16
Aldesleukin,Duvelisib,1
Aldesleukin,Tremelimumab,1
Aldesleukin,Pentostatin,2
Aldesleukin,Acetylcysteine,1
Aldesleukin,Abatacept,1
Aldesleukin,Mosunetuzumab,1
Aldesleukin,Tofacitinib,2
Aldesleukin,Ipilimumab,1
Aldesleukin,Pazopanib,1
Aldesleukin,Catumaxomab,1
Aldesleukin,Baricitinib,2
Aldesleukin,Copanlisib,1
Aldesleukin,Cladribine,1
Aldesleukin,Dipyridamole,2
Aldesleukin,Mesalazine,1
Aldesleukin,Arsenic trioxide,1
Aldesleukin,Nintedanib,1
Aldesleukin,Teplizumab,1
Aldesleukin,Dasatinib,1
Aldesleukin,Blinatumomab,1
Aldesleukin,Fostamatinib,3
Aldesleukin,Acetylsalicylic acid,1
Aldesleukin,Muromonab,2
Aldesleukin,Didanosine,1
Aldesleukin,Streptozocin,1
Aldesleukin,Umbralisib,1
Aldesleukin,Abrocitinib,2
Aldesleukin,Zanubrutinib,3
Aldesleukin,Caffeine,2
Aldesleukin,Auranofin,1
Aldesleukin,Ponatinib,1
Aldesleukin,Basiliximab,3
Aldesleukin,Ruxolitinib,2
Aldesleukin,Idelalisib,1
Botulinum toxin type B,Meprobamate,1
Botulinum toxin type B,Levetiracetam,1
Botulinum toxin type B,Zinc acetate,1
Botulinum toxin type B,Felodipine,1
Botulinum toxin type B,Insulin detemir,1
Botulinum toxin type B,Azathioprine,1
Botulinum toxin type B,Halothane,1
Botulinum toxin type B,Ziconotide,1
Botulinum toxin type B,Vigabatrin,1
Botulinum toxin type B,Flavin mononucleotide,1
Botulinum toxin type B,Nitrendipine,1
Botulinum toxin type B,Thiopental,1
Botulinum toxin type B,Topiramate,1
Botulinum toxin type B,Isoflurane,1
Botulinum toxin type B,Sevoflurane,1
Botulinum toxin type B,Aspartic acid,1
Botulinum toxin type B,Amlodipine,1
Botulinum toxin type B,Eflornithine,1
Botulinum toxin type B,Brigatinib,1
Botulinum toxin type B,Gabapentin enacarbil,1
Botulinum toxin type B,Zolpidem,1
Botulinum toxin type B,Phenelzine,1
Botulinum toxin type B,Glycine,1
Botulinum toxin type B,Quinidine barbiturate,1
Botulinum toxin type B,Zinc chloride,1
Botulinum toxin type B,Pyridoxal phosphate,1
Botulinum toxin type B,Insulin beef,1
Botulinum toxin type B,Insulin glargine,1
Botulinum toxin type B,Methoxyflurane,1
Botulinum toxin type B,Fostamatinib,3
Botulinum toxin type B,Insulin pork,1
Botulinum toxin type B,Pyruvic acid,1
Botulinum toxin type B,Ethanol,1
Botulinum toxin type B,Lamotrigine,1
Botulinum toxin type B,Atropine,1
Botulinum toxin type B,D-Serine,1
Botulinum toxin type B,Nandrolone decanoate,1
Botulinum toxin type B,Desflurane,1
Botulinum toxin type B,Insulin aspart,1
Botulinum toxin type B,Ascorbic acid,1
Botulinum toxin type B,Insulin degludec,1
Botulinum toxin type B,Talbutal,1
Botulinum toxin type B,Vitamin E,1
Botulinum toxin type B,Somatrem,1
Botulinum toxin type B,Primidone,1
Botulinum toxin type B,Glutamic acid,1
Botulinum toxin type B,Eszopiclone,1
Botulinum toxin type B,Verapamil,1
Botulinum toxin type B,Isradipine,1
Botulinum toxin type B,Pentobarbital,1
Botulinum toxin type B,Gabapentin,1
Botulinum toxin type B,Zinc,1
Botulinum toxin type B,Zopiclone,1
Botulinum toxin type B,Carisoprodol,1
Botulinum toxin type B,Cannabidiol,1
Botulinum toxin type B,Methylphenobarbital,1
Botulinum toxin type B,Taurine,1
Botulinum toxin type B,Ginkgo biloba,1
Botulinum toxin type B,Mecasermin rinfabate,1
Botulinum toxin type B,Mecasermin,1
Botulinum toxin type B,Secobarbital,1
Botulinum toxin type B,Enflurane,1
Botulinum toxin type B,Butobarbital,1
Botulinum toxin type B,Butalbital,1
Botulinum toxin type B,Copper,1
Botulinum toxin type B,Carboxymethylcellulose,1
Botulinum toxin type B,"Zinc sulfate, unspecified form",1
Botulinum toxin type B,Flumazenil,1
Botulinum toxin type B,Sildenafil,1
Botulinum toxin type B,Teprotumumab,1
Botulinum toxin type B,Amobarbital,1
Botulinum toxin type B,Valproic acid,1
Botulinum toxin type B,Insulin glulisine,1
Botulinum toxin type B,Insulin lispro,1
Botulinum toxin type B,Lindane,1
Botulinum toxin type B,Bepridil,1
Insulin lispro,Meprobamate,1
Insulin lispro,Levetiracetam,1
Insulin lispro,Insulin detemir,5
Insulin lispro,Zinc acetate,1
Insulin lispro,Felodipine,1
Insulin lispro,Azathioprine,1
Insulin lispro,Halothane,1
Insulin lispro,Ziconotide,1
Insulin lispro,Chromic chloride,3
Insulin lispro,Vigabatrin,1
Insulin lispro,Flavin mononucleotide,1
Insulin lispro,Nitrendipine,1
Insulin lispro,Thiopental,1
Insulin lispro,Topiramate,1
Insulin lispro,Isoflurane,1
Insulin lispro,Sevoflurane,1
Insulin lispro,Aspartic acid,1
Insulin lispro,Amlodipine,1
Insulin lispro,Eflornithine,1
Insulin lispro,Brigatinib,5
Insulin lispro,Gabapentin enacarbil,1
Insulin lispro,Zolpidem,1
Insulin lispro,Phenelzine,1
Insulin lispro,Glycine,1
Insulin lispro,Quinidine barbiturate,1
Insulin lispro,Zinc chloride,1
Insulin lispro,Pyridoxal phosphate,1
Insulin lispro,Insulin beef,5
Insulin lispro,Insulin glargine,5
Insulin lispro,Methoxyflurane,1
Insulin lispro,Fostamatinib,4
Insulin lispro,Insulin pork,5
Insulin lispro,Pyruvic acid,1
Insulin lispro,Ethanol,1
Insulin lispro,Lamotrigine,1
Insulin lispro,Atropine,1
Insulin lispro,D-Serine,1
Insulin lispro,Nandrolone decanoate,2
Insulin lispro,Desflurane,1
Insulin lispro,Insulin aspart,5
Insulin lispro,Ascorbic acid,1
Insulin lispro,Insulin degludec,5
Insulin lispro,Talbutal,1
Insulin lispro,Vitamin E,1
Insulin lispro,Somatrem,2
Insulin lispro,Primidone,1
Insulin lispro,Glutamic acid,1
Insulin lispro,Eszopiclone,1
Insulin lispro,Verapamil,1
Insulin lispro,Isradipine,1
Insulin lispro,Pentobarbital,1
Insulin lispro,Gabapentin,1
Insulin lispro,Zinc,1
Insulin lispro,Zopiclone,1
Insulin lispro,Carisoprodol,1
Insulin lispro,Cannabidiol,1
Insulin lispro,Methylphenobarbital,1
Insulin lispro,Taurine,1
Insulin lispro,Ginkgo biloba,1
Insulin lispro,Mecasermin rinfabate,5
Insulin lispro,Mecasermin,5
Insulin lispro,Secobarbital,1
Insulin lispro,Enflurane,1
Insulin lispro,Butobarbital,1
Insulin lispro,Butalbital,1
Insulin lispro,Copper,1
Insulin lispro,Carboxymethylcellulose,1
Insulin lispro,"Zinc sulfate, unspecified form",1
Insulin lispro,Flumazenil,1
Insulin lispro,Sildenafil,1
Insulin lispro,Teprotumumab,2
Insulin lispro,Amobarbital,1
Insulin lispro,Valproic acid,1
Insulin lispro,Insulin glulisine,5
Insulin lispro,Lindane,1
Insulin lispro,Bepridil,1
Insulin glargine,Meprobamate,1
Insulin glargine,Levetiracetam,1
Insulin glargine,Insulin detemir,5
Insulin glargine,Zinc acetate,1
Insulin glargine,Felodipine,1
Insulin glargine,Azathioprine,1
Insulin glargine,Halothane,1
Insulin glargine,Ziconotide,1
Insulin glargine,Chromic chloride,3
Insulin glargine,Vigabatrin,1
Insulin glargine,Flavin mononucleotide,1
Insulin glargine,Nitrendipine,1
Insulin glargine,Thiopental,1
Insulin glargine,Topiramate,1
Insulin glargine,Isoflurane,1
Insulin glargine,Sevoflurane,1
Insulin glargine,Aspartic acid,1
Insulin glargine,Amlodipine,1
Insulin glargine,Eflornithine,1
Insulin glargine,Brigatinib,5
Insulin glargine,Gabapentin enacarbil,1
Insulin glargine,Zolpidem,1
Insulin glargine,Phenelzine,1
Insulin glargine,Glycine,1
Insulin glargine,Quinidine barbiturate,1
Insulin glargine,Zinc chloride,1
Insulin glargine,Pyridoxal phosphate,1
Insulin glargine,Insulin beef,5
Insulin glargine,Methoxyflurane,1
Insulin glargine,Fostamatinib,4
Insulin glargine,Insulin pork,5
Insulin glargine,Pyruvic acid,1
Insulin glargine,Ethanol,1
Insulin glargine,Lamotrigine,1
Insulin glargine,Atropine,1
Insulin glargine,D-Serine,1
Insulin glargine,Nandrolone decanoate,2
Insulin glargine,Desflurane,1
Insulin glargine,Insulin aspart,5
Insulin glargine,Ascorbic acid,1
Insulin glargine,Insulin degludec,5
Insulin glargine,Talbutal,1
Insulin glargine,Vitamin E,1
Insulin glargine,Somatrem,2
Insulin glargine,Primidone,1
Insulin glargine,Glutamic acid,1
Insulin glargine,Eszopiclone,1
Insulin glargine,Verapamil,1
Insulin glargine,Isradipine,1
Insulin glargine,Pentobarbital,1
Insulin glargine,Gabapentin,1
Insulin glargine,Zinc,1
Insulin glargine,Zopiclone,1
Insulin glargine,Carisoprodol,1
Insulin glargine,Cannabidiol,1
Insulin glargine,Methylphenobarbital,1
Insulin glargine,Taurine,1
Insulin glargine,Ginkgo biloba,1
Insulin glargine,Mecasermin rinfabate,5
Insulin glargine,Mecasermin,5
Insulin glargine,Secobarbital,1
Insulin glargine,Enflurane,1
Insulin glargine,Butobarbital,1
Insulin glargine,Butalbital,1
Insulin glargine,Copper,1
Insulin glargine,Carboxymethylcellulose,1
Insulin glargine,"Zinc sulfate, unspecified form",1
Insulin glargine,Flumazenil,1
Insulin glargine,Sildenafil,1
Insulin glargine,Teprotumumab,2
Insulin glargine,Amobarbital,1
Insulin glargine,Valproic acid,1
Insulin glargine,Insulin glulisine,5
Insulin glargine,Lindane,1
Insulin glargine,Bepridil,1
Collagenase clostridium histolyticum,Clove oil,2
Collagenase clostridium histolyticum,Zinc acetate,1
Collagenase clostridium histolyticum,Aducanumab,1
Collagenase clostridium histolyticum,Zinc chloride,1
Collagenase clostridium histolyticum,Foreskin keratinocyte (neonatal),2
Collagenase clostridium histolyticum,Deferoxamine,1
Collagenase clostridium histolyticum,Aluminium,1
Collagenase clostridium histolyticum,Carvedilol,1
Collagenase clostridium histolyticum,Ritodrine,1
Collagenase clostridium histolyticum,Dimercaprol,1
Collagenase clostridium histolyticum,Migalastat,1
Collagenase clostridium histolyticum,Aluminum acetate,1
Collagenase clostridium histolyticum,Foreskin fibroblast (neonatal),2
Collagenase clostridium histolyticum,Von Willebrand factor human,2
Collagenase clostridium histolyticum,Copper,1
Collagenase clostridium histolyticum,Flutemetamol (18F),1
Collagenase clostridium histolyticum,"Zinc sulfate, unspecified form",1
Collagenase clostridium histolyticum,Aluminium phosphate,1
Collagenase clostridium histolyticum,Florbetaben (18F),1
Collagenase clostridium histolyticum,Fostamatinib,2
Collagenase clostridium histolyticum,Vonicog alfa,2
Collagenase clostridium histolyticum,Tromethamine,1
Collagenase clostridium histolyticum,Zinc,1
Collagenase clostridium histolyticum,Florbetapir (18F),1
Cetrorelix,Ganirelix,1
Cetrorelix,Erdafitinib,1
Cetrorelix,Nafarelin,1
Cetrorelix,Regorafenib,1
Cetrorelix,Selpercatinib,1
Cetrorelix,Futibatinib,1
Cetrorelix,Lenvatinib,1
Cetrorelix,Triptorelin,1
Cetrorelix,Infigratinib,1
Cetrorelix,Pralsetinib,1
Cetrorelix,Danazol,1
Cetrorelix,Degarelix,1
Cetrorelix,Gestrinone,1
Cetrorelix,Histrelin,1
Cetrorelix,Linzagolix,1
Cetrorelix,Nintedanib,1
Cetrorelix,Elagolix,1
Cetrorelix,Gonadorelin,1
Cetrorelix,Copper,1
Cetrorelix,Relugolix,1
Cetrorelix,Fostamatinib,1
Cetrorelix,Pemigatinib,1
Cetrorelix,Heparin,1
Cetrorelix,Buserelin,1
Cetrorelix,Tivozanib,1
Cetrorelix,Abarelix,1
Cetrorelix,Sorafenib,1
Cetrorelix,Ponatinib,1
Abciximab,Ferric maltol,2
Abciximab,Eptifibatide,2
Abciximab,Levothyroxine,2
Abciximab,Tirofiban,2
Abciximab,Antithymocyte immunoglobulin (rabbit),2
Insulin glulisine,Meprobamate,1
Insulin glulisine,Levetiracetam,1
Insulin glulisine,Insulin detemir,5
Insulin glulisine,Zinc acetate,1
Insulin glulisine,Felodipine,1
Insulin glulisine,Azathioprine,1
Insulin glulisine,Halothane,1
Insulin glulisine,Ziconotide,1
Insulin glulisine,Chromic chloride,3
Insulin glulisine,Vigabatrin,1
Insulin glulisine,Flavin mononucleotide,1
Insulin glulisine,Nitrendipine,1
Insulin glulisine,Thiopental,1
Insulin glulisine,Topiramate,1
Insulin glulisine,Isoflurane,1
Insulin glulisine,Sevoflurane,1
Insulin glulisine,Aspartic acid,1
Insulin glulisine,Amlodipine,1
Insulin glulisine,Eflornithine,1
Insulin glulisine,Brigatinib,5
Insulin glulisine,Gabapentin enacarbil,1
Insulin glulisine,Zolpidem,1
Insulin glulisine,Phenelzine,1
Insulin glulisine,Glycine,1
Insulin glulisine,Quinidine barbiturate,1
Insulin glulisine,Zinc chloride,1
Insulin glulisine,Pyridoxal phosphate,1
Insulin glulisine,Insulin beef,5
Insulin glulisine,Methoxyflurane,1
Insulin glulisine,Fostamatinib,4
Insulin glulisine,Insulin pork,5
Insulin glulisine,Pyruvic acid,1
Insulin glulisine,Ethanol,1
Insulin glulisine,Lamotrigine,1
Insulin glulisine,Atropine,1
Insulin glulisine,D-Serine,1
Insulin glulisine,Nandrolone decanoate,2
Insulin glulisine,Desflurane,1
Insulin glulisine,Insulin aspart,5
Insulin glulisine,Ascorbic acid,1
Insulin glulisine,Insulin degludec,5
Insulin glulisine,Talbutal,1
Insulin glulisine,Vitamin E,1
Insulin glulisine,Somatrem,2
Insulin glulisine,Primidone,1
Insulin glulisine,Glutamic acid,1
Insulin glulisine,Eszopiclone,1
Insulin glulisine,Verapamil,1
Insulin glulisine,Isradipine,1
Insulin glulisine,Pentobarbital,1
Insulin glulisine,Gabapentin,1
Insulin glulisine,Zinc,1
Insulin glulisine,Zopiclone,1
Insulin glulisine,Carisoprodol,1
Insulin glulisine,Cannabidiol,1
Insulin glulisine,Methylphenobarbital,1
Insulin glulisine,Taurine,1
Insulin glulisine,Ginkgo biloba,1
Insulin glulisine,Mecasermin rinfabate,5
Insulin glulisine,Mecasermin,5
Insulin glulisine,Secobarbital,1
Insulin glulisine,Enflurane,1
Insulin glulisine,Butobarbital,1
Insulin glulisine,Butalbital,1
Insulin glulisine,Copper,1
Insulin glulisine,Carboxymethylcellulose,1
Insulin glulisine,"Zinc sulfate, unspecified form",1
Insulin glulisine,Flumazenil,1
Insulin glulisine,Sildenafil,1
Insulin glulisine,Teprotumumab,2
Insulin glulisine,Amobarbital,1
Insulin glulisine,Valproic acid,1
Insulin glulisine,Lindane,1
Insulin glulisine,Bepridil,1
Drotrecogin alfa,Sodium tetradecyl sulfate,3
Drotrecogin alfa,Zinc acetate,2
Drotrecogin alfa,Calcium Phosphate,1
Drotrecogin alfa,Artenimol,1
Drotrecogin alfa,Diethylstilbestrol,1
Drotrecogin alfa,Calcium phosphate dihydrate,1
Drotrecogin alfa,Von Willebrand factor human,2
Drotrecogin alfa,Enoxaparin,2
Drotrecogin alfa,Nonacog beta pegol,2
Drotrecogin alfa,Thrombin,4
Drotrecogin alfa,Ezogabine,1
Drotrecogin alfa,Calcium citrate,1
Drotrecogin alfa,Zinc,2
Drotrecogin alfa,Flavone,1
Drotrecogin alfa,Human thrombin,4
Drotrecogin alfa,Conestat alfa,2
Drotrecogin alfa,Thrombin alfa,4
Drotrecogin alfa,Protein C,4
Drotrecogin alfa,Anti-inhibitor coagulant complex,6
Drotrecogin alfa,Coagulation Factor IX (Recombinant),4
Drotrecogin alfa,Turoctocog alfa pegol,2
Drotrecogin alfa,Kappadione,5
Drotrecogin alfa,Dabigatran etexilate,2
Drotrecogin alfa,Human C1-esterase inhibitor,2
Drotrecogin alfa,Protein S human,2
Drotrecogin alfa,Copper,3
Drotrecogin alfa,Fostamatinib,1
Drotrecogin alfa,Vonicog alfa,2
Drotrecogin alfa,Heparin,1
Drotrecogin alfa,Coagulation Factor IX Human,4
Drotrecogin alfa,Damoctocog alfa pegol,2
Drotrecogin alfa,Menadione,5
Drotrecogin alfa,Thrombomodulin Alfa,4
Drotrecogin alfa,Rurioctocog alfa pegol,2
Drotrecogin alfa,Turoctocog alfa,2
Drotrecogin alfa,Valproic acid,1
Drotrecogin alfa,Antithrombin Alfa,2
Drotrecogin alfa,Argatroban,2
Drotrecogin alfa,Proflavine,2
Drotrecogin alfa,Ximelagatran,2
Gemtuzumab ozogamicin,Benralizumab,1
Gemtuzumab ozogamicin,Catumaxomab,1
Gemtuzumab ozogamicin,Alemtuzumab,1
Gemtuzumab ozogamicin,Alefacept,1
Gemtuzumab ozogamicin,Sarilumab,1
Gemtuzumab ozogamicin,Bevacizumab,1
Gemtuzumab ozogamicin,Palivizumab,1
Gemtuzumab ozogamicin,Amivantamab,1
Alpha-1-proteinase inhibitor,Ibalizumab,1
Alpha-1-proteinase inhibitor,Lipegfilgrastim,1
Alpha-1-proteinase inhibitor,Filgrastim,1
Alpha-1-proteinase inhibitor,Lenograstim,1
Alpha-1-proteinase inhibitor,Plerixafor,1
Alpha-1-proteinase inhibitor,Framycetin,1
Alpha-1-proteinase inhibitor,Eflapegrastim,1
Alpha-1-proteinase inhibitor,Baclofen,1
Eptifibatide,Ferric maltol,2
Eptifibatide,Levothyroxine,2
Eptifibatide,Tirofiban,2
Eptifibatide,Antithymocyte immunoglobulin (rabbit),2
Follitropin,Choriogonadotropin alfa,1
Follitropin,Corifollitropin alfa,1
Follitropin,Urofollitropin,1
Vasopressin,Lypressin,3
Vasopressin,Terlipressin,3
Vasopressin,Conivaptan,3
Vasopressin,Atosiban,3
Vasopressin,Tolvaptan,3
Vasopressin,Demeclocycline,3
Hyaluronidase (ovine),Foreskin keratinocyte (neonatal),1
Hyaluronidase (ovine),Hyaluronidase (human recombinant),1
Hyaluronidase (ovine),Foreskin fibroblast (neonatal),1
Hyaluronidase (ovine),Hyaluronidase,1
Hyaluronidase (ovine),Terazosin,1
Insulin pork,Meprobamate,1
Insulin pork,Levetiracetam,1
Insulin pork,Insulin detemir,5
Insulin pork,Zinc acetate,1
Insulin pork,Felodipine,1
Insulin pork,Azathioprine,1
Insulin pork,Halothane,1
Insulin pork,Ziconotide,1
Insulin pork,Chromic chloride,3
Insulin pork,Vigabatrin,1
Insulin pork,Flavin mononucleotide,1
Insulin pork,Nitrendipine,1
Insulin pork,Thiopental,1
Insulin pork,Topiramate,1
Insulin pork,Isoflurane,1
Insulin pork,Sevoflurane,1
Insulin pork,Aspartic acid,1
Insulin pork,Amlodipine,1
Insulin pork,Eflornithine,1
Insulin pork,Brigatinib,5
Insulin pork,Gabapentin enacarbil,1
Insulin pork,Zolpidem,1
Insulin pork,Phenelzine,1
Insulin pork,Glycine,1
Insulin pork,Quinidine barbiturate,1
Insulin pork,Zinc chloride,1
Insulin pork,Pyridoxal phosphate,1
Insulin pork,Insulin beef,5
Insulin pork,Methoxyflurane,1
Insulin pork,Fostamatinib,4
Insulin pork,Pyruvic acid,1
Insulin pork,Ethanol,1
Insulin pork,Lamotrigine,1
Insulin pork,Atropine,1
Insulin pork,D-Serine,1
Insulin pork,Nandrolone decanoate,2
Insulin pork,Desflurane,1
Insulin pork,Insulin aspart,5
Insulin pork,Ascorbic acid,1
Insulin pork,Insulin degludec,5
Insulin pork,Talbutal,1
Insulin pork,Vitamin E,1
Insulin pork,Somatrem,2
Insulin pork,Primidone,1
Insulin pork,Glutamic acid,1
Insulin pork,Eszopiclone,1
Insulin pork,Verapamil,1
Insulin pork,Isradipine,1
Insulin pork,Pentobarbital,1
Insulin pork,Gabapentin,1
Insulin pork,Zinc,1
Insulin pork,Zopiclone,1
Insulin pork,Carisoprodol,1
Insulin pork,Cannabidiol,1
Insulin pork,Methylphenobarbital,1
Insulin pork,Taurine,1
Insulin pork,Ginkgo biloba,1
Insulin pork,Mecasermin rinfabate,5
Insulin pork,Mecasermin,5
Insulin pork,Secobarbital,1
Insulin pork,Enflurane,1
Insulin pork,Butobarbital,1
Insulin pork,Butalbital,1
Insulin pork,Copper,1
Insulin pork,Carboxymethylcellulose,1
Insulin pork,"Zinc sulfate, unspecified form",1
Insulin pork,Flumazenil,1
Insulin pork,Sildenafil,1
Insulin pork,Teprotumumab,2
Insulin pork,Amobarbital,1
Insulin pork,Valproic acid,1
Insulin pork,Lindane,1
Insulin pork,Bepridil,1
Basiliximab,Duvelisib,1
Basiliximab,Tremelimumab,1
Basiliximab,Pentostatin,1
Basiliximab,Acetylcysteine,1
Basiliximab,Abatacept,1
Basiliximab,Tofacitinib,1
Basiliximab,Ipilimumab,1
Basiliximab,Pazopanib,1
Basiliximab,Baricitinib,1
Basiliximab,Copanlisib,1
Basiliximab,Cladribine,1
Basiliximab,Dipyridamole,1
Basiliximab,Mesalazine,1
Basiliximab,Arsenic trioxide,1
Basiliximab,Nintedanib,1
Basiliximab,Dasatinib,1
Basiliximab,Fostamatinib,2
Basiliximab,Acetylsalicylic acid,1
Basiliximab,Muromonab,1
Basiliximab,Didanosine,1
Basiliximab,Streptozocin,1
Basiliximab,Umbralisib,1
Basiliximab,Abrocitinib,1
Basiliximab,Zanubrutinib,2
Basiliximab,Caffeine,1
Basiliximab,Auranofin,1
Basiliximab,Ponatinib,1
Basiliximab,Ruxolitinib,1
Basiliximab,Idelalisib,1
Muromonab,Duvelisib,1
Muromonab,Tremelimumab,1
Muromonab,Pentostatin,1
Muromonab,Acetylcysteine,1
Muromonab,Mosunetuzumab,2
Muromonab,Abatacept,1
Muromonab,Tofacitinib,1
Muromonab,Ipilimumab,1
Muromonab,Pazopanib,1
Muromonab,Catumaxomab,2
Muromonab,Baricitinib,1
Muromonab,Copanlisib,1
Muromonab,Cladribine,1
Muromonab,Dipyridamole,1
Muromonab,Mesalazine,1
Muromonab,Arsenic trioxide,1
Muromonab,Nintedanib,1
Muromonab,Teplizumab,2
Muromonab,Blinatumomab,2
Muromonab,Dasatinib,1
Muromonab,Fostamatinib,2
Muromonab,Acetylsalicylic acid,1
Muromonab,Didanosine,1
Muromonab,Umbralisib,1
Muromonab,Abrocitinib,1
Muromonab,Zanubrutinib,2
Muromonab,Caffeine,2
Muromonab,Auranofin,1
Muromonab,Ponatinib,1
Muromonab,Ruxolitinib,1
Muromonab,Idelalisib,1
Botulinum toxin type A,Letibotulinumtoxina,1
Streptokinase,Aprotinin,2
Streptokinase,Aminocaproic acid,2
Streptokinase,Tranexamic acid,2
Streptokinase,Copper,2
Alemtuzumab,Benralizumab,1
Alemtuzumab,Catumaxomab,1
Alemtuzumab,Alefacept,1
Alemtuzumab,Sarilumab,1
Alemtuzumab,Bevacizumab,1
Alemtuzumab,Palivizumab,1
Alemtuzumab,Amivantamab,1
Ademetionine,Pyridoxal phosphate,1
Ademetionine,Cysteine,1
Ecallantide,Lanadelumab,1
Ecallantide,Zinc chloride,1
Ecallantide,Zinc acetate,1
Ecallantide,Human C1-esterase inhibitor,1
Ecallantide,Zinc,1
Ecallantide,Berotralstat,1
Ecallantide,Conestat alfa,1
Ecallantide,"Zinc sulfate, unspecified form",1
Alefacept,Benralizumab,1
Alefacept,Catumaxomab,1
Alefacept,Sarilumab,1
Alefacept,Bevacizumab,1
Alefacept,Palivizumab,1
Alefacept,Amivantamab,1
Urofollitropin,Corifollitropin alfa,1
Urofollitropin,Choriogonadotropin alfa,1
Choriogonadotropin alfa,Corifollitropin alfa,1
Antithymocyte immunoglobulin (rabbit),Ferric maltol,2
Antithymocyte immunoglobulin (rabbit),Levothyroxine,2
Antithymocyte immunoglobulin (rabbit),Tirofiban,2
Filgrastim,Ibalizumab,1
Filgrastim,Lipegfilgrastim,2
Filgrastim,Lenograstim,2
Filgrastim,Plerixafor,1
Filgrastim,Framycetin,1
Filgrastim,Eflapegrastim,2
Filgrastim,Baclofen,1
Coagulation Factor IX (Recombinant),Anisindione,2
Coagulation Factor IX (Recombinant),Moroctocog alfa,2
Coagulation Factor IX (Recombinant),Zinc acetate,2
Coagulation Factor IX (Recombinant),Emicizumab,2
Coagulation Factor IX (Recombinant),Coagulation factor VII human,2
Coagulation Factor IX (Recombinant),Lonoctocog alfa,2
Coagulation Factor IX (Recombinant),Von Willebrand factor human,2
Coagulation Factor IX (Recombinant),Glutamic acid,2
Coagulation Factor IX (Recombinant),Enoxaparin,4
Coagulation Factor IX (Recombinant),Bemiparin,2
Coagulation Factor IX (Recombinant),Nonacog beta pegol,5
Coagulation Factor IX (Recombinant),Thrombin,3
Coagulation Factor IX (Recombinant),Zinc,2
Coagulation Factor IX (Recombinant),Human thrombin,3
Coagulation Factor IX (Recombinant),Conestat alfa,3
Coagulation Factor IX (Recombinant),Protein C,2
Coagulation Factor IX (Recombinant),Thrombin alfa,2
Coagulation Factor IX (Recombinant),Anti-inhibitor coagulant complex,7
Coagulation Factor IX (Recombinant),Turoctocog alfa pegol,4
Coagulation Factor IX (Recombinant),Kappadione,7
Coagulation Factor IX (Recombinant),Albutrepenonacog alfa,2
Coagulation Factor IX (Recombinant),Dabigatran etexilate,2
Coagulation Factor IX (Recombinant),Edoxaban,2
Coagulation Factor IX (Recombinant),Zinc chloride,1
Coagulation Factor IX (Recombinant),Human C1-esterase inhibitor,3
Coagulation Factor IX (Recombinant),Protein S human,2
Coagulation Factor IX (Recombinant),Copper,2
Coagulation Factor IX (Recombinant),"Zinc sulfate, unspecified form",1
Coagulation Factor IX (Recombinant),Vonicog alfa,2
Coagulation Factor IX (Recombinant),Heparin,2
Coagulation Factor IX (Recombinant),Betrixaban,2
Coagulation Factor IX (Recombinant),Coagulation Factor IX Human,10
Coagulation Factor IX (Recombinant),Damoctocog alfa pegol,2
Coagulation Factor IX (Recombinant),Protamine sulfate,2
Coagulation Factor IX (Recombinant),Apixaban,2
Coagulation Factor IX (Recombinant),Menadione,4
Coagulation Factor IX (Recombinant),Thrombomodulin Alfa,2
Coagulation Factor IX (Recombinant),Rurioctocog alfa pegol,2
Coagulation Factor IX (Recombinant),Turoctocog alfa,4
Coagulation Factor IX (Recombinant),Antithrombin Alfa,4
Coagulation Factor IX (Recombinant),Rivaroxaban,2
Coagulation Factor IX (Recombinant),Antihemophilic factor human,2
Coagulation Factor IX (Recombinant),Phylloquinone,2
Coagulation Factor IX (Recombinant),Argatroban,2
Coagulation Factor IX (Recombinant),Proflavine,2
Coagulation Factor IX (Recombinant),Fondaparinux,2
Coagulation Factor IX (Recombinant),Ximelagatran,2
Becaplermin,Nilotinib,1
Becaplermin,Erdafitinib,7
Becaplermin,Nintedanib,7
Becaplermin,Foreskin keratinocyte (neonatal),1
Becaplermin,Ancestim,1
Becaplermin,Midostaurin,7
Becaplermin,Regorafenib,7
Becaplermin,Sunitinib,7
Becaplermin,Foreskin fibroblast (neonatal),6
Becaplermin,Dasatinib,7
Becaplermin,Imatinib,7
Becaplermin,Fostamatinib,7
Becaplermin,Lenvatinib,1
Becaplermin,Olaratumab,1
Becaplermin,Pralsetinib,6
Becaplermin,Pazopanib,7
Becaplermin,Tivozanib,7
Becaplermin,Ripretinib,7
Becaplermin,Avapritinib,1
Becaplermin,Pexidartinib,7
Becaplermin,Sorafenib,7
Becaplermin,Ponatinib,1
Abarelix,Ganirelix,1
Abarelix,Erdafitinib,1
Abarelix,Nafarelin,1
Abarelix,Regorafenib,1
Abarelix,Selpercatinib,1
Abarelix,Futibatinib,1
Abarelix,Lenvatinib,1
Abarelix,Triptorelin,1
Abarelix,Infigratinib,1
Abarelix,Pralsetinib,1
Abarelix,Danazol,1
Abarelix,Degarelix,1
Abarelix,Gestrinone,1
Abarelix,Histrelin,1
Abarelix,Linzagolix,1
Abarelix,Nintedanib,1
Abarelix,Elagolix,1
Abarelix,Gonadorelin,1
Abarelix,Copper,1
Abarelix,Relugolix,1
Abarelix,Fostamatinib,1
Abarelix,Pemigatinib,1
Abarelix,Heparin,1
Abarelix,Buserelin,1
Abarelix,Tivozanib,1
Abarelix,Sorafenib,1
Abarelix,Ponatinib,1
Palivizumab,Benralizumab,1
Palivizumab,Zinc chloride,3
Palivizumab,Zinc acetate,3
Palivizumab,Human C1-esterase inhibitor,2
Palivizumab,Sarilumab,1
Palivizumab,Copper,2
Palivizumab,"Zinc sulfate, unspecified form",3
Palivizumab,Sutimlimab,1
Palivizumab,Catumaxomab,1
Palivizumab,Zinc,3
Palivizumab,Conestat alfa,2
Palivizumab,Bevacizumab,3
Palivizumab,Amivantamab,1
Bevacizumab,Benralizumab,1
Bevacizumab,Zinc chloride,2
Bevacizumab,Zinc acetate,2
Bevacizumab,Human C1-esterase inhibitor,1
Bevacizumab,Sarilumab,1
Bevacizumab,Copper,2
Bevacizumab,"Zinc sulfate, unspecified form",2
Bevacizumab,Sutimlimab,1
Bevacizumab,Catumaxomab,1
Bevacizumab,Zinc,2
Bevacizumab,Conestat alfa,1
Bevacizumab,Amivantamab,1
Pyridoxal phosphate,Levetiracetam,1
Pyridoxal phosphate,Zinc acetate,3
Pyridoxal phosphate,Felodipine,1
Pyridoxal phosphate,Insulin detemir,1
Pyridoxal phosphate,Azathioprine,1
Pyridoxal phosphate,Liotrix,1
Pyridoxal phosphate,Voxelotor,1
Pyridoxal phosphate,Halothane,1
Pyridoxal phosphate,Artenimol,1
Pyridoxal phosphate,Regorafenib,1
Pyridoxal phosphate,Cysteine,4
Pyridoxal phosphate,Ziconotide,1
Pyridoxal phosphate,Vigabatrin,1
Pyridoxal phosphate,Flavin mononucleotide,1
Pyridoxal phosphate,Selpercatinib,1
Pyridoxal phosphate,Nitrendipine,1
Pyridoxal phosphate,Thiopental,1
Pyridoxal phosphate,Topiramate,2
Pyridoxal phosphate,Isoflurane,1
Pyridoxal phosphate,Sevoflurane,1
Pyridoxal phosphate,Aspartic acid,1
Pyridoxal phosphate,Amlodipine,1
Pyridoxal phosphate,Eflornithine,4
Pyridoxal phosphate,Brigatinib,1
Pyridoxal phosphate,Sodium ferric gluconate complex,1
Pyridoxal phosphate,Pazopanib,1
Pyridoxal phosphate,Gabapentin enacarbil,1
Pyridoxal phosphate,Methyldopa,1
Pyridoxal phosphate,Zolpidem,1
Pyridoxal phosphate,Phenelzine,2
Pyridoxal phosphate,Ferric derisomaltose,1
Pyridoxal phosphate,Glycine,5
Pyridoxal phosphate,Ornithine,1
Pyridoxal phosphate,Dronedarone,1
Pyridoxal phosphate,Ferrous succinate,1
Pyridoxal phosphate,Quinidine barbiturate,1
Pyridoxal phosphate,Nintedanib,1
Pyridoxal phosphate,Zinc chloride,3
Pyridoxal phosphate,Nitrous acid,1
Pyridoxal phosphate,Sunitinib,1
Pyridoxal phosphate,Insulin beef,1
Pyridoxal phosphate,Methoxyflurane,1
Pyridoxal phosphate,Phenylalanine,1
Pyridoxal phosphate,Fostamatinib,4
Pyridoxal phosphate,Levothyroxine,1
Pyridoxal phosphate,Ferric pyrophosphate citrate,1
Pyridoxal phosphate,Pyruvic acid,1
Pyridoxal phosphate,Ethanol,1
Pyridoxal phosphate,Tivozanib,1
Pyridoxal phosphate,Ambrisentan,1
Pyridoxal phosphate,NADH,2
Pyridoxal phosphate,Bosentan,1
Pyridoxal phosphate,Lamotrigine,2
Pyridoxal phosphate,D-Serine,1
Pyridoxal phosphate,Atropine,1
Pyridoxal phosphate,Nandrolone decanoate,1
Pyridoxal phosphate,Ferrous glycine sulfate,1
Pyridoxal phosphate,Tyrosine,1
Pyridoxal phosphate,Sitaxentan,1
Pyridoxal phosphate,Desflurane,1
Pyridoxal phosphate,Insulin aspart,1
Pyridoxal phosphate,Carbidopa,1
Pyridoxal phosphate,Ascorbic acid,1
Pyridoxal phosphate,Insulin degludec,1
Pyridoxal phosphate,Celecoxib,1
Pyridoxal phosphate,Talbutal,1
Pyridoxal phosphate,Vitamin E,1
Pyridoxal phosphate,Somatrem,1
Pyridoxal phosphate,Primidone,1
Pyridoxal phosphate,Ferrous ascorbate,1
Pyridoxal phosphate,Glutamic acid,6
Pyridoxal phosphate,Lenvatinib,1
Pyridoxal phosphate,Eszopiclone,1
Pyridoxal phosphate,Verapamil,1
Pyridoxal phosphate,Ferrous sulfate anhydrous,1
Pyridoxal phosphate,Isradipine,1
Pyridoxal phosphate,Pentobarbital,1
Pyridoxal phosphate,Gabapentin,1
Pyridoxal phosphate,Zinc,3
Pyridoxal phosphate,Zopiclone,1
Pyridoxal phosphate,Carisoprodol,1
Pyridoxal phosphate,Oseltamivir,1
Pyridoxal phosphate,Pentaerythritol tetranitrate,1
Pyridoxal phosphate,Cannabidiol,1
Pyridoxal phosphate,Methylphenobarbital,1
Pyridoxal phosphate,Taurine,1
Pyridoxal phosphate,Liothyronine,1
Pyridoxal phosphate,Ginkgo biloba,1
Pyridoxal phosphate,Mecasermin rinfabate,1
Pyridoxal phosphate,Mecasermin,1
Pyridoxal phosphate,Secobarbital,1
Pyridoxal phosphate,Enflurane,1
Pyridoxal phosphate,Macitentan,1
Pyridoxal phosphate,Butobarbital,1
Pyridoxal phosphate,Butalbital,1
Pyridoxal phosphate,Copper,2
Pyridoxal phosphate,"Zinc sulfate, unspecified form",3
Pyridoxal phosphate,Axitinib,1
Pyridoxal phosphate,Flumazenil,1
Pyridoxal phosphate,Carboxymethylcellulose,1
Pyridoxal phosphate,Sildenafil,4
Pyridoxal phosphate,Iron,1
Pyridoxal phosphate,Acetylsalicylic acid,2
Pyridoxal phosphate,Teprotumumab,1
Pyridoxal phosphate,"Thyroid, porcine",1
Pyridoxal phosphate,Ferrous fumarate,1
Pyridoxal phosphate,Amobarbital,1
Pyridoxal phosphate,Valproic acid,4
Pyridoxal phosphate,Benserazide,1
Pyridoxal phosphate,Dextrothyroxine,1
Pyridoxal phosphate,Ferrous gluconate,1
Pyridoxal phosphate,Meprobamate,1
Pyridoxal phosphate,Iron Dextran,1
Pyridoxal phosphate,Sorafenib,1
Pyridoxal phosphate,Lindane,1
Pyridoxal phosphate,Bepridil,1
Cyanocobalamin,Methionine,2
Cyanocobalamin,Biotin,1
Cyanocobalamin,Levocarnitine,1
Cyanocobalamin,Valine,1
Cyanocobalamin,Perhexiline,1
Cyanocobalamin,Mecobalamin,1
Cyanocobalamin,Thimerosal,1
Cyanocobalamin,Hydroxocobalamin,6
Pyruvic acid,Meprobamate,1
Pyruvic acid,Levetiracetam,1
Pyruvic acid,Zinc acetate,1
Pyruvic acid,Felodipine,1
Pyruvic acid,Insulin detemir,1
Pyruvic acid,Azathioprine,1
Pyruvic acid,Halothane,1
Pyruvic acid,Ziconotide,1
Pyruvic acid,Vigabatrin,1
Pyruvic acid,Flavin mononucleotide,1
Pyruvic acid,Nitrendipine,1
Pyruvic acid,Thiopental,1
Pyruvic acid,Topiramate,1
Pyruvic acid,Isoflurane,1
Pyruvic acid,Sevoflurane,1
Pyruvic acid,Aspartic acid,1
Pyruvic acid,Amlodipine,1
Pyruvic acid,Eflornithine,1
Pyruvic acid,Brigatinib,1
Pyruvic acid,Gabapentin enacarbil,1
Pyruvic acid,Zolpidem,1
Pyruvic acid,Phenelzine,1
Pyruvic acid,Glycine,1
Pyruvic acid,Quinidine barbiturate,1
Pyruvic acid,Zinc chloride,1
Pyruvic acid,Insulin beef,1
Pyruvic acid,Methoxyflurane,1
Pyruvic acid,Fostamatinib,1
Pyruvic acid,Ethanol,1
Pyruvic acid,Lamotrigine,1
Pyruvic acid,NADH,1
Pyruvic acid,Atropine,1
Pyruvic acid,D-Serine,1
Pyruvic acid,Nandrolone decanoate,1
Pyruvic acid,Desflurane,1
Pyruvic acid,Insulin aspart,1
Pyruvic acid,Ascorbic acid,1
Pyruvic acid,Insulin degludec,1
Pyruvic acid,Talbutal,1
Pyruvic acid,Vitamin E,1
Pyruvic acid,Somatrem,1
Pyruvic acid,Primidone,1
Pyruvic acid,Glutamic acid,1
Pyruvic acid,Eszopiclone,1
Pyruvic acid,Verapamil,1
Pyruvic acid,Isradipine,1
Pyruvic acid,Pentobarbital,1
Pyruvic acid,Gabapentin,1
Pyruvic acid,Zinc,1
Pyruvic acid,Zopiclone,1
Pyruvic acid,Carisoprodol,1
Pyruvic acid,Cannabidiol,1
Pyruvic acid,Mitapivat,1
Pyruvic acid,Methylphenobarbital,1
Pyruvic acid,Taurine,1
Pyruvic acid,Ginkgo biloba,1
Pyruvic acid,Mecasermin rinfabate,1
Pyruvic acid,Mecasermin,1
Pyruvic acid,Secobarbital,1
Pyruvic acid,Enflurane,1
Pyruvic acid,Butobarbital,1
Pyruvic acid,Butalbital,1
Pyruvic acid,Copper,1
Pyruvic acid,Carboxymethylcellulose,1
Pyruvic acid,"Zinc sulfate, unspecified form",1
Pyruvic acid,Flumazenil,1
Pyruvic acid,Sildenafil,1
Pyruvic acid,Teprotumumab,1
Pyruvic acid,Amobarbital,1
Pyruvic acid,Valproic acid,1
Pyruvic acid,Lindane,1
Pyruvic acid,Bepridil,1
Phenylalanine,Flavin adenine dinucleotide,7
Phenylalanine,Metyrosine,1
Phenylalanine,Ubidecarenone,7
Phenylalanine,Droxidopa,1
Phenylalanine,NADH,7
Phenylalanine,Norepinephrine,1
Phenylalanine,Sapropterin,2
Phenylalanine,Glutamic acid,1
Phenylalanine,Tyrosine,2
Phenylalanine,Carboxin,7
Biotin,Valine,2
Biotin,Levocarnitine,1
Biotin,Perhexiline,1
Biotin,Hydroxocobalamin,1
Choline,Choline salicylate,1
Ascorbic acid,Dopamine,1
Ascorbic acid,Erdafitinib,1
Ascorbic acid,Levetiracetam,1
Ascorbic acid,Meprobamate,1
Ascorbic acid,Zinc acetate,3
Ascorbic acid,Felodipine,1
Ascorbic acid,Nicotine,1
Ascorbic acid,Insulin detemir,1
Ascorbic acid,Azathioprine,1
Ascorbic acid,Halothane,1
Ascorbic acid,Regorafenib,1
Ascorbic acid,Ziconotide,1
Ascorbic acid,Artenimol,1
Ascorbic acid,Calcium phosphate dihydrate,1
Ascorbic acid,Vigabatrin,1
Ascorbic acid,Flavin mononucleotide,1
Ascorbic acid,Disulfiram,1
Ascorbic acid,Selpercatinib,1
Ascorbic acid,Nitrendipine,1
Ascorbic acid,Thiopental,1
Ascorbic acid,Topiramate,1
Ascorbic acid,Isoflurane,1
Ascorbic acid,Carboxin,1
Ascorbic acid,Sevoflurane,1
Ascorbic acid,Aspartic acid,1
Ascorbic acid,Amlodipine,1
Ascorbic acid,Eflornithine,1
Ascorbic acid,Pentolinium,1
Ascorbic acid,Brigatinib,1
Ascorbic acid,Gabapentin enacarbil,1
Ascorbic acid,Amantadine,1
Ascorbic acid,Zolpidem,1
Ascorbic acid,Calcium citrate,1
Ascorbic acid,Phenelzine,1
Ascorbic acid,Ubidecarenone,1
Ascorbic acid,Glycine,1
Ascorbic acid,Ferrous succinate,6
Ascorbic acid,Quinidine barbiturate,1
Ascorbic acid,Zinc chloride,3
Ascorbic acid,Insulin beef,1
Ascorbic acid,Methoxyflurane,1
Ascorbic acid,Imatinib,1
Ascorbic acid,Fostamatinib,2
Ascorbic acid,Vandetanib,1
Ascorbic acid,Levacetylmethadol,1
Ascorbic acid,Ribostamycin,1
Ascorbic acid,Bupropion,1
Ascorbic acid,Ethanol,2
Ascorbic acid,Lamotrigine,1
Ascorbic acid,Atropine,1
Ascorbic acid,D-Serine,1
Ascorbic acid,Nandrolone decanoate,1
Ascorbic acid,Ponatinib,1
Ascorbic acid,Desflurane,1
Ascorbic acid,Insulin aspart,1
Ascorbic acid,Methadone,1
Ascorbic acid,Calcium Phosphate,1
Ascorbic acid,Insulin degludec,1
Ascorbic acid,Cabozantinib,1
Ascorbic acid,Talbutal,1
Ascorbic acid,Vitamin E,1
Ascorbic acid,Somatrem,1
Ascorbic acid,Levamisole,1
Ascorbic acid,Primidone,1
Ascorbic acid,Roxadustat,6
Ascorbic acid,Ferrous ascorbate,6
Ascorbic acid,Glutamic acid,1
Ascorbic acid,Eszopiclone,1
Ascorbic acid,Lenvatinib,1
Ascorbic acid,Verapamil,1
Ascorbic acid,Isradipine,1
Ascorbic acid,Pralsetinib,1
Ascorbic acid,Pentobarbital,1
Ascorbic acid,Gabapentin,1
Ascorbic acid,Zinc,3
Ascorbic acid,Zopiclone,1
Ascorbic acid,Carisoprodol,1
Ascorbic acid,Hexachlorophene,3
Ascorbic acid,Cannabidiol,1
Ascorbic acid,Methylphenobarbital,1
Ascorbic acid,Taurine,1
Ascorbic acid,Ginkgo biloba,1
Ascorbic acid,Mecasermin rinfabate,1
Ascorbic acid,Mecasermin,1
Ascorbic acid,Dextromethorphan,1
Ascorbic acid,Secobarbital,1
Ascorbic acid,Enflurane,1
Ascorbic acid,Butobarbital,1
Ascorbic acid,Butalbital,1
Ascorbic acid,Copper,2
Ascorbic acid,"Zinc sulfate, unspecified form",3
Ascorbic acid,Carboxymethylcellulose,1
Ascorbic acid,Flumazenil,1
Ascorbic acid,Sildenafil,1
Ascorbic acid,Iron,6
Ascorbic acid,Acetylsalicylic acid,1
Ascorbic acid,Teprotumumab,1
Ascorbic acid,Belzutifan,1
Ascorbic acid,Fluoxetine,1
Ascorbic acid,Varenicline,1
Ascorbic acid,Ferrous fumarate,6
Ascorbic acid,Amobarbital,1
Ascorbic acid,Valproic acid,1
Ascorbic acid,Ferrous gluconate,6
Ascorbic acid,Ferrous glycine sulfate,6
Ascorbic acid,Sorafenib,1
Ascorbic acid,Lindane,1
Ascorbic acid,Bepridil,1
Aspartic acid,Meprobamate,1
Aspartic acid,Levetiracetam,1
Aspartic acid,Zinc acetate,2
Aspartic acid,Felodipine,1
Aspartic acid,Insulin detemir,1
Aspartic acid,Azathioprine,1
Aspartic acid,Halothane,1
Aspartic acid,Ziconotide,1
Aspartic acid,Acetylcysteine,1
Aspartic acid,Vigabatrin,1
Aspartic acid,Flavin mononucleotide,1
Aspartic acid,Nitrendipine,1
Aspartic acid,Thiopental,1
Aspartic acid,Topiramate,1
Aspartic acid,Isoflurane,1
Aspartic acid,Sevoflurane,1
Aspartic acid,Amlodipine,1
Aspartic acid,Eflornithine,1
Aspartic acid,Brigatinib,1
Aspartic acid,Gabapentin enacarbil,1
Aspartic acid,Zolpidem,1
Aspartic acid,Phenelzine,1
Aspartic acid,Glycine,1
Aspartic acid,Quinidine barbiturate,1
Aspartic acid,Zinc chloride,2
Aspartic acid,Insulin beef,1
Aspartic acid,Methoxyflurane,1
Aspartic acid,Fostamatinib,1
Aspartic acid,Ethanol,1
Aspartic acid,Lamotrigine,1
Aspartic acid,Atropine,1
Aspartic acid,D-Serine,1
Aspartic acid,Nandrolone decanoate,1
Aspartic acid,Asparagine,1
Aspartic acid,Desflurane,1
Aspartic acid,Insulin aspart,1
Aspartic acid,Insulin degludec,1
Aspartic acid,Talbutal,1
Aspartic acid,Vitamin E,1
Aspartic acid,Somatrem,1
Aspartic acid,Primidone,1
Aspartic acid,Glutamic acid,2
Aspartic acid,Eszopiclone,1
Aspartic acid,Verapamil,1
Aspartic acid,Isradipine,1
Aspartic acid,Pentobarbital,1
Aspartic acid,Gabapentin,1
Aspartic acid,Zinc,2
Aspartic acid,Zopiclone,1
Aspartic acid,Carisoprodol,1
Aspartic acid,Cannabidiol,1
Aspartic acid,Methylphenobarbital,1
Aspartic acid,Taurine,1
Aspartic acid,Ginkgo biloba,1
Aspartic acid,Mecasermin rinfabate,1
Aspartic acid,Mecasermin,1
Aspartic acid,Secobarbital,1
Aspartic acid,Enflurane,1
Aspartic acid,Butobarbital,1
Aspartic acid,Butalbital,1
Aspartic acid,Copper,2
Aspartic acid,Carboxymethylcellulose,1
Aspartic acid,"Zinc sulfate, unspecified form",2
Aspartic acid,Flumazenil,1
Aspartic acid,Sildenafil,1
Aspartic acid,Teprotumumab,1
Aspartic acid,Amobarbital,1
Aspartic acid,Valproic acid,1
Aspartic acid,Lindane,1
Aspartic acid,Bepridil,1
Ornithine,Glycine,1
Ornithine,gamma-Aminobutyric acid,1
Ornithine,Artenimol,1
Adenosine phosphate,Dyphylline,2
Adenosine phosphate,Iloprost,2
Adenosine phosphate,Crisaborole,2
Methionine,Mecobalamin,1
Methionine,Hydroxocobalamin,1
Methionine,Thimerosal,1
Tyrosine,Metyrosine,1
Tyrosine,Sapropterin,1
Tyrosine,Glutamic acid,1
Calcitriol,Dihydrotachysterol,1
Calcitriol,Alfacalcidol,1
Calcitriol,Paricalcitol,1
Calcitriol,Vitamin D,1
Calcitriol,Ergocalciferol,1
Calcitriol,Doxercalciferol,1
Calcitriol,Calcifediol,1
Calcitriol,Calcipotriol,1
Calcitriol,Cholesterol,1
Calcitriol,Cholecalciferol,1
Calcitriol,Curcumin,1
Succinic acid,Valproic acid,1
Succinic acid,NADH,1
Succinic acid,Chlormerodrin,1
Glutamic acid,Erdafitinib,1
Glutamic acid,Levetiracetam,1
Glutamic acid,Acetylcysteine,8
Glutamic acid,Vigabatrin,1
Glutamic acid,Temsirolimus,1
Glutamic acid,Flavin mononucleotide,1
Glutamic acid,Memantine,3
Glutamic acid,Isoflurane,3
Glutamic acid,Amlodipine,1
Glutamic acid,Brigatinib,1
Glutamic acid,Aluminum chloride,1
Glutamic acid,Orphenadrine,4
Glutamic acid,Everolimus,1
Glutamic acid,Phenelzine,2
Glutamic acid,Glycine,2
Glutamic acid,Sirolimus,1
Glutamic acid,Dalfampridine,2
Glutamic acid,Quinidine barbiturate,4
Glutamic acid,Propanoic acid,1
Glutamic acid,Zinc chloride,2
Glutamic acid,Insulin beef,1
Glutamic acid,Fostamatinib,4
Glutamic acid,Amitriptyline,1
Glutamic acid,Menadione,2
Glutamic acid,Methohexital,1
Glutamic acid,Ethanol,5
Glutamic acid,NADH,3
Glutamic acid,D-Serine,4
Glutamic acid,Nandrolone decanoate,1
Glutamic acid,Amifampridine,1
Glutamic acid,Ponatinib,1
Glutamic acid,Esketamine,4
Glutamic acid,Methyprylon,1
Glutamic acid,Anisindione,2
Glutamic acid,Insulin degludec,1
Glutamic acid,Talbutal,5
Glutamic acid,Somatrem,1
Glutamic acid,Primidone,5
Glutamic acid,Verapamil,2
Glutamic acid,Isradipine,2
Glutamic acid,Zinc,2
Glutamic acid,Zopiclone,2
Glutamic acid,Phenobarbital,4
Glutamic acid,Kappadione,2
Glutamic acid,Taurine,5
Glutamic acid,Mecasermin,1
Glutamic acid,Enflurane,1
Glutamic acid,Copper,2
Glutamic acid,Flumazenil,3
Glutamic acid,Glutethimide,1
Glutamic acid,Lumateperone,4
Glutamic acid,Pimecrolimus,1
Glutamic acid,Bioallethrin,1
Glutamic acid,Phylloquinone,2
Glutamic acid,Bepridil,3
Glutamic acid,Zinc acetate,2
Glutamic acid,Felodipine,2
Glutamic acid,Insulin detemir,1
Glutamic acid,Azathioprine,1
Glutamic acid,Meperidine,8
Glutamic acid,Halothane,3
Glutamic acid,Amoxapine,1
Glutamic acid,Cysteine,2
Glutamic acid,Ziconotide,2
Glutamic acid,Artenimol,2
Glutamic acid,Thiamylal,1
Glutamic acid,Selpercatinib,1
Glutamic acid,Nitrendipine,2
Glutamic acid,Thiopental,5
Glutamic acid,Topiramate,2
Glutamic acid,Sevoflurane,1
Glutamic acid,Infigratinib,1
Glutamic acid,Eflornithine,1
Glutamic acid,Pazopanib,1
Glutamic acid,Gabapentin enacarbil,2
Glutamic acid,Zolpidem,3
Glutamic acid,Nintedanib,1
Glutamic acid,Butabarbital,4
Glutamic acid,Methoxyflurane,3
Glutamic acid,Coagulation Factor IX Human,2
Glutamic acid,Fluciclovine (18F),3
Glutamic acid,Lamotrigine,1
Glutamic acid,Atropine,1
Glutamic acid,Pemigatinib,1
Glutamic acid,Asparagine,1
Glutamic acid,Haloperidol,4
Glutamic acid,Desflurane,2
Glutamic acid,Insulin aspart,1
Glutamic acid,Vitamin E,1
Glutamic acid,Futibatinib,1
Glutamic acid,Eszopiclone,2
Glutamic acid,Lenvatinib,1
Glutamic acid,Pentobarbital,5
Glutamic acid,Gabapentin,2
Glutamic acid,Carisoprodol,3
Glutamic acid,Hexachlorophene,1
Glutamic acid,Cladribine,1
Glutamic acid,Cannabidiol,1
Glutamic acid,Lithium carbonate,1
Glutamic acid,Methylphenobarbital,5
Glutamic acid,Loperamide,1
Glutamic acid,Zaleplon,1
Glutamic acid,Ginkgo biloba,3
Glutamic acid,Felbamate,5
Glutamic acid,Mecasermin rinfabate,1
Glutamic acid,Secobarbital,5
Glutamic acid,Butobarbital,5
Glutamic acid,Butalbital,5
Glutamic acid,Carboxymethylcellulose,2
Glutamic acid,"Zinc sulfate, unspecified form",2
Glutamic acid,Sildenafil,1
Glutamic acid,Teprotumumab,1
Glutamic acid,Lithium citrate,1
Glutamic acid,Amobarbital,5
Glutamic acid,Valproic acid,1
Glutamic acid,Meprobamate,2
Glutamic acid,Etomidate,1
Glutamic acid,Lindane,1
Glutathione,Minocycline,1
Glutathione,Dichloroacetic acid,1
Glutathione,Zinc chloride,1
Glutathione,Zinc acetate,1
Glutathione,Captopril,1
Glutathione,Zinc,1
Glutathione,Cysteine,1
Glutathione,Copper,1
Glutathione,Glycine,1
Glutathione,Acetylcysteine,1
Glutathione,Glycerin,1
Glutathione,"Zinc sulfate, unspecified form",1
Glycine,Meprobamate,1
Glycine,Levetiracetam,1
Glycine,Zinc acetate,1
Glycine,Felodipine,1
Glycine,Insulin detemir,1
Glycine,Meperidine,1
Glycine,Azathioprine,1
Glycine,Halothane,2
Glycine,Cysteine,1
Glycine,Ziconotide,1
Glycine,Acetylcysteine,2
Glycine,Vigabatrin,1
Glycine,Flavin mononucleotide,1
Glycine,Nitrendipine,1
Glycine,Thiopental,1
Glycine,Topiramate,1
Glycine,Isoflurane,1
Glycine,Sevoflurane,1
Glycine,Amlodipine,1
Glycine,Eflornithine,1
Glycine,Brigatinib,1
Glycine,Gabapentin enacarbil,1
Glycine,Dexibuprofen,1
Glycine,Zolpidem,1
Glycine,Phenelzine,1
Glycine,Crofelemer,1
Glycine,Quinidine barbiturate,1
Glycine,Zinc chloride,1
Glycine,Insulin beef,1
Glycine,Ivacaftor,1
Glycine,Methoxyflurane,1
Glycine,Fostamatinib,1
Glycine,Sulfinpyrazone,1
Glycine,Lumacaftor,1
Glycine,Ethanol,1
Glycine,Lamotrigine,1
Glycine,Atropine,1
Glycine,D-Serine,1
Glycine,Nandrolone decanoate,1
Glycine,Tezacaftor,1
Glycine,Bumetanide,1
Glycine,Desflurane,1
Glycine,Insulin aspart,1
Glycine,Insulin degludec,1
Glycine,Talbutal,1
Glycine,Vitamin E,1
Glycine,Somatrem,1
Glycine,Primidone,1
Glycine,Eszopiclone,1
Glycine,Verapamil,1
Glycine,Isradipine,1
Glycine,Pentobarbital,1
Glycine,Ibuprofen,1
Glycine,Gabapentin,1
Glycine,Zinc,1
Glycine,Zopiclone,1
Glycine,Carisoprodol,1
Glycine,Cannabidiol,1
Glycine,Methylphenobarbital,1
Glycine,Taurine,1
Glycine,Ginkgo biloba,1
Glycine,Felbamate,1
Glycine,Mecasermin rinfabate,1
Glycine,Mecasermin,1
Glycine,Secobarbital,1
Glycine,Enflurane,1
Glycine,Butobarbital,1
Glycine,Butalbital,1
Glycine,Copper,2
Glycine,gamma-Aminobutyric acid,1
Glycine,Carboxymethylcellulose,1
Glycine,Flumazenil,1
Glycine,"Zinc sulfate, unspecified form",1
Glycine,Sildenafil,1
Glycine,Teprotumumab,1
Glycine,Amobarbital,1
Glycine,Glyburide,1
Glycine,Valproic acid,1
Glycine,Elexacaftor,1
Glycine,Lindane,1
Glycine,Bepridil,1
Calcifediol,Dihydrotachysterol,1
Calcifediol,Alfacalcidol,1
Calcifediol,Paricalcitol,1
Calcifediol,Vitamin D,1
Calcifediol,Ergocalciferol,1
Calcifediol,Doxercalciferol,1
Calcifediol,Calcipotriol,1
Calcifediol,Cholesterol,1
Calcifediol,Cholecalciferol,1
Calcifediol,Curcumin,1
Creatine,Guanidine,1
Cysteine,Acetylcysteine,1
Cysteine,Copper,1
Ergocalciferol,Dihydrotachysterol,1
Ergocalciferol,Alfacalcidol,1
Ergocalciferol,Paricalcitol,1
Ergocalciferol,Vitamin D,1
Ergocalciferol,Doxercalciferol,1
Ergocalciferol,Calcipotriol,1
Ergocalciferol,Cholesterol,1
Ergocalciferol,Cholecalciferol,1
Ergocalciferol,Curcumin,1
NADH,Trichlormethiazide,1
NADH,Spironolactone,3
NADH,Erdafitinib,1
NADH,Hydroflumethiazide,1
NADH,Felodipine,1
NADH,Acetazolamide,1
NADH,Halothane,2
NADH,Tetracosactide,1
NADH,Artenimol,3
NADH,Hexylresorcinol,1
NADH,Hydroquinone,1
NADH,Selpercatinib,1
NADH,Nitrendipine,1
NADH,Topiramate,1
NADH,Carboxin,7
NADH,Infigratinib,1
NADH,Manganese,1
NADH,Aluminum chloride,1
NADH,Pazopanib,1
NADH,Gabapentin enacarbil,1
NADH,Zolpidem,1
NADH,Ubidecarenone,7
NADH,Abiraterone,3
NADH,Ribavirin,2
NADH,Mycophenolic acid,2
NADH,Dronedarone,1
NADH,Clevidipine,1
NADH,Nintedanib,1
NADH,Dorzolamide,1
NADH,Hydrocortisone valerate,1
NADH,Vitamin A,2
NADH,Bremelanotide,1
NADH,Azelaic acid,1
NADH,Corticotropin,1
NADH,Fostamatinib,2
NADH,Xanthinol,2
NADH,Nicotinamide,1
NADH,Cinnarizine,1
NADH,Benzthiazide,1
NADH,Pemigatinib,1
NADH,Ponatinib,1
NADH,Ketoconazole,3
NADH,Dequalinium,1
NADH,Nimodipine,1
NADH,Diclofenamide,1
NADH,Flavin adenine dinucleotide,11
NADH,Omega-3-carboxylic acids,1
NADH,Fluoxymesterone,1
NADH,Vardenafil,1
NADH,Hydrocortisone acetate,1
NADH,Tadalafil,1
NADH,Mycophenolate mofetil,2
NADH,Futibatinib,1
NADH,Monobenzone,1
NADH,Bendroflumethiazide,1
NADH,Lenvatinib,1
NADH,Isradipine,1
NADH,Arbutin,1
NADH,Gabapentin,1
NADH,Brinzolamide,1
NADH,Methazolamide,1
NADH,Carisoprodol,1
NADH,Hexachlorophene,1
NADH,Cannabidiol,3
NADH,Hydrocortisone phosphate,1
NADH,Sodium carbonate,1
NADH,Zonisamide,1
NADH,Levoketoconazole,3
NADH,Ginkgo biloba,1
NADH,Hydrocortisone cypionate,1
NADH,Hydrocortisone probutate,1
NADH,Progesterone,3
NADH,Stiripentol,1
NADH,Tretinoin,1
NADH,Copper,4
NADH,Metformin,1
NADH,Voretigene neparvovec,2
NADH,Palmitic Acid,2
NADH,Flumazenil,1
NADH,Sildenafil,1
NADH,Hydrocortisone butyrate,1
NADH,Dexamethasone,1
NADH,Dexamethasone acetate,1
NADH,Seractide acetate,1
NADH,Hyaluronic acid,1
NADH,Valproic acid,1
NADH,Chlormerodrin,1
NADH,Bepridil,1
Icosapent,Ketorolac,1
Icosapent,Glycol salicylate,1
Icosapent,Oxaprozin,1
Icosapent,Troglitazone,2
Icosapent,Loxoprofen,1
Icosapent,Lumiracoxib,1
Icosapent,Dexketoprofen,1
Icosapent,Phenylbutazone,1
Icosapent,Phenyl salicylate,1
Icosapent,Rosiglitazone,2
Icosapent,Suprofen,1
Icosapent,Ketoprofen,1
Icosapent,Ibuprofen,1
Icosapent,Lornoxicam,1
Icosapent,Tiaprofenic acid,1
Icosapent,Nabumetone,1
Icosapent,Dexibuprofen,1
Icosapent,Trolamine salicylate,1
Icosapent,Diflunisal,1
Icosapent,Mesalazine,1
Icosapent,Etodolac,1
Icosapent,Acetaminophen,1
Icosapent,Naproxen,1
Icosapent,Sulindac,1
Icosapent,Metamizole,1
Icosapent,Antipyrine,1
Icosapent,Flurbiprofen,1
Icosapent,Balsalazide,1
Icosapent,Cannabidiol,1
Icosapent,Bendazac,1
Icosapent,Acemetacin,1
Icosapent,Diclofenac,1
Icosapent,Salsalate,1
Icosapent,Diethylcarbamazine,1
Icosapent,Meloxicam,1
Icosapent,Choline magnesium trisalicylate,1
Icosapent,Piroxicam,1
Icosapent,Indomethacin,1
Icosapent,Tolfenamic acid,1
Icosapent,Acetylsalicylic acid,1
Icosapent,Carprofen,1
Icosapent,Mefenamic acid,1
Icosapent,Minoxidil,1
Icosapent,Flufenamic acid,1
Icosapent,Meclofenamic acid,1
Icosapent,Bromfenac,1
Icosapent,Antrafenine,1
Icosapent,Tolmetin,1
Icosapent,Salicylic acid,1
Icosapent,Aceclofenac,1
Icosapent,Nepafenac,1
Icosapent,Menthyl salicylate,1
Icosapent,Bufexamac,1
Icosapent,Fenoprofen,1
Icosapent,Triflusal,1
Icosapent,Sulfasalazine,1
Icosapent,Tenoxicam,1
Valine,Levocarnitine,1
Valine,Perhexiline,1
Valine,Hydroxocobalamin,1
Vitamin A,Trichlormethiazide,1
Vitamin A,Diclofenamide,1
Vitamin A,Hydroflumethiazide,1
Vitamin A,Acetazolamide,1
Vitamin A,Halothane,2
Vitamin A,Vardenafil,1
Vitamin A,Tadalafil,1
Vitamin A,Mycophenolate mofetil,1
Vitamin A,Bendroflumethiazide,1
Vitamin A,Topiramate,1
Vitamin A,Manganese,1
Vitamin A,Nimodipine,1
Vitamin A,Brinzolamide,1
Vitamin A,Methazolamide,1
Vitamin A,Sodium carbonate,1
Vitamin A,Zonisamide,1
Vitamin A,Ribavirin,1
Vitamin A,Mycophenolic acid,1
Vitamin A,Dronedarone,1
Vitamin A,Clevidipine,1
Vitamin A,Dorzolamide,1
Vitamin A,Tretinoin,1
Vitamin A,Copper,1
Vitamin A,Fostamatinib,1
Vitamin A,Voretigene neparvovec,1
Vitamin A,Palmitic Acid,2
Vitamin A,Sildenafil,1
Vitamin A,Hyaluronic acid,1
Vitamin A,Xanthinol,1
Vitamin A,Cinnarizine,1
Vitamin A,Benzthiazide,1
Vitamin A,Dequalinium,1
Vitamin E,Meprobamate,1
Vitamin E,Levetiracetam,1
Vitamin E,Zinc acetate,1
Vitamin E,Felodipine,1
Vitamin E,Insulin detemir,1
Vitamin E,Azathioprine,1
Vitamin E,Halothane,1
Vitamin E,Ziconotide,1
Vitamin E,Vigabatrin,1
Vitamin E,Flavin mononucleotide,1
Vitamin E,Nitrendipine,1
Vitamin E,Thiopental,1
Vitamin E,Topiramate,1
Vitamin E,Isoflurane,1
Vitamin E,Sevoflurane,1
Vitamin E,Amlodipine,1
Vitamin E,Eflornithine,1
Vitamin E,Brigatinib,1
Vitamin E,Gabapentin enacarbil,1
Vitamin E,Zolpidem,1
Vitamin E,Phenelzine,1
Vitamin E,alpha-Tocopherol succinate,1
Vitamin E,Quinidine barbiturate,1
Vitamin E,Zinc chloride,1
Vitamin E,Insulin beef,1
Vitamin E,Methoxyflurane,1
Vitamin E,Fostamatinib,1
Vitamin E,Ethanol,1
Vitamin E,Lamotrigine,1
Vitamin E,Atropine,1
Vitamin E,D-Serine,1
Vitamin E,Nandrolone decanoate,1
Vitamin E,Cholecystokinin,1
Vitamin E,Desflurane,1
Vitamin E,Insulin aspart,1
Vitamin E,Insulin degludec,1
Vitamin E,Talbutal,1
Vitamin E,Somatrem,1
Vitamin E,Primidone,1
Vitamin E,Eszopiclone,1
Vitamin E,Verapamil,1
Vitamin E,Isradipine,1
Vitamin E,Pentobarbital,1
Vitamin E,Gabapentin,1
Vitamin E,Zinc,1
Vitamin E,Zopiclone,1
Vitamin E,Carisoprodol,1
Vitamin E,Cannabidiol,1
Vitamin E,Methylphenobarbital,1
Vitamin E,Taurine,1
Vitamin E,D-alpha-Tocopherol acetate,1
Vitamin E,Ginkgo biloba,1
Vitamin E,Mecasermin rinfabate,1
Vitamin E,Mecasermin,1
Vitamin E,Secobarbital,1
Vitamin E,Enflurane,1
Vitamin E,Butobarbital,1
Vitamin E,Butalbital,1
Vitamin E,Copper,1
Vitamin E,Carboxymethylcellulose,1
Vitamin E,"Zinc sulfate, unspecified form",1
Vitamin E,Flumazenil,1
Vitamin E,Sildenafil,1
Vitamin E,Teprotumumab,1
Vitamin E,Amobarbital,1
Vitamin E,Valproic acid,1
Vitamin E,Lindane,1
Vitamin E,Bepridil,1
Cholecalciferol,Dihydrotachysterol,1
Cholecalciferol,Alfacalcidol,1
Cholecalciferol,Paricalcitol,1
Cholecalciferol,Vitamin D,1
Cholecalciferol,Doxercalciferol,1
Cholecalciferol,Calcipotriol,1
Cholecalciferol,Cholesterol,1
Cholecalciferol,Curcumin,1
Menadione,Phenprocoumon,1
Menadione,Anisindione,2
Menadione,Sodium tetradecyl sulfate,6
Menadione,Moroctocog alfa,2
Menadione,Zinc acetate,2
Menadione,Emicizumab,2
Menadione,Coagulation factor VII human,2
Menadione,Lonoctocog alfa,2
Menadione,Cupric Chloride,3
Menadione,Enoxaparin,2
Menadione,Phenindione,1
Menadione,Warfarin,1
Menadione,Zinc,2
Menadione,Conestat alfa,2
Menadione,Anti-inhibitor coagulant complex,2
Menadione,Turoctocog alfa pegol,4
Menadione,Kappadione,12
Menadione,Dabigatran etexilate,2
Menadione,Human C1-esterase inhibitor,2
Menadione,Protein S human,3
Menadione,Dicoumarol,1
Menadione,Copper,2
Menadione,Coagulation Factor IX Human,4
Menadione,Acenocoumarol,1
Menadione,Thrombomodulin Alfa,2
Menadione,Turoctocog alfa,4
Menadione,Antithrombin Alfa,2
Menadione,Phylloquinone,2
Menadione,Antihemophilic factor human,2
Menadione,Argatroban,2
Menadione,Proflavine,2
Menadione,Ximelagatran,2
Adenine,5-O-phosphono-alpha-D-ribofuranosyl diphosphate,2
Adenine,Citric acid,2
Fluvoxamine,Disopyramide,3
Fluvoxamine,Procainamide,3
Fluvoxamine,Doxepin,3
Fluvoxamine,Astemizole,3
Fluvoxamine,Ibutilide,3
Fluvoxamine,Vernakalant,3
Fluvoxamine,Chlorobutanol,3
Fluvoxamine,Carvedilol,3
Fluvoxamine,Erythromycin,3
Fluvoxamine,Prazosin,3
Fluvoxamine,Amsacrine,3
Fluvoxamine,Cisapride,3
Fluvoxamine,Dofetilide,3
Fluvoxamine,Flecainide,3
Fluvoxamine,Verapamil,3
Fluvoxamine,Isavuconazole,3
Fluvoxamine,Quinidine,3
Fluvoxamine,Potassium nitrate,3
Fluvoxamine,Dronedarone,3
Fluvoxamine,Loperamide,3
Fluvoxamine,Pitolisant,3
Fluvoxamine,Clarithromycin,3
Fluvoxamine,Ciprofloxacin,3
Fluvoxamine,Thioridazine,3
Fluvoxamine,Halofantrine,3
Fluvoxamine,Sertindole,3
Fluvoxamine,Pentoxyverine,3
Fluvoxamine,Propafenone,3
Fluvoxamine,Sotalol,3
Fluvoxamine,Phenytoin,3
Fluvoxamine,Terfenadine,3
Fluvoxamine,Tamoxifen,3
Fluvoxamine,Nefazodone,3
Fluvoxamine,Fluoxetine,3
Fluvoxamine,Hydroxyzine,3
Fluvoxamine,Perhexiline,3
Fluvoxamine,Chlorpromazine,3
Fluvoxamine,Imipramine,3
Fluvoxamine,Pimozide,3
Fluvoxamine,Terazosin,3
Fluvoxamine,Loratadine,3
Fluvoxamine,Ketoconazole,3
Fluvoxamine,Bepridil,3
Ramipril,Cilazapril,2
Ramipril,Lisinopril,2
Ramipril,Benazepril,2
Ramipril,Captopril,2
Ramipril,Spirapril,2
Ramipril,Rescinnamine,2
Ramipril,Fosinopril,2
Ramipril,Quinapril,2
Ramipril,Moexipril,2
Ramipril,Zofenopril,2
Ramipril,Enalaprilat,2
Ramipril,Trandolapril,2
Ramipril,Perindopril,2
Ramipril,Enalapril,2
Flunisolide,Spironolactone,1
Flunisolide,Triamcinolone,1
Flunisolide,Loteprednol etabonate,1
Flunisolide,Fluticasone furoate,1
Flunisolide,Prednicarbate,1
Flunisolide,Norethisterone,1
Flunisolide,Prednisolone,1
Flunisolide,Ulipristal,1
Flunisolide,Fluoxymesterone,1
Flunisolide,Levonorgestrel,1
Flunisolide,Hydrocortisone acetate,1
Flunisolide,Desoximetasone,1
Flunisolide,Ulobetasol,1
Flunisolide,Ciclesonide,1
Flunisolide,Mometasone furoate,1
Flunisolide,Betamethasone,1
Flunisolide,Megestrol acetate,1
Flunisolide,Flumethasone,1
Flunisolide,Clobetasol propionate,1
Flunisolide,Fluocinolone acetonide,1
Flunisolide,Hydrocortisone,1
Flunisolide,Hydrocortamate,1
Flunisolide,Difluprednate,1
Flunisolide,Fluorometholone,1
Flunisolide,Hydrocortisone phosphate,1
Flunisolide,Mifepristone,1
Flunisolide,Gestrinone,1
Flunisolide,Desonide,1
Flunisolide,Betamethasone phosphate,1
Flunisolide,Segesterone acetate,1
Flunisolide,Clocortolone,1
Flunisolide,Prednisone,1
Flunisolide,Hydrocortisone cypionate,1
Flunisolide,Hydrocortisone probutate,1
Flunisolide,Progesterone,1
Flunisolide,Flurandrenolide,1
Flunisolide,Amcinonide,1
Flunisolide,Clobetasone,1
Flunisolide,Hydrocortisone valerate,1
Flunisolide,Prednisolone phosphate,1
Flunisolide,Methylprednisolone,1
Flunisolide,Medrysone,1
Flunisolide,Cortisone acetate,1
Flunisolide,Drospirenone,1
Flunisolide,Dexamethasone,1
Flunisolide,Hydrocortisone butyrate,1
Flunisolide,Prednisolone acetate,1
Flunisolide,Dexamethasone acetate,1
Flunisolide,Fluticasone propionate,1
Flunisolide,Difluocortolone,1
Flunisolide,Fluocinonide,1
Flunisolide,Diflorasone,1
Flunisolide,Fludrocortisone,1
Flunisolide,Beclomethasone dipropionate,1
Flunisolide,Budesonide,1
Flunisolide,Alclometasone,1
Flunisolide,Deflazacort,1
Flunisolide,Fluticasone,1
Flunisolide,Tixocortol,1
Flunisolide,Rimexolone,1
Baclofen,Ibalizumab,3
Baclofen,Lipegfilgrastim,1
Baclofen,Lenograstim,1
Baclofen,Plerixafor,3
Baclofen,Framycetin,3
Baclofen,Eflapegrastim,1
Baclofen,gamma-Aminobutyric acid,3
Nicotine,Levacetylmethadol,2
Nicotine,Fluoxetine,2
Nicotine,Dextromethorphan,2
Nicotine,Pentolinium,2
Nicotine,Varenicline,2
Nicotine,Methadone,2
Nicotine,Amantadine,2
Nicotine,Bupropion,2
Nicotine,Ethanol,2
Nicotine,Levamisole,2
Carbidopa,Benserazide,1
Carbidopa,Methyldopa,1
Indecainide,Quinidine barbiturate,4
Indecainide,Disopyramide,4
Indecainide,Mexiletine,4
Indecainide,Cinchocaine,4
Indecainide,Procainamide,4
Indecainide,Riluzole,4
Indecainide,Vernakalant,4
Indecainide,Ajmaline,4
Indecainide,Tocainide,4
Indecainide,Mephenytoin,4
Indecainide,Moricizine,4
Indecainide,Propafenone,4
Indecainide,Flecainide,4
Indecainide,Phenytoin,4
Indecainide,Encainide,4
Indecainide,Fosphenytoin,4
Indecainide,Prilocaine,4
Indecainide,Ethotoin,4
Indecainide,Isavuconazole,4
Indecainide,Benzonatate,4
Indecainide,Quinidine,4
Indecainide,Zonisamide,4
Indecainide,Hexylcaine,4
Indecainide,Dronedarone,4
Indecainide,Lidocaine,4
Indecainide,Bepridil,1
Tramadol,Ouabain,1
Tramadol,Amylmetacresol,1
Tramadol,Zonisamide,1
Tramadol,Metergoline,1
Tramadol,Propofol,1
Tramadol,Phenytoin,1
Troglitazone,Rosiglitazone,2
Oseltamivir,Zinc acetate,1
Oseltamivir,Voxelotor,1
Oseltamivir,Regorafenib,1
Oseltamivir,Celecoxib,5
Oseltamivir,Selpercatinib,1
Oseltamivir,Ferrous ascorbate,1
Oseltamivir,Lenvatinib,1
Oseltamivir,Ferrous sulfate anhydrous,1
Oseltamivir,Pazopanib,1
Oseltamivir,Sodium ferric gluconate complex,1
Oseltamivir,Zinc,1
Oseltamivir,Ferric derisomaltose,1
Oseltamivir,Pentaerythritol tetranitrate,1
Oseltamivir,Ferrous succinate,1
Oseltamivir,Nintedanib,1
Oseltamivir,Zinc chloride,1
Oseltamivir,Nitrous acid,1
Oseltamivir,Sunitinib,1
Oseltamivir,Copper,1
Oseltamivir,"Zinc sulfate, unspecified form",1
Oseltamivir,Axitinib,1
Oseltamivir,Fostamatinib,1
Oseltamivir,Ferric pyrophosphate citrate,1
Oseltamivir,Iron,1
Oseltamivir,Acetylsalicylic acid,5
Oseltamivir,Ferrous fumarate,1
Oseltamivir,Tivozanib,1
Oseltamivir,Ferrous gluconate,1
Oseltamivir,Ferrous glycine sulfate,1
Oseltamivir,Iron Dextran,1
Oseltamivir,Sorafenib,1
Erythromycin,Disopyramide,3
Erythromycin,Procainamide,3
Erythromycin,Doxepin,3
Erythromycin,Astemizole,3
Erythromycin,Ibutilide,3
Erythromycin,Vernakalant,3
Erythromycin,Chlorobutanol,3
Erythromycin,Carvedilol,3
Erythromycin,Prazosin,3
Erythromycin,Amsacrine,3
Erythromycin,Cisapride,3
Erythromycin,Dofetilide,3
Erythromycin,Flecainide,3
Erythromycin,Verapamil,3
Erythromycin,Isavuconazole,3
Erythromycin,Quinidine,3
Erythromycin,Potassium nitrate,3
Erythromycin,Dronedarone,3
Erythromycin,Loperamide,3
Erythromycin,Pitolisant,3
Erythromycin,Clarithromycin,3
Erythromycin,Ciprofloxacin,3
Erythromycin,Thioridazine,3
Erythromycin,Halofantrine,3
Erythromycin,Sertindole,3
Erythromycin,Pentoxyverine,3
Erythromycin,Propafenone,3
Erythromycin,Sotalol,3
Erythromycin,Phenytoin,3
Erythromycin,Terfenadine,3
Erythromycin,Tamoxifen,3
Erythromycin,Nefazodone,3
Erythromycin,Fluoxetine,3
Erythromycin,Hydroxyzine,3
Erythromycin,Perhexiline,3
Erythromycin,Chlorpromazine,3
Erythromycin,Imipramine,3
Erythromycin,Pimozide,3
Erythromycin,Terazosin,3
Erythromycin,Loratadine,3
Erythromycin,Ketoconazole,3
Erythromycin,Bepridil,3
Hydroxocobalamin,Levocarnitine,1
Hydroxocobalamin,Perhexiline,1
Hydroxocobalamin,Mecobalamin,1
Hydroxocobalamin,Thimerosal,1
Caffeine,Erdafitinib,1
Caffeine,Glasdegib,1
Caffeine,Tremelimumab,1
Caffeine,Regorafenib,1
Caffeine,Artenimol,1
Caffeine,Acetylcysteine,1
Caffeine,Mosunetuzumab,1
Caffeine,Selpercatinib,1
Caffeine,Halcinonide,1
Caffeine,Infigratinib,1
Caffeine,Pazopanib,1
Caffeine,Catumaxomab,1
Caffeine,Amiloride,1
Caffeine,Dexibuprofen,1
Caffeine,Crofelemer,1
Caffeine,Dipyridamole,1
Caffeine,Arsenic trioxide,1
Caffeine,Nintedanib,2
Caffeine,Foreskin keratinocyte (neonatal),1
Caffeine,Teplizumab,1
Caffeine,Ivacaftor,1
Caffeine,Blinatumomab,1
Caffeine,Fostamatinib,6
Caffeine,Alpelisib,3
Caffeine,Heparin,1
Caffeine,Didanosine,1
Caffeine,Abrocitinib,1
Caffeine,Lumacaftor,1
Caffeine,Vismodegib,1
Caffeine,Pemigatinib,1
Caffeine,Ponatinib,2
Caffeine,Ruxolitinib,1
Caffeine,Idelalisib,3
Caffeine,Tezacaftor,1
Caffeine,Bumetanide,1
Caffeine,Duvelisib,3
Caffeine,Pentostatin,1
Caffeine,Abatacept,1
Caffeine,Foreskin fibroblast (neonatal),1
Caffeine,Futibatinib,1
Caffeine,Lenvatinib,1
Caffeine,Tofacitinib,1
Caffeine,Pralsetinib,1
Caffeine,Ibuprofen,1
Caffeine,Triamterene,1
Caffeine,Baricitinib,1
Caffeine,Copanlisib,6
Caffeine,Cladribine,1
Caffeine,Mesalazine,1
Caffeine,Dantrolene,3
Caffeine,Tetracaine,3
Caffeine,Dasatinib,1
Caffeine,Tamoxifen,1
Caffeine,Acetylsalicylic acid,1
Caffeine,Sonidegib,1
Caffeine,Umbralisib,3
Caffeine,Zanubrutinib,2
Caffeine,Fluocinonide,1
Caffeine,Glyburide,1
Caffeine,Elexacaftor,1
Caffeine,Sulfasalazine,1
Caffeine,Auranofin,1
Caffeine,Ipilimumab,1
Sildenafil,Trichlormethiazide,1
Sildenafil,Meprobamate,1
Sildenafil,Levetiracetam,1
Sildenafil,Hydroflumethiazide,1
Sildenafil,Zinc acetate,1
Sildenafil,Felodipine,1
Sildenafil,Insulin detemir,1
Sildenafil,Azathioprine,1
Sildenafil,Acetazolamide,1
Sildenafil,Liotrix,1
Sildenafil,Halothane,2
Sildenafil,Ziconotide,1
Sildenafil,Vigabatrin,1
Sildenafil,Flavin mononucleotide,1
Sildenafil,Nitrendipine,1
Sildenafil,Thiopental,1
Sildenafil,Topiramate,3
Sildenafil,Isoflurane,1
Sildenafil,Sevoflurane,1
Sildenafil,Amlodipine,1
Sildenafil,Eflornithine,4
Sildenafil,Brigatinib,1
Sildenafil,Manganese,1
Sildenafil,Gabapentin enacarbil,1
Sildenafil,Zolpidem,1
Sildenafil,Phenelzine,1
Sildenafil,Ribavirin,1
Sildenafil,Mycophenolic acid,1
Sildenafil,Dronedarone,1
Sildenafil,Quinidine barbiturate,1
Sildenafil,Zinc chloride,1
Sildenafil,Dorzolamide,1
Sildenafil,Insulin beef,1
Sildenafil,Methoxyflurane,1
Sildenafil,Fostamatinib,2
Sildenafil,Levothyroxine,1
Sildenafil,Xanthinol,1
Sildenafil,Ethanol,1
Sildenafil,Lamotrigine,2
Sildenafil,Ambrisentan,1
Sildenafil,Bosentan,1
Sildenafil,Atropine,1
Sildenafil,D-Serine,1
Sildenafil,Benzthiazide,1
Sildenafil,Nandrolone decanoate,1
Sildenafil,Dequalinium,1
Sildenafil,Sitaxentan,1
Sildenafil,Diclofenamide,1
Sildenafil,Desflurane,1
Sildenafil,Insulin aspart,1
Sildenafil,Insulin degludec,1
Sildenafil,Vardenafil,2
Sildenafil,Talbutal,1
Sildenafil,Somatrem,1
Sildenafil,Primidone,1
Sildenafil,Tadalafil,1
Sildenafil,Mycophenolate mofetil,1
Sildenafil,Bendroflumethiazide,1
Sildenafil,Eszopiclone,1
Sildenafil,Verapamil,1
Sildenafil,Isradipine,1
Sildenafil,Pentobarbital,1
Sildenafil,Gabapentin,1
Sildenafil,Brinzolamide,1
Sildenafil,Zinc,1
Sildenafil,Zopiclone,1
Sildenafil,Methazolamide,1
Sildenafil,Carisoprodol,1
Sildenafil,Cannabidiol,1
Sildenafil,Sodium carbonate,1
Sildenafil,Zonisamide,1
Sildenafil,Methylphenobarbital,1
Sildenafil,Taurine,1
Sildenafil,Liothyronine,1
Sildenafil,Ginkgo biloba,1
Sildenafil,Mecasermin rinfabate,1
Sildenafil,Mecasermin,1
Sildenafil,Secobarbital,1
Sildenafil,Enflurane,1
Sildenafil,Macitentan,1
Sildenafil,Butobarbital,1
Sildenafil,Tretinoin,1
Sildenafil,Butalbital,1
Sildenafil,Copper,2
Sildenafil,Carboxymethylcellulose,1
Sildenafil,Voretigene neparvovec,1
Sildenafil,Flumazenil,1
Sildenafil,Palmitic Acid,1
Sildenafil,"Zinc sulfate, unspecified form",1
Sildenafil,Teprotumumab,1
Sildenafil,Acetylsalicylic acid,1
Sildenafil,"Thyroid, porcine",1
Sildenafil,Hyaluronic acid,1
Sildenafil,Amobarbital,1
Sildenafil,Valproic acid,4
Sildenafil,Dextrothyroxine,1
Sildenafil,Lindane,1
Sildenafil,Bepridil,1
Dofetilide,Disopyramide,3
Dofetilide,Procainamide,3
Dofetilide,Doxepin,3
Dofetilide,Astemizole,3
Dofetilide,Ibutilide,3
Dofetilide,Vernakalant,3
Dofetilide,Chlorobutanol,3
Dofetilide,Carvedilol,3
Dofetilide,Prazosin,3
Dofetilide,Amsacrine,3
Dofetilide,Cisapride,3
Dofetilide,Flecainide,3
Dofetilide,Verapamil,3
Dofetilide,Isavuconazole,3
Dofetilide,Quinidine,3
Dofetilide,Potassium nitrate,3
Dofetilide,Dronedarone,3
Dofetilide,Loperamide,3
Dofetilide,Pitolisant,3
Dofetilide,Clarithromycin,3
Dofetilide,Ciprofloxacin,3
Dofetilide,Thioridazine,3
Dofetilide,Halofantrine,3
Dofetilide,Sertindole,3
Dofetilide,Pentoxyverine,3
Dofetilide,Propafenone,3
Dofetilide,Sotalol,3
Dofetilide,Phenytoin,3
Dofetilide,Terfenadine,3
Dofetilide,Tamoxifen,3
Dofetilide,Nefazodone,3
Dofetilide,Fluoxetine,3
Dofetilide,Hydroxyzine,3
Dofetilide,Perhexiline,3
Dofetilide,Chlorpromazine,3
Dofetilide,Imipramine,3
Dofetilide,Pimozide,3
Dofetilide,Terazosin,3
Dofetilide,Loratadine,3
Dofetilide,Ketoconazole,3
Dofetilide,Bepridil,3
Torasemide,Quinethazone,1
Torasemide,Piretanide,1
Torasemide,Bumetanide,1
Torasemide,Hydroflumethiazide,1
Torasemide,Potassium chloride,1
Torasemide,Etacrynic acid,1
Torasemide,Furosemide,1
Torasemide,Chlorthalidone,1
Torasemide,Chlormerodrin,1
Bethanidine,Glymidine,1
Bethanidine,Minoxidil,1
Bethanidine,Glimepiride,1
Bethanidine,Tolbutamide,1
Bethanidine,Acetohexamide,1
Glimepiride,Glymidine,2
Glimepiride,Zinc chloride,3
Glimepiride,Zinc acetate,3
Glimepiride,Ibutilide,7
Glimepiride,Repaglinide,1
Glimepiride,Gliclazide,1
Glimepiride,Thiamylal,7
Glimepiride,Tolbutamide,2
Glimepiride,"Zinc sulfate, unspecified form",3
Glimepiride,Nateglinide,1
Glimepiride,Verapamil,7
Glimepiride,Chlorpropamide,1
Glimepiride,Levosimendan,7
Glimepiride,Minoxidil,1
Glimepiride,Glipizide,1
Glimepiride,Zinc,3
Glimepiride,Isavuconazole,7
Glimepiride,Diazoxide,7
Glimepiride,Gliquidone,1
Glimepiride,Polyethylene glycol 400,1
Glimepiride,Lauric acid,2
Glimepiride,Acetohexamide,1
Diflorasone,Spironolactone,1
Diflorasone,Triamcinolone,1
Diflorasone,Loteprednol etabonate,1
Diflorasone,Fluticasone furoate,1
Diflorasone,Prednicarbate,1
Diflorasone,Norethisterone,1
Diflorasone,Prednisolone,1
Diflorasone,Ulipristal,1
Diflorasone,Fluoxymesterone,1
Diflorasone,Levonorgestrel,1
Diflorasone,Hydrocortisone acetate,1
Diflorasone,Desoximetasone,1
Diflorasone,Ulobetasol,1
Diflorasone,Ciclesonide,1
Diflorasone,Mometasone furoate,1
Diflorasone,Betamethasone,1
Diflorasone,Megestrol acetate,1
Diflorasone,Flumethasone,1
Diflorasone,Clobetasol propionate,1
Diflorasone,Fluocinolone acetonide,1
Diflorasone,Hydrocortisone,1
Diflorasone,Hydrocortamate,1
Diflorasone,Difluprednate,1
Diflorasone,Fluorometholone,1
Diflorasone,Hydrocortisone phosphate,1
Diflorasone,Mifepristone,1
Diflorasone,Gestrinone,1
Diflorasone,Desonide,1
Diflorasone,Betamethasone phosphate,1
Diflorasone,Segesterone acetate,1
Diflorasone,Clocortolone,1
Diflorasone,Prednisone,1
Diflorasone,Hydrocortisone cypionate,1
Diflorasone,Hydrocortisone probutate,1
Diflorasone,Progesterone,1
Diflorasone,Flurandrenolide,1
Diflorasone,Amcinonide,1
Diflorasone,Clobetasone,1
Diflorasone,Hydrocortisone valerate,1
Diflorasone,Prednisolone phosphate,1
Diflorasone,Methylprednisolone,1
Diflorasone,Medrysone,1
Diflorasone,Cortisone acetate,1
Diflorasone,Drospirenone,1
Diflorasone,Dexamethasone,1
Diflorasone,Hydrocortisone butyrate,1
Diflorasone,Prednisolone acetate,1
Diflorasone,Dexamethasone acetate,1
Diflorasone,Fluticasone propionate,1
Diflorasone,Difluocortolone,1
Diflorasone,Fluocinonide,1
Diflorasone,Fludrocortisone,1
Diflorasone,Beclomethasone dipropionate,1
Diflorasone,Budesonide,1
Diflorasone,Alclometasone,1
Diflorasone,Deflazacort,1
Diflorasone,Fluticasone,1
Diflorasone,Tixocortol,1
Diflorasone,Rimexolone,1
Enflurane,Meprobamate,1
Enflurane,Levetiracetam,1
Enflurane,Zinc acetate,1
Enflurane,Felodipine,1
Enflurane,Insulin detemir,1
Enflurane,Azathioprine,1
Enflurane,Halothane,1
Enflurane,Ziconotide,1
Enflurane,Vigabatrin,1
Enflurane,Flavin mononucleotide,1
Enflurane,Nitrendipine,1
Enflurane,Thiopental,1
Enflurane,Topiramate,1
Enflurane,Isoflurane,1
Enflurane,Sevoflurane,1
Enflurane,Amlodipine,1
Enflurane,Eflornithine,1
Enflurane,Brigatinib,1
Enflurane,Gabapentin enacarbil,1
Enflurane,Zolpidem,1
Enflurane,Phenelzine,1
Enflurane,Quinidine barbiturate,1
Enflurane,Zinc chloride,1
Enflurane,Insulin beef,1
Enflurane,Methoxyflurane,1
Enflurane,Fostamatinib,1
Enflurane,Ethanol,1
Enflurane,Lamotrigine,1
Enflurane,Atropine,1
Enflurane,D-Serine,1
Enflurane,Nandrolone decanoate,1
Enflurane,Desflurane,1
Enflurane,Insulin aspart,1
Enflurane,Insulin degludec,1
Enflurane,Talbutal,1
Enflurane,Somatrem,1
Enflurane,Primidone,1
Enflurane,Eszopiclone,1
Enflurane,Verapamil,1
Enflurane,Isradipine,1
Enflurane,Pentobarbital,1
Enflurane,Gabapentin,1
Enflurane,Zinc,1
Enflurane,Zopiclone,1
Enflurane,Carisoprodol,1
Enflurane,Cannabidiol,1
Enflurane,Methylphenobarbital,1
Enflurane,Taurine,1
Enflurane,Ginkgo biloba,1
Enflurane,Mecasermin rinfabate,1
Enflurane,Mecasermin,1
Enflurane,Secobarbital,1
Enflurane,Butobarbital,1
Enflurane,Butalbital,1
Enflurane,Copper,1
Enflurane,Carboxymethylcellulose,1
Enflurane,"Zinc sulfate, unspecified form",1
Enflurane,Flumazenil,1
Enflurane,Teprotumumab,1
Enflurane,Amobarbital,1
Enflurane,Valproic acid,1
Enflurane,Lindane,1
Enflurane,Bepridil,1
Milrinone,Aminophylline,1
Milrinone,Levosimendan,1
Milrinone,Enoximone,1
Milrinone,Theophylline,1
Milrinone,Cilostazol,1
Milrinone,Oxtriphylline,1
Milrinone,Anagrelide,1
Milrinone,Amrinone,1
Butabarbital,Quinidine barbiturate,2
Butabarbital,Secobarbital,3
Butabarbital,Butobarbital,3
Butabarbital,Talbutal,3
Butabarbital,Butalbital,3
Butabarbital,Primidone,3
Butabarbital,Thiopental,3
Butabarbital,Fluciclovine (18F),3
Butabarbital,Pentobarbital,3
Butabarbital,Lithium citrate,1
Butabarbital,Amobarbital,3
Butabarbital,Cladribine,1
Butabarbital,Ethanol,3
Butabarbital,Lithium carbonate,1
Butabarbital,Methylphenobarbital,3
Butabarbital,Phenobarbital,3
Alclometasone,Spironolactone,1
Alclometasone,Triamcinolone,1
Alclometasone,Loteprednol etabonate,1
Alclometasone,Fluticasone furoate,1
Alclometasone,Prednicarbate,1
Alclometasone,Norethisterone,1
Alclometasone,Prednisolone,1
Alclometasone,Ulipristal,1
Alclometasone,Fluoxymesterone,1
Alclometasone,Levonorgestrel,1
Alclometasone,Hydrocortisone acetate,1
Alclometasone,Desoximetasone,1
Alclometasone,Ulobetasol,1
Alclometasone,Ciclesonide,1
Alclometasone,Mometasone furoate,1
Alclometasone,Betamethasone,1
Alclometasone,Megestrol acetate,1
Alclometasone,Flumethasone,1
Alclometasone,Clobetasol propionate,1
Alclometasone,Fluocinolone acetonide,1
Alclometasone,Hydrocortisone,1
Alclometasone,Hydrocortamate,1
Alclometasone,Difluprednate,1
Alclometasone,Fluorometholone,1
Alclometasone,Hydrocortisone phosphate,1
Alclometasone,Mifepristone,1
Alclometasone,Gestrinone,1
Alclometasone,Desonide,1
Alclometasone,Betamethasone phosphate,1
Alclometasone,Segesterone acetate,1
Alclometasone,Clocortolone,1
Alclometasone,Prednisone,1
Alclometasone,Hydrocortisone cypionate,1
Alclometasone,Hydrocortisone probutate,1
Alclometasone,Progesterone,1
Alclometasone,Flurandrenolide,1
Alclometasone,Amcinonide,1
Alclometasone,Clobetasone,1
Alclometasone,Hydrocortisone valerate,1
Alclometasone,Prednisolone phosphate,1
Alclometasone,Methylprednisolone,1
Alclometasone,Medrysone,1
Alclometasone,Cortisone acetate,1
Alclometasone,Drospirenone,1
Alclometasone,Dexamethasone,1
Alclometasone,Hydrocortisone butyrate,1
Alclometasone,Prednisolone acetate,1
Alclometasone,Dexamethasone acetate,1
Alclometasone,Fluticasone propionate,1
Alclometasone,Difluocortolone,1
Alclometasone,Fluocinonide,1
Alclometasone,Fludrocortisone,1
Alclometasone,Beclomethasone dipropionate,1
Alclometasone,Budesonide,1
Alclometasone,Deflazacort,1
Alclometasone,Fluticasone,1
Alclometasone,Tixocortol,1
Alclometasone,Rimexolone,1
Butalbital,Meprobamate,2
Butalbital,Levetiracetam,1
Butalbital,Zinc acetate,1
Butalbital,Felodipine,1
Butalbital,Insulin detemir,1
Butalbital,Azathioprine,1
Butalbital,Meperidine,1
Butalbital,Halothane,2
Butalbital,Amoxapine,1
Butalbital,Artenimol,1
Butalbital,Ziconotide,2
Butalbital,Acetylcysteine,1
Butalbital,Thiamylal,1
Butalbital,Vigabatrin,1
Butalbital,Flavin mononucleotide,1
Butalbital,Memantine,1
Butalbital,Nitrendipine,1
Butalbital,Thiopental,5
Butalbital,Topiramate,2
Butalbital,Isoflurane,2
Butalbital,Sevoflurane,1
Butalbital,Amlodipine,1
Butalbital,Eflornithine,1
Butalbital,Brigatinib,1
Butalbital,Orphenadrine,1
Butalbital,Everolimus,1
Butalbital,Gabapentin enacarbil,1
Butalbital,Zolpidem,2
Butalbital,Phenelzine,1
Butalbital,Sirolimus,1
Butalbital,Dalfampridine,1
Butalbital,Quinidine barbiturate,4
Butalbital,Propanoic acid,1
Butalbital,Zinc chloride,1
Butalbital,Insulin beef,1
Butalbital,Methoxyflurane,2
Butalbital,Fostamatinib,2
Butalbital,Fluciclovine (18F),2
Butalbital,Methohexital,1
Butalbital,Ethanol,4
Butalbital,Lamotrigine,1
Butalbital,Atropine,1
Butalbital,D-Serine,2
Butalbital,Nandrolone decanoate,1
Butalbital,Esketamine,1
Butalbital,Methyprylon,1
Butalbital,Haloperidol,1
Butalbital,Desflurane,1
Butalbital,Insulin aspart,1
Butalbital,Insulin degludec,1
Butalbital,Talbutal,5
Butalbital,Somatrem,1
Butalbital,Primidone,5
Butalbital,Eszopiclone,2
Butalbital,Verapamil,2
Butalbital,Isradipine,1
Butalbital,Pentobarbital,5
Butalbital,Gabapentin,1
Butalbital,Zinc,1
Butalbital,Zopiclone,2
Butalbital,Carisoprodol,2
Butalbital,Cladribine,1
Butalbital,Cannabidiol,1
Butalbital,Methylphenobarbital,5
Butalbital,Phenobarbital,4
Butalbital,Loperamide,1
Butalbital,Zaleplon,1
Butalbital,Taurine,2
Butalbital,Ginkgo biloba,2
Butalbital,Felbamate,1
Butalbital,Mecasermin rinfabate,1
Butalbital,Mecasermin,1
Butalbital,Secobarbital,5
Butalbital,Butobarbital,5
Butalbital,Copper,1
Butalbital,Carboxymethylcellulose,2
Butalbital,"Zinc sulfate, unspecified form",1
Butalbital,Flumazenil,2
Butalbital,Glutethimide,1
Butalbital,Teprotumumab,1
Butalbital,Lumateperone,1
Butalbital,Pimecrolimus,1
Butalbital,Amobarbital,5
Butalbital,Bioallethrin,1
Butalbital,Valproic acid,1
Butalbital,Lindane,1
Butalbital,Etomidate,1
Butalbital,Temsirolimus,1
Butalbital,Bepridil,2
Cladribine,Duvelisib,1
Cladribine,Tremelimumab,1
Cladribine,Abatacept,1
Cladribine,Acetylcysteine,1
Cladribine,Talbutal,1
Cladribine,Primidone,1
Cladribine,Thiopental,1
Cladribine,Pentobarbital,1
Cladribine,Pazopanib,1
Cladribine,Copanlisib,1
Cladribine,Mesalazine,1
Cladribine,Methylphenobarbital,1
Cladribine,Phenobarbital,1
Cladribine,Clofarabine,1
Cladribine,Quinidine barbiturate,1
Cladribine,Arsenic trioxide,1
Cladribine,Dibotermin alfa,1
Cladribine,Nintedanib,1
Cladribine,Secobarbital,1
Cladribine,Butobarbital,1
Cladribine,Dasatinib,1
Cladribine,Fostamatinib,1
Cladribine,Tasonermin,1
Cladribine,Fludarabine,1
Cladribine,Carfilzomib,1
Cladribine,Acetylsalicylic acid,1
Cladribine,Mifamurtide,1
Cladribine,Fluciclovine (18F),1
Cladribine,Didanosine,1
Cladribine,Umbralisib,1
Cladribine,Rilonacept,1
Cladribine,Zanubrutinib,1
Cladribine,Amobarbital,1
Cladribine,Ethanol,1
Cladribine,Auranofin,1
Cladribine,Ponatinib,1
Cladribine,Nelarabine,1
Cladribine,Ipilimumab,1
Cladribine,Idelalisib,1
Mesalazine,Ketorolac,1
Mesalazine,Tremelimumab,1
Mesalazine,Acetylcysteine,2
Mesalazine,Dexketoprofen,1
Mesalazine,Lumiracoxib,1
Mesalazine,Loxoprofen,1
Mesalazine,Phenyl salicylate,1
Mesalazine,Pazopanib,1
Mesalazine,Tiaprofenic acid,1
Mesalazine,Nabumetone,1
Mesalazine,Dexibuprofen,1
Mesalazine,Trolamine salicylate,1
Mesalazine,Etodolac,1
Mesalazine,Metamizole,1
Mesalazine,Arsenic trioxide,2
Mesalazine,Nintedanib,1
Mesalazine,Diclofenac,1
Mesalazine,Diethylcarbamazine,1
Mesalazine,Meloxicam,1
Mesalazine,Fostamatinib,2
Mesalazine,Piroxicam,1
Mesalazine,Tolfenamic acid,1
Mesalazine,Didanosine,1
Mesalazine,Minoxidil,1
Mesalazine,Nepafenac,1
Mesalazine,Aceclofenac,1
Mesalazine,Bufexamac,1
Mesalazine,Salicylic acid,1
Mesalazine,Fenoprofen,1
Mesalazine,Tenoxicam,1
Mesalazine,Ponatinib,1
Mesalazine,Idelalisib,1
Mesalazine,Glycol salicylate,1
Mesalazine,Oxaprozin,1
Mesalazine,Duvelisib,1
Mesalazine,Abatacept,1
Mesalazine,Phenylbutazone,1
Mesalazine,Suprofen,1
Mesalazine,Ketoprofen,1
Mesalazine,Ibuprofen,1
Mesalazine,Lornoxicam,1
Mesalazine,Copanlisib,1
Mesalazine,Diflunisal,1
Mesalazine,Cannabidiol,1
Mesalazine,Acetaminophen,1
Mesalazine,Sulindac,1
Mesalazine,Naproxen,1
Mesalazine,Bendazac,1
Mesalazine,Flurbiprofen,1
Mesalazine,Balsalazide,1
Mesalazine,Acemetacin,1
Mesalazine,Antipyrine,1
Mesalazine,Salsalate,1
Mesalazine,Dasatinib,1
Mesalazine,Choline magnesium trisalicylate,1
Mesalazine,Indomethacin,1
Mesalazine,Acetylsalicylic acid,3
Mesalazine,Carprofen,1
Mesalazine,Mefenamic acid,1
Mesalazine,Umbralisib,1
Mesalazine,Zanubrutinib,1
Mesalazine,Meclofenamic acid,1
Mesalazine,Bromfenac,1
Mesalazine,Flufenamic acid,1
Mesalazine,Antrafenine,1
Mesalazine,Menthyl salicylate,1
Mesalazine,Tolmetin,1
Mesalazine,Triflusal,1
Mesalazine,Sulfasalazine,1
Mesalazine,Auranofin,2
Mesalazine,Ipilimumab,1
Ziprasidone,Haloperidol,1
Ziprasidone,Apraclonidine,1
Ziprasidone,Bromocriptine,1
Ziprasidone,Phenoxybenzamine,1
Ziprasidone,Carvedilol,1
Ziprasidone,Prazosin,1
Ziprasidone,Oxymetazoline,1
Ziprasidone,Clozapine,1
Ziprasidone,Rotigotine,1
Ziprasidone,Yohimbine,1
Ziprasidone,Fenoldopam,1
Ziprasidone,Metamfetamine,1
Ziprasidone,Risperidone,1
Ziprasidone,Quetiapine,1
Ziprasidone,Mianserin,1
Ziprasidone,Brimonidine,1
Ziprasidone,Methotrimeprazine,1
Ziprasidone,Epinephrine,1
Ziprasidone,Asenapine,1
Ziprasidone,Paliperidone,1
Ziprasidone,Loxapine,1
Ziprasidone,Racepinephrine,1
Ziprasidone,Dronedarone,1
Ziprasidone,Guanfacine,1
Ziprasidone,Xylometazoline,1
Ziprasidone,Aripiprazole lauroxil,1
Ziprasidone,Cabergoline,1
Ziprasidone,Apomorphine,1
Ziprasidone,Trimipramine,1
Ziprasidone,Norepinephrine,1
Ziprasidone,Clonidine,1
Ziprasidone,Aripiprazole,1
Ziprasidone,Celiprolol,1
Ziprasidone,Tolazoline,1
Ziprasidone,Guanabenz,1
Ziprasidone,Pizotifen,1
Ziprasidone,Etomidate,1
Ziprasidone,Lisuride,1
Ziprasidone,Droxidopa,1
Cabergoline,Haloperidol,1
Cabergoline,Apraclonidine,1
Cabergoline,Bromocriptine,1
Cabergoline,Phenoxybenzamine,1
Cabergoline,Carvedilol,1
Cabergoline,Prazosin,1
Cabergoline,Oxymetazoline,1
Cabergoline,Clozapine,1
Cabergoline,Rotigotine,1
Cabergoline,Yohimbine,1
Cabergoline,Fenoldopam,1
Cabergoline,Metamfetamine,1
Cabergoline,Risperidone,1
Cabergoline,Quetiapine,1
Cabergoline,Mianserin,1
Cabergoline,Brimonidine,1
Cabergoline,Methotrimeprazine,1
Cabergoline,Epinephrine,1
Cabergoline,Asenapine,1
Cabergoline,Paliperidone,1
Cabergoline,Loxapine,1
Cabergoline,Racepinephrine,1
Cabergoline,Dronedarone,1
Cabergoline,Guanfacine,1
Cabergoline,Xylometazoline,1
Cabergoline,Aripiprazole lauroxil,1
Cabergoline,Apomorphine,1
Cabergoline,Trimipramine,1
Cabergoline,Norepinephrine,1
Cabergoline,Clonidine,1
Cabergoline,Aripiprazole,1
Cabergoline,Celiprolol,1
Cabergoline,Tolazoline,1
Cabergoline,Guanabenz,1
Cabergoline,Pizotifen,1
Cabergoline,Etomidate,1
Cabergoline,Lisuride,1
Cabergoline,Droxidopa,1
Phenytoin,Erdafitinib,1
Phenytoin,Procainamide,7
Phenytoin,Doxepin,3
Phenytoin,Vernakalant,7
Phenytoin,Moricizine,4
Phenytoin,Amsacrine,3
Phenytoin,Selpercatinib,1
Phenytoin,Infigratinib,1
Phenytoin,Ouabain,1
Phenytoin,Fosphenytoin,4
Phenytoin,Pazopanib,1
Phenytoin,Ethotoin,4
Phenytoin,Isavuconazole,7
Phenytoin,Quinidine,7
Phenytoin,Hexylcaine,4
Phenytoin,Pitolisant,3
Phenytoin,Dronedarone,7
Phenytoin,Quinidine barbiturate,4
Phenytoin,Thioridazine,3
Phenytoin,Nintedanib,1
Phenytoin,Halofantrine,3
Phenytoin,Tocainide,4
Phenytoin,Mephenytoin,4
Phenytoin,Pentoxyverine,3
Phenytoin,Fostamatinib,1
Phenytoin,Propafenone,7
Phenytoin,Terfenadine,3
Phenytoin,Nefazodone,3
Phenytoin,Hydroxyzine,3
Phenytoin,Imipramine,3
Phenytoin,Loratadine,3
Phenytoin,Pemigatinib,1
Phenytoin,Ponatinib,1
Phenytoin,Ketoconazole,3
Phenytoin,Disopyramide,7
Phenytoin,Mexiletine,4
Phenytoin,Astemizole,3
Phenytoin,Ibutilide,3
Phenytoin,Chlorobutanol,3
Phenytoin,Ajmaline,4
Phenytoin,Carvedilol,3
Phenytoin,Prazosin,3
Phenytoin,Propofol,1
Phenytoin,Futibatinib,1
Phenytoin,Cisapride,3
Phenytoin,Lenvatinib,1
Phenytoin,Flecainide,7
Phenytoin,Verapamil,3
Phenytoin,Encainide,4
Phenytoin,Prilocaine,4
Phenytoin,Phenacemide,6
Phenytoin,Lacosamide,3
Phenytoin,Zonisamide,14
Phenytoin,Potassium nitrate,3
Phenytoin,Nitrazepam,6
Phenytoin,Loperamide,3
Phenytoin,Clarithromycin,3
Phenytoin,Cinchocaine,4
Phenytoin,Ciprofloxacin,3
Phenytoin,Riluzole,4
Phenytoin,Permethrin,6
Phenytoin,Amylmetacresol,1
Phenytoin,Sertindole,3
Phenytoin,Metergoline,1
Phenytoin,Sotalol,3
Phenytoin,Phenazopyridine,6
Phenytoin,Tamoxifen,3
Phenytoin,Fluoxetine,3
Phenytoin,Perhexiline,3
Phenytoin,Chlorpromazine,3
Phenytoin,Benzonatate,4
Phenytoin,Pimozide,3
Phenytoin,Terazosin,3
Phenytoin,Lidocaine,4
Phenytoin,Bepridil,4
Medrysone,Spironolactone,1
Medrysone,Triamcinolone,1
Medrysone,Loteprednol etabonate,1
Medrysone,Fluticasone furoate,1
Medrysone,Prednicarbate,1
Medrysone,Norethisterone,1
Medrysone,Prednisolone,1
Medrysone,Ulipristal,1
Medrysone,Fluoxymesterone,1
Medrysone,Levonorgestrel,1
Medrysone,Hydrocortisone acetate,1
Medrysone,Desoximetasone,1
Medrysone,Ulobetasol,1
Medrysone,Ciclesonide,1
Medrysone,Mometasone furoate,1
Medrysone,Betamethasone,1
Medrysone,Megestrol acetate,1
Medrysone,Flumethasone,1
Medrysone,Clobetasol propionate,1
Medrysone,Fluocinolone acetonide,1
Medrysone,Hydrocortisone,1
Medrysone,Hydrocortamate,1
Medrysone,Difluprednate,1
Medrysone,Fluorometholone,1
Medrysone,Hydrocortisone phosphate,1
Medrysone,Mifepristone,1
Medrysone,Gestrinone,1
Medrysone,Desonide,1
Medrysone,Betamethasone phosphate,1
Medrysone,Segesterone acetate,1
Medrysone,Clocortolone,1
Medrysone,Prednisone,1
Medrysone,Hydrocortisone cypionate,1
Medrysone,Hydrocortisone probutate,1
Medrysone,Progesterone,1
Medrysone,Flurandrenolide,1
Medrysone,Amcinonide,1
Medrysone,Clobetasone,1
Medrysone,Hydrocortisone valerate,1
Medrysone,Prednisolone phosphate,1
Medrysone,Methylprednisolone,1
Medrysone,Cortisone acetate,1
Medrysone,Drospirenone,1
Medrysone,Dexamethasone,1
Medrysone,Hydrocortisone butyrate,1
Medrysone,Prednisolone acetate,1
Medrysone,Dexamethasone acetate,1
Medrysone,Fluticasone propionate,1
Medrysone,Difluocortolone,1
Medrysone,Fluocinonide,1
Medrysone,Fludrocortisone,1
Medrysone,Beclomethasone dipropionate,1
Medrysone,Budesonide,1
Medrysone,Deflazacort,1
Medrysone,Fluticasone,1
Medrysone,Tixocortol,1
Medrysone,Rimexolone,1
Diethylstilbestrol,Ezogabine,1
Diethylstilbestrol,Calcium citrate,1
Diethylstilbestrol,Calcium Phosphate,1
Diethylstilbestrol,Flavone,2
Diethylstilbestrol,Artenimol,1
Diethylstilbestrol,Valproic acid,1
Diethylstilbestrol,Calcium phosphate dihydrate,1
Diethylstilbestrol,Copper,1
Diethylstilbestrol,Fostamatinib,1
Diethylstilbestrol,Heparin,1
Clotrimazole,Quinine,2
Clotrimazole,Halothane,2
Anagrelide,Aminophylline,1
Anagrelide,Levosimendan,1
Anagrelide,Enoximone,1
Anagrelide,Theophylline,1
Anagrelide,Cilostazol,1
Anagrelide,Oxtriphylline,1
Anagrelide,Amrinone,1
Dicoumarol,Phenprocoumon,1
Dicoumarol,Warfarin,1
Dicoumarol,Acenocoumarol,1
Dicoumarol,Phenindione,1
Isradipine,Erdafitinib,1
Isradipine,Levetiracetam,1
Isradipine,Meprobamate,1
Isradipine,Zinc acetate,1
Isradipine,Felodipine,9
Isradipine,Insulin detemir,1
Isradipine,Azathioprine,1
Isradipine,Halothane,1
Isradipine,Trifluoperazine,1
Isradipine,Artenimol,2
Isradipine,Ziconotide,2
Isradipine,Vigabatrin,1
Isradipine,Levamlodipine,5
Isradipine,Flavin mononucleotide,1
Isradipine,Selpercatinib,1
Isradipine,Nitrendipine,9
Isradipine,Thiopental,1
Isradipine,Diltiazem,4
Isradipine,Topiramate,1
Isradipine,Isoflurane,1
Isradipine,Sevoflurane,1
Isradipine,Infigratinib,1
Isradipine,Amlodipine,5
Isradipine,Eflornithine,1
Isradipine,Levosimendan,1
Isradipine,Brigatinib,1
Isradipine,Aluminum chloride,1
Isradipine,Pazopanib,1
Isradipine,Gabapentin enacarbil,4
Isradipine,Levocarnitine,1
Isradipine,Zolpidem,2
Isradipine,Phenelzine,1
Isradipine,Isavuconazole,4
Isradipine,Mavacamten,1
Isradipine,Dronedarone,5
Isradipine,Quinidine barbiturate,1
Isradipine,Clevidipine,5
Isradipine,Nintedanib,1
Isradipine,Zinc chloride,1
Isradipine,Etidronic acid,1
Isradipine,Insulin beef,1
Isradipine,Methoxyflurane,1
Isradipine,Fostamatinib,2
Isradipine,Ethanol,6
Isradipine,Cinnarizine,5
Isradipine,Lamotrigine,1
Isradipine,Atropine,1
Isradipine,D-Serine,1
Isradipine,Nandrolone decanoate,1
Isradipine,Pemigatinib,1
Isradipine,Ponatinib,1
Isradipine,Nimodipine,5
Isradipine,Desflurane,1
Isradipine,Insulin aspart,1
Isradipine,Ibutilide,4
Isradipine,Insulin degludec,1
Isradipine,Talbutal,1
Isradipine,Somatrem,1
Isradipine,Primidone,1
Isradipine,Futibatinib,1
Isradipine,Eszopiclone,1
Isradipine,Lenvatinib,1
Isradipine,Nilvadipine,5
Isradipine,Verapamil,6
Isradipine,Nifedipine,5
Isradipine,Pentobarbital,1
Isradipine,Gabapentin,4
Isradipine,Nicardipine,5
Isradipine,Zinc,1
Isradipine,Zopiclone,1
Isradipine,Carisoprodol,2
Isradipine,Hexachlorophene,1
Isradipine,Cannabidiol,1
Isradipine,Methylphenobarbital,1
Isradipine,Clodronic acid,1
Isradipine,Loperamide,1
Isradipine,Nisoldipine,5
Isradipine,Taurine,1
Isradipine,Ginkgo biloba,2
Isradipine,Mecasermin rinfabate,1
Isradipine,Mecasermin,1
Isradipine,Secobarbital,1
Isradipine,Butobarbital,1
Isradipine,Copper,2
Isradipine,Carboxymethylcellulose,1
Isradipine,Propiverine,4
Isradipine,Flumazenil,2
Isradipine,"Zinc sulfate, unspecified form",1
Isradipine,Teprotumumab,1
Isradipine,Amobarbital,1
Isradipine,Bioallethrin,1
Isradipine,Valproic acid,1
Isradipine,Lindane,1
Isradipine,Bepridil,5
Topiramate,Trichlormethiazide,2
Topiramate,Levetiracetam,1
Topiramate,Hydroflumethiazide,2
Topiramate,Acetylcysteine,1
Topiramate,Vigabatrin,1
Topiramate,Temsirolimus,1
Topiramate,Flavin mononucleotide,1
Topiramate,Memantine,1
Topiramate,Isoflurane,2
Topiramate,Quinethazone,1
Topiramate,Amlodipine,1
Topiramate,Brigatinib,1
Topiramate,Manganese,1
Topiramate,Orphenadrine,1
Topiramate,Everolimus,1
Topiramate,Phenelzine,1
Topiramate,Sirolimus,1
Topiramate,Dalfampridine,1
Topiramate,Ribavirin,1
Topiramate,Mycophenolic acid,1
Topiramate,Quinidine barbiturate,2
Topiramate,Propanoic acid,1
Topiramate,Zinc chloride,1
Topiramate,Insulin beef,1
Topiramate,Fostamatinib,3
Topiramate,Methohexital,1
Topiramate,Ethanol,2
Topiramate,D-Serine,2
Topiramate,Nandrolone decanoate,1
Topiramate,Esketamine,1
Topiramate,Methyprylon,1
Topiramate,Diclofenamide,2
Topiramate,Insulin degludec,1
Topiramate,Celecoxib,1
Topiramate,Talbutal,2
Topiramate,Somatrem,1
Topiramate,Primidone,2
Topiramate,Bendroflumethiazide,2
Topiramate,Verapamil,2
Topiramate,Zinc,1
Topiramate,Zopiclone,2
Topiramate,Methazolamide,2
Topiramate,Sodium carbonate,2
Topiramate,Zonisamide,2
Topiramate,Sodium sulfate,1
Topiramate,Phenobarbital,1
Topiramate,Taurine,2
Topiramate,Mecasermin,1
Topiramate,Copper,2
Topiramate,Voretigene neparvovec,1
Topiramate,Flumazenil,2
Topiramate,Palmitic Acid,1
Topiramate,Sulpiride,1
Topiramate,Glutethimide,1
Topiramate,Lumateperone,1
Topiramate,Pimecrolimus,1
Topiramate,Bioallethrin,1
Topiramate,Urea,1
Topiramate,Levothyroxine,1
Topiramate,Bepridil,2
Topiramate,Zinc acetate,1
Topiramate,Felodipine,1
Topiramate,Insulin detemir,1
Topiramate,Azathioprine,1
Topiramate,Meperidine,1
Topiramate,Acetazolamide,2
Topiramate,Halothane,3
Topiramate,Amoxapine,1
Topiramate,Artenimol,1
Topiramate,Ziconotide,2
Topiramate,Thiamylal,1
Topiramate,Chlorothiazide,1
Topiramate,Nitrendipine,1
Topiramate,Thiopental,2
Topiramate,Sevoflurane,1
Topiramate,Eflornithine,2
Topiramate,Gabapentin enacarbil,1
Topiramate,Zolpidem,2
Topiramate,Dronedarone,1
Topiramate,Dorzolamide,2
Topiramate,Cyclothiazide,1
Topiramate,Methoxyflurane,2
Topiramate,Xanthinol,1
Topiramate,Diazoxide,1
Topiramate,Lamotrigine,3
Topiramate,Atropine,1
Topiramate,Benzthiazide,2
Topiramate,Furosemide,1
Topiramate,Dequalinium,1
Topiramate,Haloperidol,1
Topiramate,Desflurane,1
Topiramate,Insulin aspart,1
Topiramate,Vardenafil,1
Topiramate,Valdecoxib,1
Topiramate,Tadalafil,1
Topiramate,Mycophenolate mofetil,1
Topiramate,Eszopiclone,2
Topiramate,Pentobarbital,2
Topiramate,Gabapentin,1
Topiramate,Brinzolamide,2
Topiramate,Carisoprodol,2
Topiramate,Cannabidiol,1
Topiramate,Methylphenobarbital,2
Topiramate,Loperamide,1
Topiramate,Zaleplon,1
Topiramate,Liothyronine,1
Topiramate,Liotrix,1
Topiramate,Ginkgo biloba,2
Topiramate,Felbamate,1
Topiramate,Mecasermin rinfabate,1
Topiramate,Secobarbital,2
Topiramate,Ethinamate,1
Topiramate,Butobarbital,2
Topiramate,Tretinoin,1
Topiramate,Sulthiame,1
Topiramate,Carboxymethylcellulose,2
Topiramate,"Zinc sulfate, unspecified form",1
Topiramate,Teprotumumab,1
Topiramate,"Thyroid, porcine",1
Topiramate,Hyaluronic acid,1
Topiramate,Amobarbital,2
Topiramate,Valproic acid,2
Topiramate,Dextrothyroxine,1
Topiramate,Meprobamate,2
Topiramate,Etomidate,1
Topiramate,Lindane,1
Amsacrine,Norelgestromin,1
Amsacrine,Disopyramide,3
Amsacrine,Procainamide,3
Amsacrine,Doxepin,3
Amsacrine,Astemizole,3
Amsacrine,Ibutilide,3
Amsacrine,Vernakalant,3
Amsacrine,Chlorobutanol,3
Amsacrine,Carvedilol,3
Amsacrine,Prazosin,3
Amsacrine,Phenol,1
Amsacrine,Artenimol,1
Amsacrine,Cisapride,3
Amsacrine,Cefotaxime,1
Amsacrine,Flecainide,3
Amsacrine,Guaiacol,1
Amsacrine,Verapamil,3
Amsacrine,Isavuconazole,3
Amsacrine,Quinidine,3
Amsacrine,Potassium nitrate,3
Amsacrine,Dronedarone,3
Amsacrine,Loperamide,3
Amsacrine,Pitolisant,3
Amsacrine,Silver,1
Amsacrine,Clarithromycin,3
Amsacrine,Ciprofloxacin,3
Amsacrine,Thioridazine,3
Amsacrine,Halofantrine,3
Amsacrine,Sertindole,3
Amsacrine,Pentoxyverine,3
Amsacrine,Patent Blue,1
Amsacrine,Propafenone,3
Amsacrine,Sotalol,3
Amsacrine,Terfenadine,3
Amsacrine,Tamoxifen,3
Amsacrine,Nefazodone,3
Amsacrine,Fluoxetine,3
Amsacrine,Hydroxyzine,3
Amsacrine,Perhexiline,3
Amsacrine,Chlorpromazine,3
Amsacrine,Imipramine,3
Amsacrine,Pimozide,3
Amsacrine,Terazosin,3
Amsacrine,Loratadine,3
Amsacrine,Ketoconazole,3
Amsacrine,Bepridil,3
Theophylline,Aminophylline,1
Theophylline,Levosimendan,1
Theophylline,Enoximone,1
Theophylline,Cilostazol,1
Theophylline,Oxtriphylline,1
Theophylline,Amrinone,1
Argatroban,Dabigatran etexilate,2
Argatroban,Zinc acetate,2
Argatroban,Human C1-esterase inhibitor,2
Argatroban,Copper,2
Argatroban,Enoxaparin,2
Argatroban,Coagulation Factor IX Human,2
Argatroban,Thrombomodulin Alfa,2
Argatroban,Zinc,2
Argatroban,Turoctocog alfa,2
Argatroban,Conestat alfa,2
Argatroban,Anti-inhibitor coagulant complex,2
Argatroban,Antithrombin Alfa,2
Argatroban,Turoctocog alfa pegol,2
Argatroban,Proflavine,2
Argatroban,Kappadione,2
Argatroban,Ximelagatran,2
Liothyronine,Eflornithine,1
Liothyronine,"Thyroid, porcine",10
Liothyronine,Liotrix,10
Liothyronine,Valproic acid,1
Liothyronine,Lamotrigine,1
Liothyronine,Dextrothyroxine,10
Liothyronine,Levothyroxine,10
Liothyronine,Dronedarone,5
Disopyramide,Mexiletine,4
Disopyramide,Procainamide,7
Disopyramide,Doxepin,3
Disopyramide,Astemizole,3
Disopyramide,Vernakalant,7
Disopyramide,Ibutilide,3
Disopyramide,Ajmaline,4
Disopyramide,Chlorobutanol,3
Disopyramide,Carvedilol,3
Disopyramide,Moricizine,4
Disopyramide,Prazosin,3
Disopyramide,Cisapride,3
Disopyramide,Flecainide,7
Disopyramide,Verapamil,3
Disopyramide,Encainide,4
Disopyramide,Fosphenytoin,4
Disopyramide,Prilocaine,4
Disopyramide,Ethotoin,4
Disopyramide,Isavuconazole,7
Disopyramide,Quinidine,7
Disopyramide,Zonisamide,4
Disopyramide,Potassium nitrate,3
Disopyramide,Hexylcaine,4
Disopyramide,Dronedarone,7
Disopyramide,Loperamide,3
Disopyramide,Pitolisant,3
Disopyramide,Quinidine barbiturate,4
Disopyramide,Clarithromycin,3
Disopyramide,Cinchocaine,4
Disopyramide,Riluzole,4
Disopyramide,Ciprofloxacin,3
Disopyramide,Thioridazine,3
Disopyramide,Halofantrine,3
Disopyramide,Tocainide,4
Disopyramide,Mephenytoin,4
Disopyramide,Sertindole,3
Disopyramide,Pentoxyverine,3
Disopyramide,Propafenone,7
Disopyramide,Sotalol,3
Disopyramide,Terfenadine,3
Disopyramide,Tamoxifen,3
Disopyramide,Nefazodone,3
Disopyramide,Fluoxetine,3
Disopyramide,Hydroxyzine,3
Disopyramide,Perhexiline,3
Disopyramide,Benzonatate,4
Disopyramide,Chlorpromazine,3
Disopyramide,Ketoconazole,3
Disopyramide,Imipramine,3
Disopyramide,Pimozide,3
Disopyramide,Terazosin,3
Disopyramide,Loratadine,3
Disopyramide,Lidocaine,4
Disopyramide,Bepridil,4
Lidocaine,Mexiletine,4
Lidocaine,Neratinib,1
Lidocaine,Procainamide,4
Lidocaine,Larotrectinib,1
Lidocaine,Vernakalant,4
Lidocaine,Ajmaline,4
Lidocaine,Regorafenib,1
Lidocaine,Moricizine,4
Lidocaine,Dacomitinib,1
Lidocaine,Flecainide,4
Lidocaine,Necitumumab,1
Lidocaine,Encainide,4
Lidocaine,Fosphenytoin,4
Lidocaine,Prilocaine,4
Lidocaine,Brigatinib,1
Lidocaine,Mobocertinib,1
Lidocaine,Lacosamide,2
Lidocaine,Pralsetinib,1
Lidocaine,Ethotoin,4
Lidocaine,Panitumumab,1
Lidocaine,Isavuconazole,4
Lidocaine,Quinidine,4
Lidocaine,Zonisamide,6
Lidocaine,Hexylcaine,4
Lidocaine,Dronedarone,4
Lidocaine,Osimertinib,1
Lidocaine,Amivantamab,1
Lidocaine,Quinidine barbiturate,4
Lidocaine,Erlotinib,1
Lidocaine,Cinchocaine,4
Lidocaine,Riluzole,4
Lidocaine,Foreskin keratinocyte (neonatal),1
Lidocaine,Tocainide,4
Lidocaine,Entrectinib,1
Lidocaine,Mephenytoin,4
Lidocaine,Imatinib,1
Lidocaine,Fostamatinib,2
Lidocaine,Propafenone,4
Lidocaine,Rufinamide,2
Lidocaine,Vandetanib,1
Lidocaine,Amitriptyline,1
Lidocaine,Gefitinib,1
Lidocaine,Zanubrutinib,1
Lidocaine,Benzonatate,4
Lidocaine,Cenegermin,1
Lidocaine,Afatinib,1
Lidocaine,Lapatinib,1
Lidocaine,Bepridil,1
Pamidronic acid,Risedronic acid,1
Pamidronic acid,Zoledronic acid,1
Pamidronic acid,Alendronic acid,1
Pamidronic acid,Ibandronate,1
Acarbose,Miglitol,2
Acarbose,alpha-Arbutin,2
Acarbose,Scopolamine,1
Amcinonide,Spironolactone,1
Amcinonide,Triamcinolone,1
Amcinonide,Loteprednol etabonate,1
Amcinonide,Fluticasone furoate,1
Amcinonide,Prednicarbate,1
Amcinonide,Norethisterone,1
Amcinonide,Prednisolone,1
Amcinonide,Ulipristal,1
Amcinonide,Fluoxymesterone,1
Amcinonide,Levonorgestrel,1
Amcinonide,Hydrocortisone acetate,1
Amcinonide,Desoximetasone,1
Amcinonide,Ulobetasol,1
Amcinonide,Ciclesonide,1
Amcinonide,Mometasone furoate,1
Amcinonide,Betamethasone,1
Amcinonide,Megestrol acetate,1
Amcinonide,Flumethasone,1
Amcinonide,Clobetasol propionate,1
Amcinonide,Fluocinolone acetonide,1
Amcinonide,Hydrocortisone,1
Amcinonide,Hydrocortamate,1
Amcinonide,Difluprednate,1
Amcinonide,Fluorometholone,1
Amcinonide,Hydrocortisone phosphate,1
Amcinonide,Mifepristone,1
Amcinonide,Gestrinone,1
Amcinonide,Desonide,1
Amcinonide,Betamethasone phosphate,1
Amcinonide,Segesterone acetate,1
Amcinonide,Clocortolone,1
Amcinonide,Prednisone,1
Amcinonide,Hydrocortisone cypionate,1
Amcinonide,Hydrocortisone probutate,1
Amcinonide,Progesterone,1
Amcinonide,Flurandrenolide,1
Amcinonide,Clobetasone,1
Amcinonide,Hydrocortisone valerate,1
Amcinonide,Prednisolone phosphate,1
Amcinonide,Methylprednisolone,1
Amcinonide,Cortisone acetate,1
Amcinonide,Drospirenone,1
Amcinonide,Dexamethasone,1
Amcinonide,Hydrocortisone butyrate,1
Amcinonide,Prednisolone acetate,1
Amcinonide,Dexamethasone acetate,1
Amcinonide,Fluticasone propionate,1
Amcinonide,Difluocortolone,1
Amcinonide,Fluocinonide,1
Amcinonide,Fludrocortisone,1
Amcinonide,Beclomethasone dipropionate,1
Amcinonide,Budesonide,1
Amcinonide,Deflazacort,1
Amcinonide,Fluticasone,1
Amcinonide,Tixocortol,1
Amcinonide,Rimexolone,1
Etomidate,Meperidine,1
Etomidate,Apraclonidine,1
Etomidate,Thiamylal,1
Etomidate,Amoxapine,1
Etomidate,Artenimol,1
Etomidate,Halothane,1
Etomidate,Oxymetazoline,1
Etomidate,Acetylcysteine,1
Etomidate,Clozapine,1
Etomidate,Ziconotide,1
Etomidate,Yohimbine,1
Etomidate,Memantine,1
Etomidate,Thiopental,1
Etomidate,Isoflurane,1
Etomidate,Quetiapine,1
Etomidate,Mianserin,1
Etomidate,Brimonidine,1
Etomidate,Methotrimeprazine,1
Etomidate,Orphenadrine,1
Etomidate,Everolimus,1
Etomidate,Zolpidem,1
Etomidate,Paliperidone,1
Etomidate,Loxapine,1
Etomidate,Sirolimus,1
Etomidate,Dalfampridine,1
Etomidate,Dronedarone,1
Etomidate,Quinidine barbiturate,1
Etomidate,Propanoic acid,1
Etomidate,Aripiprazole lauroxil,1
Etomidate,Trimipramine,1
Etomidate,Methoxyflurane,1
Etomidate,Norepinephrine,1
Etomidate,Fostamatinib,1
Etomidate,Celiprolol,1
Etomidate,Tolazoline,1
Etomidate,Methohexital,1
Etomidate,Guanabenz,1
Etomidate,Ethanol,1
Etomidate,Pizotifen,1
Etomidate,D-Serine,1
Etomidate,Esketamine,1
Etomidate,Methyprylon,1
Etomidate,Lisuride,1
Etomidate,Droxidopa,1
Etomidate,Haloperidol,2
Etomidate,Bromocriptine,1
Etomidate,Phenoxybenzamine,1
Etomidate,Carvedilol,1
Etomidate,Prazosin,1
Etomidate,Rotigotine,1
Etomidate,Talbutal,1
Etomidate,Primidone,1
Etomidate,Fenoldopam,1
Etomidate,Eszopiclone,1
Etomidate,Metamfetamine,1
Etomidate,Risperidone,1
Etomidate,Verapamil,1
Etomidate,Pentobarbital,1
Etomidate,Epinephrine,1
Etomidate,Asenapine,1
Etomidate,Zopiclone,1
Etomidate,Carisoprodol,1
Etomidate,Racepinephrine,1
Etomidate,Methylphenobarbital,1
Etomidate,Phenobarbital,1
Etomidate,Guanfacine,1
Etomidate,Loperamide,1
Etomidate,Zaleplon,1
Etomidate,Taurine,1
Etomidate,Ginkgo biloba,1
Etomidate,Felbamate,1
Etomidate,Xylometazoline,1
Etomidate,Secobarbital,1
Etomidate,Butobarbital,1
Etomidate,Apomorphine,1
Etomidate,Carboxymethylcellulose,1
Etomidate,Flumazenil,1
Etomidate,Clonidine,1
Etomidate,Aripiprazole,1
Etomidate,Glutethimide,1
Etomidate,Lumateperone,1
Etomidate,Pimecrolimus,1
Etomidate,Amobarbital,1
Etomidate,Bioallethrin,1
Etomidate,Meprobamate,1
Etomidate,Temsirolimus,1
Etomidate,Bepridil,1
Tranexamic acid,Aprotinin,2
Tranexamic acid,Aminocaproic acid,2
Tranexamic acid,Copper,2
Talbutal,Meprobamate,2
Talbutal,Levetiracetam,1
Talbutal,Zinc acetate,1
Talbutal,Felodipine,1
Talbutal,Insulin detemir,1
Talbutal,Azathioprine,1
Talbutal,Meperidine,1
Talbutal,Halothane,2
Talbutal,Amoxapine,1
Talbutal,Artenimol,1
Talbutal,Ziconotide,2
Talbutal,Acetylcysteine,1
Talbutal,Thiamylal,1
Talbutal,Vigabatrin,1
Talbutal,Flavin mononucleotide,1
Talbutal,Memantine,1
Talbutal,Nitrendipine,1
Talbutal,Thiopental,5
Talbutal,Isoflurane,2
Talbutal,Sevoflurane,1
Talbutal,Amlodipine,1
Talbutal,Eflornithine,1
Talbutal,Brigatinib,1
Talbutal,Orphenadrine,1
Talbutal,Everolimus,1
Talbutal,Gabapentin enacarbil,1
Talbutal,Zolpidem,2
Talbutal,Phenelzine,1
Talbutal,Sirolimus,1
Talbutal,Dalfampridine,1
Talbutal,Quinidine barbiturate,4
Talbutal,Propanoic acid,1
Talbutal,Zinc chloride,1
Talbutal,Insulin beef,1
Talbutal,Methoxyflurane,2
Talbutal,Fostamatinib,2
Talbutal,Fluciclovine (18F),2
Talbutal,Methohexital,1
Talbutal,Ethanol,4
Talbutal,Lamotrigine,1
Talbutal,Atropine,1
Talbutal,D-Serine,2
Talbutal,Nandrolone decanoate,1
Talbutal,Esketamine,1
Talbutal,Methyprylon,1
Talbutal,Haloperidol,1
Talbutal,Desflurane,1
Talbutal,Insulin aspart,1
Talbutal,Insulin degludec,1
Talbutal,Somatrem,1
Talbutal,Primidone,5
Talbutal,Eszopiclone,2
Talbutal,Verapamil,2
Talbutal,Pentobarbital,5
Talbutal,Gabapentin,1
Talbutal,Zinc,1
Talbutal,Zopiclone,2
Talbutal,Carisoprodol,2
Talbutal,Cannabidiol,1
Talbutal,Methylphenobarbital,5
Talbutal,Phenobarbital,4
Talbutal,Loperamide,1
Talbutal,Zaleplon,1
Talbutal,Taurine,2
Talbutal,Ginkgo biloba,2
Talbutal,Felbamate,1
Talbutal,Mecasermin rinfabate,1
Talbutal,Mecasermin,1
Talbutal,Secobarbital,5
Talbutal,Butobarbital,5
Talbutal,Copper,1
Talbutal,Carboxymethylcellulose,2
Talbutal,"Zinc sulfate, unspecified form",1
Talbutal,Flumazenil,2
Talbutal,Glutethimide,1
Talbutal,Teprotumumab,1
Talbutal,Lumateperone,1
Talbutal,Pimecrolimus,1
Talbutal,Amobarbital,5
Talbutal,Bioallethrin,1
Talbutal,Valproic acid,1
Talbutal,Lindane,1
Talbutal,Temsirolimus,1
Talbutal,Bepridil,2
Ibutilide,Procainamide,3
Ibutilide,Doxepin,3
Ibutilide,Felodipine,4
Ibutilide,Vernakalant,3
Ibutilide,Zinc acetate,3
Ibutilide,Thiamylal,7
Ibutilide,Trifluoperazine,1
Ibutilide,Artenimol,1
Ibutilide,Tolbutamide,1
Ibutilide,Levamlodipine,4
Ibutilide,Diltiazem,4
Ibutilide,Nitrendipine,4
Ibutilide,Amlodipine,4
Ibutilide,Levosimendan,8
Ibutilide,Levocarnitine,1
Ibutilide,Isavuconazole,14
Ibutilide,Mavacamten,1
Ibutilide,Quinidine,3
Ibutilide,Pitolisant,3
Ibutilide,Dronedarone,7
Ibutilide,Clevidipine,4
Ibutilide,Thioridazine,3
Ibutilide,Zinc chloride,3
Ibutilide,Etidronic acid,1
Ibutilide,Halofantrine,3
Ibutilide,Pentoxyverine,3
Ibutilide,Nateglinide,1
Ibutilide,Propafenone,3
Ibutilide,Terfenadine,3
Ibutilide,Nefazodone,3
Ibutilide,Hydroxyzine,3
Ibutilide,Diazoxide,7
Ibutilide,Cinnarizine,4
Ibutilide,Ethanol,4
Ibutilide,Gliquidone,1
Ibutilide,Imipramine,3
Ibutilide,Loratadine,3
Ibutilide,Ketoconazole,3
Ibutilide,Nimodipine,4
Ibutilide,Glymidine,1
Ibutilide,Astemizole,3
Ibutilide,Chlorobutanol,3
Ibutilide,Repaglinide,1
Ibutilide,Carvedilol,3
Ibutilide,Prazosin,3
Ibutilide,Cisapride,3
Ibutilide,Nilvadipine,4
Ibutilide,Flecainide,3
Ibutilide,Verapamil,14
Ibutilide,Nifedipine,4
Ibutilide,Nicardipine,4
Ibutilide,Glipizide,1
Ibutilide,Zinc,3
Ibutilide,Lauric acid,2
Ibutilide,Potassium nitrate,3
Ibutilide,Clodronic acid,1
Ibutilide,Loperamide,3
Ibutilide,Nisoldipine,4
Ibutilide,Clarithromycin,3
Ibutilide,Ciprofloxacin,3
Ibutilide,Gliclazide,1
Ibutilide,Sertindole,3
Ibutilide,"Zinc sulfate, unspecified form",3
Ibutilide,Propiverine,4
Ibutilide,Sotalol,3
Ibutilide,Tamoxifen,3
Ibutilide,Fluoxetine,3
Ibutilide,Perhexiline,3
Ibutilide,Chlorpromazine,3
Ibutilide,Polyethylene glycol 400,1
Ibutilide,Pimozide,3
Ibutilide,Terazosin,3
Ibutilide,Chlorpropamide,1
Ibutilide,Bepridil,4
Chlorthalidone,Quinethazone,1
Chlorthalidone,Piretanide,1
Chlorthalidone,Bumetanide,1
Chlorthalidone,Hydroflumethiazide,1
Chlorthalidone,Potassium chloride,1
Chlorthalidone,Etacrynic acid,1
Chlorthalidone,Furosemide,1
Chlorthalidone,Chlormerodrin,1
Pentobarbital,Meprobamate,2
Pentobarbital,Levetiracetam,1
Pentobarbital,Zinc acetate,1
Pentobarbital,Felodipine,1
Pentobarbital,Insulin detemir,1
Pentobarbital,Azathioprine,1
Pentobarbital,Meperidine,1
Pentobarbital,Halothane,2
Pentobarbital,Amoxapine,1
Pentobarbital,Artenimol,1
Pentobarbital,Ziconotide,2
Pentobarbital,Acetylcysteine,1
Pentobarbital,Thiamylal,1
Pentobarbital,Vigabatrin,1
Pentobarbital,Flavin mononucleotide,1
Pentobarbital,Memantine,1
Pentobarbital,Nitrendipine,1
Pentobarbital,Thiopental,5
Pentobarbital,Isoflurane,2
Pentobarbital,Sevoflurane,1
Pentobarbital,Amlodipine,1
Pentobarbital,Eflornithine,1
Pentobarbital,Brigatinib,1
Pentobarbital,Orphenadrine,1
Pentobarbital,Everolimus,1
Pentobarbital,Gabapentin enacarbil,1
Pentobarbital,Zolpidem,2
Pentobarbital,Phenelzine,1
Pentobarbital,Sirolimus,1
Pentobarbital,Dalfampridine,1
Pentobarbital,Quinidine barbiturate,4
Pentobarbital,Propanoic acid,1
Pentobarbital,Zinc chloride,1
Pentobarbital,Insulin beef,1
Pentobarbital,Methoxyflurane,2
Pentobarbital,Fostamatinib,2
Pentobarbital,Fluciclovine (18F),2
Pentobarbital,Methohexital,1
Pentobarbital,Ethanol,4
Pentobarbital,Lamotrigine,1
Pentobarbital,Atropine,1
Pentobarbital,D-Serine,2
Pentobarbital,Nandrolone decanoate,1
Pentobarbital,Esketamine,1
Pentobarbital,Methyprylon,1
Pentobarbital,Haloperidol,1
Pentobarbital,Desflurane,1
Pentobarbital,Insulin aspart,1
Pentobarbital,Insulin degludec,1
Pentobarbital,Somatrem,1
Pentobarbital,Primidone,5
Pentobarbital,Eszopiclone,2
Pentobarbital,Verapamil,2
Pentobarbital,Gabapentin,1
Pentobarbital,Zinc,1
Pentobarbital,Zopiclone,2
Pentobarbital,Carisoprodol,2
Pentobarbital,Cannabidiol,1
Pentobarbital,Methylphenobarbital,5
Pentobarbital,Phenobarbital,4
Pentobarbital,Loperamide,1
Pentobarbital,Zaleplon,1
Pentobarbital,Taurine,2
Pentobarbital,Ginkgo biloba,2
Pentobarbital,Felbamate,1
Pentobarbital,Mecasermin rinfabate,1
Pentobarbital,Mecasermin,1
Pentobarbital,Secobarbital,5
Pentobarbital,Butobarbital,5
Pentobarbital,Copper,1
Pentobarbital,Carboxymethylcellulose,2
Pentobarbital,"Zinc sulfate, unspecified form",1
Pentobarbital,Flumazenil,2
Pentobarbital,Glutethimide,1
Pentobarbital,Teprotumumab,1
Pentobarbital,Lumateperone,1
Pentobarbital,Pimecrolimus,1
Pentobarbital,Amobarbital,5
Pentobarbital,Bioallethrin,1
Pentobarbital,Valproic acid,1
Pentobarbital,Lindane,1
Pentobarbital,Temsirolimus,1
Pentobarbital,Bepridil,2
Valproic acid,Meprobamate,1
Valproic acid,Levetiracetam,1
Valproic acid,Zinc acetate,1
Valproic acid,Felodipine,1
Valproic acid,Insulin detemir,1
Valproic acid,Azathioprine,1
Valproic acid,Liotrix,1
Valproic acid,Halothane,1
Valproic acid,Artenimol,1
Valproic acid,Ziconotide,1
Valproic acid,Calcium phosphate dihydrate,1
Valproic acid,Vigabatrin,1
Valproic acid,Flavin mononucleotide,1
Valproic acid,Nitrendipine,1
Valproic acid,Thiopental,1
Valproic acid,Isoflurane,1
Valproic acid,Sevoflurane,1
Valproic acid,Amlodipine,1
Valproic acid,Eflornithine,4
Valproic acid,Brigatinib,1
Valproic acid,Gabapentin enacarbil,1
Valproic acid,Zolpidem,1
Valproic acid,Calcium citrate,1
Valproic acid,Phenelzine,1
Valproic acid,Dronedarone,1
Valproic acid,Quinidine barbiturate,1
Valproic acid,Zinc chloride,1
Valproic acid,Insulin beef,1
Valproic acid,Methoxyflurane,1
Valproic acid,Fostamatinib,2
Valproic acid,Levothyroxine,1
Valproic acid,Heparin,2
Valproic acid,Ethanol,1
Valproic acid,Lamotrigine,2
Valproic acid,Ambrisentan,1
Valproic acid,Bosentan,1
Valproic acid,Atropine,1
Valproic acid,D-Serine,1
Valproic acid,Nandrolone decanoate,1
Valproic acid,Sitaxentan,1
Valproic acid,Desflurane,1
Valproic acid,Insulin aspart,1
Valproic acid,Calcium Phosphate,1
Valproic acid,Insulin degludec,1
Valproic acid,Somatrem,1
Valproic acid,Primidone,1
Valproic acid,Eszopiclone,1
Valproic acid,Verapamil,1
Valproic acid,Gabapentin,1
Valproic acid,Ezogabine,1
Valproic acid,Flavone,1
Valproic acid,Zinc,1
Valproic acid,Zopiclone,1
Valproic acid,Carisoprodol,1
Valproic acid,Cannabidiol,1
Valproic acid,Methylphenobarbital,1
Valproic acid,Taurine,1
Valproic acid,Ginkgo biloba,1
Valproic acid,Mecasermin rinfabate,1
Valproic acid,Mecasermin,1
Valproic acid,Secobarbital,1
Valproic acid,Macitentan,1
Valproic acid,Butobarbital,1
Valproic acid,Copper,2
Valproic acid,Carboxymethylcellulose,1
Valproic acid,"Zinc sulfate, unspecified form",1
Valproic acid,Flumazenil,1
Valproic acid,Teprotumumab,1
Valproic acid,Acetylsalicylic acid,1
Valproic acid,"Thyroid, porcine",1
Valproic acid,Amobarbital,1
Valproic acid,Dextrothyroxine,1
Valproic acid,Chlormerodrin,1
Valproic acid,Lindane,1
Valproic acid,Bepridil,1
Acetaminophen,Ketorolac,1
Acetaminophen,Glycol salicylate,1
Acetaminophen,Oxaprozin,1
Acetaminophen,Loxoprofen,1
Acetaminophen,Lumiracoxib,1
Acetaminophen,Dexketoprofen,1
Acetaminophen,Phenylbutazone,1
Acetaminophen,Phenyl salicylate,1
Acetaminophen,Suprofen,1
Acetaminophen,Ketoprofen,1
Acetaminophen,Ibuprofen,1
Acetaminophen,Lornoxicam,1
Acetaminophen,Tiaprofenic acid,1
Acetaminophen,Nabumetone,1
Acetaminophen,Dexibuprofen,1
Acetaminophen,Trolamine salicylate,1
Acetaminophen,Diflunisal,1
Acetaminophen,Etodolac,1
Acetaminophen,Naproxen,1
Acetaminophen,Sulindac,1
Acetaminophen,Metamizole,1
Acetaminophen,Antipyrine,1
Acetaminophen,Flurbiprofen,1
Acetaminophen,Balsalazide,1
Acetaminophen,Cannabidiol,1
Acetaminophen,Bendazac,1
Acetaminophen,Acemetacin,1
Acetaminophen,Diclofenac,1
Acetaminophen,Salsalate,1
Acetaminophen,Diethylcarbamazine,1
Acetaminophen,Meloxicam,1
Acetaminophen,Choline magnesium trisalicylate,1
Acetaminophen,Piroxicam,1
Acetaminophen,Indomethacin,1
Acetaminophen,Tolfenamic acid,1
Acetaminophen,Acetylsalicylic acid,1
Acetaminophen,Carprofen,1
Acetaminophen,Mefenamic acid,1
Acetaminophen,Minoxidil,1
Acetaminophen,Flufenamic acid,1
Acetaminophen,Meclofenamic acid,1
Acetaminophen,Bromfenac,1
Acetaminophen,Antrafenine,1
Acetaminophen,Tolmetin,1
Acetaminophen,Salicylic acid,1
Acetaminophen,Aceclofenac,1
Acetaminophen,Nepafenac,1
Acetaminophen,Menthyl salicylate,1
Acetaminophen,Bufexamac,1
Acetaminophen,Fenoprofen,1
Acetaminophen,Triflusal,1
Acetaminophen,Sulfasalazine,1
Acetaminophen,Tenoxicam,1
Gefitinib,Erlotinib,1
Gefitinib,Neratinib,1
Gefitinib,Foreskin keratinocyte (neonatal),1
Gefitinib,Fostamatinib,1
Gefitinib,Dacomitinib,1
Gefitinib,Necitumumab,1
Gefitinib,Vandetanib,1
Gefitinib,Brigatinib,1
Gefitinib,Mobocertinib,1
Gefitinib,Zanubrutinib,1
Gefitinib,Panitumumab,1
Gefitinib,Afatinib,1
Gefitinib,Osimertinib,1
Gefitinib,Amivantamab,1
Gefitinib,Lapatinib,1
Amitriptyline,Larotrectinib,1
Amitriptyline,Desflurane,1
Amitriptyline,Entrectinib,1
Amitriptyline,Regorafenib,1
Amitriptyline,Methoxyflurane,1
Amitriptyline,Imatinib,1
Amitriptyline,Fostamatinib,1
Amitriptyline,Isoflurane,1
Amitriptyline,Rufinamide,1
Amitriptyline,Pralsetinib,1
Amitriptyline,Lacosamide,1
Amitriptyline,Cenegermin,1
Amitriptyline,Zonisamide,1
Amitriptyline,Dalfampridine,1
Amitriptyline,Amifampridine,1
Fluorometholone,Spironolactone,1
Fluorometholone,Triamcinolone,1
Fluorometholone,Loteprednol etabonate,1
Fluorometholone,Fluticasone furoate,1
Fluorometholone,Prednicarbate,1
Fluorometholone,Norethisterone,1
Fluorometholone,Prednisolone,1
Fluorometholone,Ulipristal,1
Fluorometholone,Fluoxymesterone,1
Fluorometholone,Levonorgestrel,1
Fluorometholone,Hydrocortisone acetate,1
Fluorometholone,Desoximetasone,1
Fluorometholone,Ulobetasol,1
Fluorometholone,Ciclesonide,1
Fluorometholone,Mometasone furoate,1
Fluorometholone,Betamethasone,1
Fluorometholone,Megestrol acetate,1
Fluorometholone,Flumethasone,1
Fluorometholone,Clobetasol propionate,1
Fluorometholone,Fluocinolone acetonide,1
Fluorometholone,Hydrocortisone,1
Fluorometholone,Hydrocortamate,1
Fluorometholone,Difluprednate,1
Fluorometholone,Hydrocortisone phosphate,1
Fluorometholone,Mifepristone,1
Fluorometholone,Gestrinone,1
Fluorometholone,Desonide,1
Fluorometholone,Betamethasone phosphate,1
Fluorometholone,Segesterone acetate,1
Fluorometholone,Clocortolone,1
Fluorometholone,Prednisone,1
Fluorometholone,Hydrocortisone cypionate,1
Fluorometholone,Hydrocortisone probutate,1
Fluorometholone,Progesterone,1
Fluorometholone,Flurandrenolide,1
Fluorometholone,Clobetasone,1
Fluorometholone,Hydrocortisone valerate,1
Fluorometholone,Prednisolone phosphate,1
Fluorometholone,Methylprednisolone,1
Fluorometholone,Cortisone acetate,1
Fluorometholone,Drospirenone,1
Fluorometholone,Dexamethasone,1
Fluorometholone,Hydrocortisone butyrate,1
Fluorometholone,Prednisolone acetate,1
Fluorometholone,Dexamethasone acetate,1
Fluorometholone,Fluticasone propionate,1
Fluorometholone,Difluocortolone,1
Fluorometholone,Fluocinonide,1
Fluorometholone,Fludrocortisone,1
Fluorometholone,Beclomethasone dipropionate,1
Fluorometholone,Budesonide,1
Fluorometholone,Deflazacort,1
Fluorometholone,Fluticasone,1
Fluorometholone,Tixocortol,1
Fluorometholone,Rimexolone,1
Indomethacin,Ketorolac,1
Indomethacin,Glycol salicylate,1
Indomethacin,Oxaprozin,1
Indomethacin,Loxoprofen,1
Indomethacin,Lumiracoxib,1
Indomethacin,Dexketoprofen,1
Indomethacin,Phenylbutazone,1
Indomethacin,Phenyl salicylate,1
Indomethacin,Suprofen,1
Indomethacin,Ketoprofen,1
Indomethacin,Ibuprofen,1
Indomethacin,Lornoxicam,1
Indomethacin,Tiaprofenic acid,1
Indomethacin,Nabumetone,1
Indomethacin,Dexibuprofen,1
Indomethacin,Trolamine salicylate,1
Indomethacin,Diflunisal,1
Indomethacin,Etodolac,1
Indomethacin,Naproxen,1
Indomethacin,Sulindac,1
Indomethacin,Metamizole,1
Indomethacin,Antipyrine,1
Indomethacin,Flurbiprofen,1
Indomethacin,Balsalazide,1
Indomethacin,Cannabidiol,1
Indomethacin,Bendazac,1
Indomethacin,Acemetacin,1
Indomethacin,Diclofenac,1
Indomethacin,Salsalate,1
Indomethacin,Diethylcarbamazine,1
Indomethacin,Meloxicam,1
Indomethacin,Choline magnesium trisalicylate,1
Indomethacin,Piroxicam,1
Indomethacin,Tolfenamic acid,1
Indomethacin,Acetylsalicylic acid,1
Indomethacin,Carprofen,1
Indomethacin,Mefenamic acid,1
Indomethacin,Minoxidil,1
Indomethacin,Flufenamic acid,1
Indomethacin,Meclofenamic acid,1
Indomethacin,Bromfenac,1
Indomethacin,Antrafenine,1
Indomethacin,Tolmetin,1
Indomethacin,Salicylic acid,1
Indomethacin,Aceclofenac,1
Indomethacin,Nepafenac,1
Indomethacin,Menthyl salicylate,1
Indomethacin,Bufexamac,1
Indomethacin,Fenoprofen,1
Indomethacin,Triflusal,1
Indomethacin,Sulfasalazine,1
Indomethacin,Tenoxicam,1
Methadone,Levacetylmethadol,2
Methadone,Fluoxetine,2
Methadone,Dextromethorphan,2
Methadone,Pentolinium,2
Methadone,Varenicline,2
Methadone,Amantadine,2
Methadone,Bupropion,2
Methadone,Ethanol,2
Methadone,Levamisole,2
Pimecrolimus,Haloperidol,1
Pimecrolimus,Meperidine,1
Pimecrolimus,Thiamylal,1
Pimecrolimus,Amoxapine,1
Pimecrolimus,Artenimol,1
Pimecrolimus,Halothane,1
Pimecrolimus,Acetylcysteine,1
Pimecrolimus,Ziconotide,1
Pimecrolimus,Primidone,1
Pimecrolimus,Thiopental,1
Pimecrolimus,Memantine,1
Pimecrolimus,Eszopiclone,1
Pimecrolimus,Isoflurane,1
Pimecrolimus,Verapamil,1
Pimecrolimus,Everolimus,3
Pimecrolimus,Orphenadrine,1
Pimecrolimus,Zolpidem,1
Pimecrolimus,Carisoprodol,1
Pimecrolimus,Zopiclone,1
Pimecrolimus,Sirolimus,3
Pimecrolimus,Dalfampridine,1
Pimecrolimus,Methylphenobarbital,1
Pimecrolimus,Phenobarbital,1
Pimecrolimus,Loperamide,1
Pimecrolimus,Zaleplon,1
Pimecrolimus,Taurine,1
Pimecrolimus,Quinidine barbiturate,1
Pimecrolimus,Propanoic acid,1
Pimecrolimus,Ginkgo biloba,1
Pimecrolimus,Felbamate,1
Pimecrolimus,Secobarbital,1
Pimecrolimus,Butobarbital,1
Pimecrolimus,Methoxyflurane,1
Pimecrolimus,Carboxymethylcellulose,1
Pimecrolimus,Fostamatinib,3
Pimecrolimus,Flumazenil,1
Pimecrolimus,Glutethimide,1
Pimecrolimus,Lumateperone,1
Pimecrolimus,D-Serine,1
Pimecrolimus,Methohexital,1
Pimecrolimus,Amobarbital,1
Pimecrolimus,Bioallethrin,1
Pimecrolimus,Ethanol,1
Pimecrolimus,Meprobamate,1
Pimecrolimus,Esketamine,1
Pimecrolimus,Methyprylon,1
Pimecrolimus,Temsirolimus,3
Pimecrolimus,Bepridil,1
Terfenadine,Procainamide,3
Terfenadine,Doxepin,3
Terfenadine,Astemizole,3
Terfenadine,Vernakalant,3
Terfenadine,Chlorobutanol,3
Terfenadine,Carvedilol,3
Terfenadine,Prazosin,3
Terfenadine,Cisapride,3
Terfenadine,Flecainide,3
Terfenadine,Verapamil,3
Terfenadine,Isavuconazole,3
Terfenadine,Quinidine,3
Terfenadine,Potassium nitrate,3
Terfenadine,Dronedarone,3
Terfenadine,Loperamide,3
Terfenadine,Pitolisant,3
Terfenadine,Clarithromycin,3
Terfenadine,Ciprofloxacin,3
Terfenadine,Thioridazine,3
Terfenadine,Halofantrine,3
Terfenadine,Sertindole,3
Terfenadine,Pentoxyverine,3
Terfenadine,Propafenone,3
Terfenadine,Sotalol,3
Terfenadine,Tamoxifen,3
Terfenadine,Nefazodone,3
Terfenadine,Fluoxetine,3
Terfenadine,Hydroxyzine,3
Terfenadine,Perhexiline,3
Terfenadine,Chlorpromazine,3
Terfenadine,Imipramine,3
Terfenadine,Pimozide,3
Terfenadine,Terazosin,3
Terfenadine,Loratadine,3
Terfenadine,Ketoconazole,3
Terfenadine,Bepridil,3
Diltiazem,Clevidipine,4
Diltiazem,Felodipine,4
Diltiazem,Etidronic acid,1
Diltiazem,Trifluoperazine,1
Diltiazem,Artenimol,1
Diltiazem,Levamlodipine,4
Diltiazem,Nitrendipine,4
Diltiazem,Propiverine,4
Diltiazem,Nilvadipine,4
Diltiazem,Verapamil,4
Diltiazem,Amlodipine,4
Diltiazem,Nifedipine,4
Diltiazem,Levosimendan,1
Diltiazem,Levocarnitine,1
Diltiazem,Nicardipine,4
Diltiazem,Isavuconazole,4
Diltiazem,Cinnarizine,4
Diltiazem,Ethanol,4
Diltiazem,Mavacamten,1
Diltiazem,Clodronic acid,1
Diltiazem,Dronedarone,4
Diltiazem,Nimodipine,4
Diltiazem,Nisoldipine,4
Diltiazem,Bepridil,1
Trimethadione,Methsuximide,2
Trimethadione,Verapamil,2
Trimethadione,Nicardipine,2
Trimethadione,Flunarizine,2
Trimethadione,Manidipine,2
Trimethadione,Cinnarizine,2
Trimethadione,Cannabidiol,2
Trimethadione,Ethosuximide,2
Trimethadione,Zonisamide,2
Minoxidil,Ketorolac,1
Minoxidil,Glymidine,1
Minoxidil,Glycol salicylate,1
Minoxidil,Oxaprozin,1
Minoxidil,Tolbutamide,1
Minoxidil,Loxoprofen,1
Minoxidil,Lumiracoxib,1
Minoxidil,Dexketoprofen,1
Minoxidil,Phenylbutazone,1
Minoxidil,Phenyl salicylate,1
Minoxidil,Suprofen,1
Minoxidil,Ketoprofen,1
Minoxidil,Ibuprofen,1
Minoxidil,Lornoxicam,1
Minoxidil,Tiaprofenic acid,1
Minoxidil,Nabumetone,1
Minoxidil,Dexibuprofen,1
Minoxidil,Trolamine salicylate,1
Minoxidil,Diflunisal,1
Minoxidil,Etodolac,1
Minoxidil,Naproxen,1
Minoxidil,Sulindac,1
Minoxidil,Metamizole,1
Minoxidil,Antipyrine,1
Minoxidil,Flurbiprofen,1
Minoxidil,Balsalazide,1
Minoxidil,Cannabidiol,1
Minoxidil,Bendazac,1
Minoxidil,Acetohexamide,1
Minoxidil,Acemetacin,1
Minoxidil,Diclofenac,1
Minoxidil,Salsalate,1
Minoxidil,Diethylcarbamazine,1
Minoxidil,Meloxicam,1
Minoxidil,Choline magnesium trisalicylate,1
Minoxidil,Piroxicam,1
Minoxidil,Tolfenamic acid,1
Minoxidil,Acetylsalicylic acid,1
Minoxidil,Carprofen,1
Minoxidil,Mefenamic acid,1
Minoxidil,Flufenamic acid,1
Minoxidil,Meclofenamic acid,1
Minoxidil,Bromfenac,1
Minoxidil,Tolmetin,1
Minoxidil,Salicylic acid,1
Minoxidil,Antrafenine,1
Minoxidil,Aceclofenac,1
Minoxidil,Nepafenac,1
Minoxidil,Menthyl salicylate,1
Minoxidil,Fenoprofen,1
Minoxidil,Triflusal,1
Minoxidil,Sulfasalazine,1
Minoxidil,Bufexamac,1
Minoxidil,Tenoxicam,1
Megestrol acetate,Spironolactone,1
Megestrol acetate,Triamcinolone,1
Megestrol acetate,Loteprednol etabonate,1
Megestrol acetate,Fluticasone furoate,1
Megestrol acetate,Prednicarbate,1
Megestrol acetate,Norethisterone,1
Megestrol acetate,Prednisolone,1
Megestrol acetate,Ulipristal,1
Megestrol acetate,Fluoxymesterone,1
Megestrol acetate,Levonorgestrel,1
Megestrol acetate,Hydrocortisone acetate,1
Megestrol acetate,Desoximetasone,1
Megestrol acetate,Ulobetasol,1
Megestrol acetate,Ciclesonide,1
Megestrol acetate,Mometasone furoate,1
Megestrol acetate,Betamethasone,1
Megestrol acetate,Flumethasone,1
Megestrol acetate,Clobetasol propionate,1
Megestrol acetate,Fluocinolone acetonide,1
Megestrol acetate,Hydrocortisone,1
Megestrol acetate,Hydrocortamate,1
Megestrol acetate,Difluprednate,1
Megestrol acetate,Hydrocortisone phosphate,1
Megestrol acetate,Mifepristone,1
Megestrol acetate,Gestrinone,1
Megestrol acetate,Desonide,1
Megestrol acetate,Betamethasone phosphate,1
Megestrol acetate,Segesterone acetate,1
Megestrol acetate,Clocortolone,1
Megestrol acetate,Prednisone,1
Megestrol acetate,Hydrocortisone cypionate,1
Megestrol acetate,Hydrocortisone probutate,1
Megestrol acetate,Progesterone,1
Megestrol acetate,Flurandrenolide,1
Megestrol acetate,Clobetasone,1
Megestrol acetate,Hydrocortisone valerate,1
Megestrol acetate,Prednisolone phosphate,1
Megestrol acetate,Methylprednisolone,1
Megestrol acetate,Cortisone acetate,1
Megestrol acetate,Drospirenone,1
Megestrol acetate,Dexamethasone,1
Megestrol acetate,Hydrocortisone butyrate,1
Megestrol acetate,Prednisolone acetate,1
Megestrol acetate,Dexamethasone acetate,1
Megestrol acetate,Fluticasone propionate,1
Megestrol acetate,Difluocortolone,1
Megestrol acetate,Fluocinonide,1
Megestrol acetate,Fludrocortisone,1
Megestrol acetate,Beclomethasone dipropionate,1
Megestrol acetate,Budesonide,1
Megestrol acetate,Deflazacort,1
Megestrol acetate,Fluticasone,1
Megestrol acetate,Tixocortol,1
Megestrol acetate,Rimexolone,1
Aminoglutethimide,Levoketoconazole,1
Sapropterin,Metyrosine,1
Sapropterin,Norepinephrine,1
Sapropterin,Droxidopa,1
Clozapine,Haloperidol,1
Clozapine,Apraclonidine,1
Clozapine,Bromocriptine,1
Clozapine,Phenoxybenzamine,1
Clozapine,Carvedilol,1
Clozapine,Prazosin,1
Clozapine,Oxymetazoline,1
Clozapine,Rotigotine,1
Clozapine,Yohimbine,1
Clozapine,Fenoldopam,1
Clozapine,Metamfetamine,1
Clozapine,Risperidone,1
Clozapine,Quetiapine,1
Clozapine,Mianserin,1
Clozapine,Brimonidine,1
Clozapine,Methotrimeprazine,1
Clozapine,Epinephrine,1
Clozapine,Asenapine,1
Clozapine,Paliperidone,1
Clozapine,Loxapine,1
Clozapine,Racepinephrine,1
Clozapine,Dronedarone,1
Clozapine,Guanfacine,1
Clozapine,Xylometazoline,1
Clozapine,Aripiprazole lauroxil,1
Clozapine,Apomorphine,1
Clozapine,Trimipramine,1
Clozapine,Norepinephrine,1
Clozapine,Clonidine,1
Clozapine,Aripiprazole,1
Clozapine,Celiprolol,1
Clozapine,Tolazoline,1
Clozapine,Guanabenz,1
Clozapine,Pizotifen,1
Clozapine,Lisuride,1
Clozapine,Droxidopa,1
Levonorgestrel,Spironolactone,1
Levonorgestrel,Triamcinolone,1
Levonorgestrel,Loteprednol etabonate,1
Levonorgestrel,Fluticasone furoate,1
Levonorgestrel,Prednicarbate,1
Levonorgestrel,Norethisterone,1
Levonorgestrel,Prednisolone,1
Levonorgestrel,Ulipristal,1
Levonorgestrel,Fluoxymesterone,1
Levonorgestrel,Hydrocortisone acetate,1
Levonorgestrel,Desoximetasone,1
Levonorgestrel,Ulobetasol,1
Levonorgestrel,Ciclesonide,1
Levonorgestrel,Mometasone furoate,1
Levonorgestrel,Betamethasone,1
Levonorgestrel,Flumethasone,1
Levonorgestrel,Clobetasol propionate,1
Levonorgestrel,Fluocinolone acetonide,1
Levonorgestrel,Hydrocortisone,1
Levonorgestrel,Hydrocortamate,1
Levonorgestrel,Difluprednate,1
Levonorgestrel,Hydrocortisone phosphate,1
Levonorgestrel,Mifepristone,1
Levonorgestrel,Gestrinone,1
Levonorgestrel,Desonide,1
Levonorgestrel,Betamethasone phosphate,1
Levonorgestrel,Segesterone acetate,1
Levonorgestrel,Clocortolone,1
Levonorgestrel,Prednisone,1
Levonorgestrel,Hydrocortisone cypionate,1
Levonorgestrel,Hydrocortisone probutate,1
Levonorgestrel,Progesterone,1
Levonorgestrel,Flurandrenolide,1
Levonorgestrel,Clobetasone,1
Levonorgestrel,Hydrocortisone valerate,1
Levonorgestrel,Prednisolone phosphate,1
Levonorgestrel,Methylprednisolone,1
Levonorgestrel,Cortisone acetate,1
Levonorgestrel,Drospirenone,1
Levonorgestrel,Dexamethasone,1
Levonorgestrel,Hydrocortisone butyrate,1
Levonorgestrel,Prednisolone acetate,1
Levonorgestrel,Dexamethasone acetate,1
Levonorgestrel,Fluticasone propionate,1
Levonorgestrel,Difluocortolone,1
Levonorgestrel,Fluocinonide,1
Levonorgestrel,Fludrocortisone,1
Levonorgestrel,Beclomethasone dipropionate,1
Levonorgestrel,Budesonide,1
Levonorgestrel,Deflazacort,1
Levonorgestrel,Fluticasone,1
Levonorgestrel,Tixocortol,1
Levonorgestrel,Rimexolone,1
Norepinephrine,Haloperidol,1
Norepinephrine,Apraclonidine,1
Norepinephrine,Bromocriptine,1
Norepinephrine,Phenoxybenzamine,1
Norepinephrine,Carvedilol,1
Norepinephrine,Prazosin,1
Norepinephrine,Oxymetazoline,1
Norepinephrine,Rotigotine,1
Norepinephrine,Yohimbine,1
Norepinephrine,Fenoldopam,1
Norepinephrine,Metamfetamine,1
Norepinephrine,Risperidone,1
Norepinephrine,Quetiapine,1
Norepinephrine,Mianserin,1
Norepinephrine,Brimonidine,1
Norepinephrine,Methotrimeprazine,1
Norepinephrine,Epinephrine,1
Norepinephrine,Asenapine,1
Norepinephrine,Paliperidone,1
Norepinephrine,Loxapine,1
Norepinephrine,Racepinephrine,1
Norepinephrine,Dronedarone,1
Norepinephrine,Guanfacine,1
Norepinephrine,Xylometazoline,1
Norepinephrine,Aripiprazole lauroxil,1
Norepinephrine,Apomorphine,1
Norepinephrine,Trimipramine,1
Norepinephrine,Clonidine,1
Norepinephrine,Aripiprazole,1
Norepinephrine,Celiprolol,1
Norepinephrine,Tolazoline,1
Norepinephrine,Guanabenz,1
Norepinephrine,Pizotifen,1
Norepinephrine,Lisuride,1
Norepinephrine,Droxidopa,2
Meprobamate,Levetiracetam,1
Meprobamate,Zinc acetate,1
Meprobamate,Felodipine,1
Meprobamate,Insulin detemir,1
Meprobamate,Meperidine,1
Meprobamate,Azathioprine,1
Meprobamate,Thiamylal,1
Meprobamate,Amoxapine,1
Meprobamate,Artenimol,1
Meprobamate,Halothane,2
Meprobamate,Acetylcysteine,1
Meprobamate,Ziconotide,2
Meprobamate,Vigabatrin,1
Meprobamate,Flavin mononucleotide,1
Meprobamate,Memantine,1
Meprobamate,Thiopental,2
Meprobamate,Nitrendipine,1
Meprobamate,Isoflurane,2
Meprobamate,Sevoflurane,1
Meprobamate,Amlodipine,1
Meprobamate,Eflornithine,1
Meprobamate,Brigatinib,1
Meprobamate,Orphenadrine,1
Meprobamate,Everolimus,1
Meprobamate,Gabapentin enacarbil,1
Meprobamate,Zolpidem,2
Meprobamate,Phenelzine,1
Meprobamate,Sirolimus,1
Meprobamate,Dalfampridine,1
Meprobamate,Quinidine barbiturate,2
Meprobamate,Propanoic acid,1
Meprobamate,Zinc chloride,1
Meprobamate,Insulin beef,1
Meprobamate,Methoxyflurane,2
Meprobamate,Fostamatinib,2
Meprobamate,Methohexital,1
Meprobamate,Ethanol,2
Meprobamate,Lamotrigine,1
Meprobamate,Atropine,1
Meprobamate,D-Serine,2
Meprobamate,Nandrolone decanoate,1
Meprobamate,Esketamine,1
Meprobamate,Methyprylon,1
Meprobamate,Haloperidol,1
Meprobamate,Desflurane,1
Meprobamate,Insulin aspart,1
Meprobamate,Insulin degludec,1
Meprobamate,Primidone,2
Meprobamate,Somatrem,1
Meprobamate,Eszopiclone,2
Meprobamate,Verapamil,2
Meprobamate,Gabapentin,1
Meprobamate,Zinc,1
Meprobamate,Zopiclone,2
Meprobamate,Carisoprodol,2
Meprobamate,Cannabidiol,1
Meprobamate,Methylphenobarbital,2
Meprobamate,Phenobarbital,1
Meprobamate,Loperamide,1
Meprobamate,Zaleplon,1
Meprobamate,Taurine,2
Meprobamate,Ginkgo biloba,2
Meprobamate,Felbamate,1
Meprobamate,Mecasermin rinfabate,1
Meprobamate,Mecasermin,1
Meprobamate,Secobarbital,2
Meprobamate,Butobarbital,2
Meprobamate,Copper,1
Meprobamate,Carboxymethylcellulose,2
Meprobamate,"Zinc sulfate, unspecified form",1
Meprobamate,Flumazenil,2
Meprobamate,Glutethimide,1
Meprobamate,Teprotumumab,1
Meprobamate,Lumateperone,1
Meprobamate,Amobarbital,2
Meprobamate,Bioallethrin,1
Meprobamate,Lindane,1
Meprobamate,Temsirolimus,1
Meprobamate,Bepridil,2
Mexiletine,Quinidine barbiturate,4
Mexiletine,Cinchocaine,4
Mexiletine,Procainamide,4
Mexiletine,Riluzole,4
Mexiletine,Vernakalant,4
Mexiletine,Ajmaline,4
Mexiletine,Tocainide,4
Mexiletine,Mephenytoin,4
Mexiletine,Moricizine,4
Mexiletine,Propafenone,4
Mexiletine,Flecainide,4
Mexiletine,Encainide,4
Mexiletine,Fosphenytoin,4
Mexiletine,Prilocaine,4
Mexiletine,Ethotoin,4
Mexiletine,Isavuconazole,4
Mexiletine,Benzonatate,4
Mexiletine,Quinidine,4
Mexiletine,Zonisamide,4
Mexiletine,Hexylcaine,4
Mexiletine,Dronedarone,4
Mexiletine,Bepridil,1
Amlodipine,Levetiracetam,2
Amlodipine,Zinc acetate,1
Amlodipine,Felodipine,5
Amlodipine,Insulin detemir,1
Amlodipine,Azathioprine,1
Amlodipine,Halothane,1
Amlodipine,Trifluoperazine,1
Amlodipine,Artenimol,1
Amlodipine,Ziconotide,2
Amlodipine,Vigabatrin,1
Amlodipine,Levamlodipine,4
Amlodipine,Flavin mononucleotide,1
Amlodipine,Nitrendipine,5
Amlodipine,Thiopental,1
Amlodipine,Isoflurane,1
Amlodipine,Sevoflurane,1
Amlodipine,Eflornithine,1
Amlodipine,Levosimendan,1
Amlodipine,Brigatinib,1
Amlodipine,Gabapentin enacarbil,1
Amlodipine,Levocarnitine,1
Amlodipine,Zolpidem,1
Amlodipine,Phenelzine,1
Amlodipine,Isavuconazole,4
Amlodipine,Mavacamten,1
Amlodipine,Dronedarone,4
Amlodipine,Quinidine barbiturate,1
Amlodipine,Clevidipine,4
Amlodipine,Zinc chloride,1
Amlodipine,Etidronic acid,1
Amlodipine,Desipramine,2
Amlodipine,Insulin beef,1
Amlodipine,Methoxyflurane,1
Amlodipine,Fostamatinib,1
Amlodipine,Ethanol,5
Amlodipine,Cinnarizine,4
Amlodipine,Lamotrigine,1
Amlodipine,Atropine,1
Amlodipine,D-Serine,1
Amlodipine,Nandrolone decanoate,1
Amlodipine,Nimodipine,4
Amlodipine,Desflurane,1
Amlodipine,Insulin aspart,1
Amlodipine,Insulin degludec,1
Amlodipine,Somatrem,1
Amlodipine,Primidone,1
Amlodipine,Eszopiclone,1
Amlodipine,Nilvadipine,4
Amlodipine,Verapamil,6
Amlodipine,Nifedipine,4
Amlodipine,Gabapentin,1
Amlodipine,Nicardipine,4
Amlodipine,Zinc,1
Amlodipine,Zopiclone,1
Amlodipine,Carisoprodol,1
Amlodipine,Cannabidiol,1
Amlodipine,Methylphenobarbital,1
Amlodipine,Clodronic acid,1
Amlodipine,Nisoldipine,4
Amlodipine,Taurine,1
Amlodipine,Ginkgo biloba,1
Amlodipine,Mecasermin rinfabate,1
Amlodipine,Mecasermin,1
Amlodipine,Secobarbital,1
Amlodipine,Butobarbital,1
Amlodipine,Copper,1
Amlodipine,Carboxymethylcellulose,1
Amlodipine,Propiverine,4
Amlodipine,Flumazenil,1
Amlodipine,"Zinc sulfate, unspecified form",1
Amlodipine,Teprotumumab,1
Amlodipine,Amobarbital,1
Amlodipine,Chlorpromazine,2
Amlodipine,Lindane,1
Amlodipine,Bepridil,2
Triamterene,Tezacaftor,1
Triamterene,Bumetanide,1
Triamterene,Duvelisib,1
Triamterene,Ivacaftor,1
Triamterene,Fostamatinib,1
Triamterene,Ibuprofen,1
Triamterene,Amiloride,7
Triamterene,Umbralisib,1
Triamterene,Dexibuprofen,1
Triamterene,Glyburide,1
Triamterene,Crofelemer,1
Triamterene,Lumacaftor,1
Triamterene,Copanlisib,1
Triamterene,Elexacaftor,1
Triamterene,Sulfasalazine,1
Triamterene,Idelalisib,1
Carbimazole,2-mercaptobenzothiazole,2
Carbimazole,Triclosan,2
Carbimazole,Dextrothyroxine,2
Carbimazole,Methimazole,2
Carbimazole,Propylthiouracil,2
Carbimazole,Resorcinol,2
Digoxin,Trichlormethiazide,1
Digoxin,Magnesium acetate,1
Digoxin,Hydroflumethiazide,1
Digoxin,Digitoxin,1
Digoxin,Potassium,1
Digoxin,Potassium acetate,1
Digoxin,Aluminium,1
Digoxin,Aluminum acetate,1
Digoxin,Potassium cation,1
Digoxin,Aluminium phosphate,1
Digoxin,Potassium sulfate,1
Digoxin,Deslanoside,1
Digoxin,Ouabain,1
Digoxin,Acetyldigitoxin,1
Digoxin,Diazoxide,1
Digoxin,Etacrynic acid,1
Digoxin,Almitrine,1
Digoxin,Ciclopirox,1
Digoxin,Magnesium cation,1
Digoxin,Bretylium,1
Digoxin,Bepridil,1
Sulpiride,Trichlormethiazide,1
Sulpiride,Diclofenamide,1
Sulpiride,Hydroflumethiazide,1
Sulpiride,Dorzolamide,1
Sulpiride,Ethinamate,1
Sulpiride,Acetazolamide,1
Sulpiride,Cyclothiazide,1
Sulpiride,Celecoxib,1
Sulpiride,Valdecoxib,1
Sulpiride,Chlorothiazide,1
Sulpiride,Sulthiame,1
Sulpiride,Bendroflumethiazide,1
Sulpiride,Quinethazone,1
Sulpiride,Brinzolamide,1
Sulpiride,Methazolamide,1
Sulpiride,Urea,1
Sulpiride,Diazoxide,1
Sulpiride,Sodium carbonate,1
Sulpiride,Zonisamide,1
Sulpiride,Furosemide,1
Sulpiride,Sodium sulfate,1
Sulpiride,Benzthiazide,1
Nimodipine,Spironolactone,2
Nimodipine,Fluticasone furoate,2
Nimodipine,Felodipine,7
Nimodipine,Halothane,1
Nimodipine,Trifluoperazine,1
Nimodipine,Artenimol,1
Nimodipine,Levamlodipine,5
Nimodipine,Testosterone enanthate,2
Nimodipine,Nitrendipine,5
Nimodipine,Nilvadipine,5
Nimodipine,Verapamil,4
Nimodipine,Nifedipine,5
Nimodipine,Eplerenone,2
Nimodipine,Clobetasol propionate,2
Nimodipine,Levosimendan,1
Nimodipine,Nicardipine,5
Nimodipine,Levocarnitine,1
Nimodipine,Testosterone cypionate,2
Nimodipine,Isavuconazole,4
Nimodipine,Mavacamten,1
Nimodipine,Clodronic acid,1
Nimodipine,Dronedarone,6
Nimodipine,Testosterone,2
Nimodipine,Nisoldipine,5
Nimodipine,Clevidipine,6
Nimodipine,Etidronic acid,1
Nimodipine,Progesterone,2
Nimodipine,Propiverine,4
Nimodipine,Palmitic Acid,1
Nimodipine,Finerenone,2
Nimodipine,Drospirenone,2
Nimodipine,Fluticasone propionate,2
Nimodipine,Desoxycorticosterone acetate,2
Nimodipine,Cinnarizine,6
Nimodipine,Ethanol,5
Nimodipine,Fludrocortisone,2
Nimodipine,Fluticasone,2
Nimodipine,Bepridil,1
Beclomethasone dipropionate,Spironolactone,1
Beclomethasone dipropionate,Triamcinolone,1
Beclomethasone dipropionate,Loteprednol etabonate,1
Beclomethasone dipropionate,Fluticasone furoate,1
Beclomethasone dipropionate,Prednicarbate,1
Beclomethasone dipropionate,Norethisterone,1
Beclomethasone dipropionate,Prednisolone,1
Beclomethasone dipropionate,Ulipristal,1
Beclomethasone dipropionate,Fluoxymesterone,1
Beclomethasone dipropionate,Hydrocortisone acetate,1
Beclomethasone dipropionate,Desoximetasone,1
Beclomethasone dipropionate,Ulobetasol,1
Beclomethasone dipropionate,Ciclesonide,1
Beclomethasone dipropionate,Mometasone furoate,1
Beclomethasone dipropionate,Betamethasone,1
Beclomethasone dipropionate,Flumethasone,1
Beclomethasone dipropionate,Clobetasol propionate,1
Beclomethasone dipropionate,Fluocinolone acetonide,1
Beclomethasone dipropionate,Hydrocortisone,1
Beclomethasone dipropionate,Hydrocortamate,1
Beclomethasone dipropionate,Difluprednate,1
Beclomethasone dipropionate,Hydrocortisone phosphate,1
Beclomethasone dipropionate,Mifepristone,1
Beclomethasone dipropionate,Gestrinone,1
Beclomethasone dipropionate,Desonide,1
Beclomethasone dipropionate,Betamethasone phosphate,1
Beclomethasone dipropionate,Segesterone acetate,1
Beclomethasone dipropionate,Clocortolone,1
Beclomethasone dipropionate,Prednisone,1
Beclomethasone dipropionate,Hydrocortisone cypionate,1
Beclomethasone dipropionate,Hydrocortisone probutate,1
Beclomethasone dipropionate,Progesterone,1
Beclomethasone dipropionate,Flurandrenolide,1
Beclomethasone dipropionate,Clobetasone,1
Beclomethasone dipropionate,Hydrocortisone valerate,1
Beclomethasone dipropionate,Prednisolone phosphate,1
Beclomethasone dipropionate,Methylprednisolone,1
Beclomethasone dipropionate,Cortisone acetate,1
Beclomethasone dipropionate,Drospirenone,1
Beclomethasone dipropionate,Dexamethasone,1
Beclomethasone dipropionate,Hydrocortisone butyrate,1
Beclomethasone dipropionate,Prednisolone acetate,1
Beclomethasone dipropionate,Dexamethasone acetate,1
Beclomethasone dipropionate,Fluticasone propionate,1
Beclomethasone dipropionate,Difluocortolone,1
Beclomethasone dipropionate,Fluocinonide,1
Beclomethasone dipropionate,Fludrocortisone,1
Beclomethasone dipropionate,Budesonide,1
Beclomethasone dipropionate,Deflazacort,1
Beclomethasone dipropionate,Fluticasone,1
Beclomethasone dipropionate,Tixocortol,1
Beclomethasone dipropionate,Rimexolone,1
Carisoprodol,Erdafitinib,1
Carisoprodol,Levetiracetam,1
Carisoprodol,Zinc acetate,1
Carisoprodol,Felodipine,2
Carisoprodol,Insulin detemir,1
Carisoprodol,Azathioprine,1
Carisoprodol,Meperidine,1
Carisoprodol,Halothane,2
Carisoprodol,Amoxapine,1
Carisoprodol,Artenimol,2
Carisoprodol,Ziconotide,2
Carisoprodol,Acetylcysteine,1
Carisoprodol,Thiamylal,1
Carisoprodol,Vigabatrin,1
Carisoprodol,Flavin mononucleotide,1
Carisoprodol,Selpercatinib,1
Carisoprodol,Memantine,1
Carisoprodol,Nitrendipine,2
Carisoprodol,Thiopental,2
Carisoprodol,Isoflurane,2
Carisoprodol,Sevoflurane,1
Carisoprodol,Infigratinib,1
Carisoprodol,Eflornithine,1
Carisoprodol,Brigatinib,1
Carisoprodol,Aluminum chloride,1
Carisoprodol,Orphenadrine,1
Carisoprodol,Everolimus,1
Carisoprodol,Pazopanib,1
Carisoprodol,Gabapentin enacarbil,2
Carisoprodol,Zolpidem,4
Carisoprodol,Phenelzine,1
Carisoprodol,Sirolimus,1
Carisoprodol,Dalfampridine,1
Carisoprodol,Quinidine barbiturate,2
Carisoprodol,Propanoic acid,1
Carisoprodol,Nintedanib,1
Carisoprodol,Zinc chloride,1
Carisoprodol,Insulin beef,1
Carisoprodol,Methoxyflurane,2
Carisoprodol,Fostamatinib,3
Carisoprodol,Methohexital,1
Carisoprodol,Ethanol,3
Carisoprodol,Lamotrigine,1
Carisoprodol,Atropine,1
Carisoprodol,D-Serine,2
Carisoprodol,Nandrolone decanoate,1
Carisoprodol,Pemigatinib,1
Carisoprodol,Ponatinib,1
Carisoprodol,Esketamine,1
Carisoprodol,Methyprylon,1
Carisoprodol,Haloperidol,1
Carisoprodol,Desflurane,1
Carisoprodol,Insulin aspart,1
Carisoprodol,Fospropofol,1
Carisoprodol,Insulin degludec,1
Carisoprodol,Somatrem,1
Carisoprodol,Primidone,2
Carisoprodol,Propofol,1
Carisoprodol,Futibatinib,1
Carisoprodol,Eszopiclone,2
Carisoprodol,Lenvatinib,1
Carisoprodol,Verapamil,2
Carisoprodol,Gabapentin,2
Carisoprodol,Zinc,1
Carisoprodol,Zopiclone,2
Carisoprodol,Hexachlorophene,1
Carisoprodol,Cannabidiol,1
Carisoprodol,Methylphenobarbital,2
Carisoprodol,Phenobarbital,1
Carisoprodol,Loperamide,1
Carisoprodol,Zaleplon,1
Carisoprodol,Taurine,2
Carisoprodol,Ginkgo biloba,5
Carisoprodol,Felbamate,1
Carisoprodol,Mecasermin rinfabate,1
Carisoprodol,Mecasermin,1
Carisoprodol,Secobarbital,2
Carisoprodol,Butobarbital,2
Carisoprodol,Copper,2
Carisoprodol,Carboxymethylcellulose,2
Carisoprodol,"Zinc sulfate, unspecified form",1
Carisoprodol,Flumazenil,4
Carisoprodol,Glutethimide,1
Carisoprodol,Teprotumumab,1
Carisoprodol,Lumateperone,1
Carisoprodol,Amobarbital,2
Carisoprodol,Bioallethrin,1
Carisoprodol,Lindane,1
Carisoprodol,Temsirolimus,1
Carisoprodol,Bepridil,3
Progesterone,Spironolactone,6
Progesterone,Loteprednol etabonate,1
Progesterone,Felodipine,2
Progesterone,Prednisolone,1
Progesterone,Ulobetasol,1
Progesterone,Testosterone enanthate,2
Progesterone,Mometasone furoate,1
Progesterone,Eplerenone,2
Progesterone,Clobetasol propionate,3
Progesterone,Flumethasone,1
Progesterone,Fluocinolone acetonide,1
Progesterone,Hydrocortamate,1
Progesterone,Abiraterone,3
Progesterone,Mifepristone,1
Progesterone,Betamethasone phosphate,1
Progesterone,Segesterone acetate,1
Progesterone,Flurandrenolide,1
Progesterone,Hydrocortisone valerate,1
Progesterone,Methylprednisolone,1
Progesterone,Finerenone,2
Progesterone,Drospirenone,3
Progesterone,Cortisone acetate,1
Progesterone,Fluticasone propionate,3
Progesterone,Difluocortolone,1
Progesterone,Fludrocortisone,3
Progesterone,Fluticasone,3
Progesterone,Deflazacort,1
Progesterone,Tixocortol,1
Progesterone,Ketoconazole,3
Progesterone,Triamcinolone,1
Progesterone,Fluticasone furoate,3
Progesterone,Prednicarbate,1
Progesterone,Norethisterone,1
Progesterone,Ulipristal,1
Progesterone,Fluoxymesterone,1
Progesterone,Hydrocortisone acetate,1
Progesterone,Desoximetasone,1
Progesterone,Ciclesonide,1
Progesterone,Betamethasone,1
Progesterone,Hydrocortisone,1
Progesterone,Difluprednate,1
Progesterone,Testosterone cypionate,2
Progesterone,Cannabidiol,3
Progesterone,Hydrocortisone phosphate,1
Progesterone,Gestrinone,1
Progesterone,Desonide,1
Progesterone,Testosterone,2
Progesterone,Levoketoconazole,3
Progesterone,Clocortolone,1
Progesterone,Prednisone,1
Progesterone,Hydrocortisone cypionate,1
Progesterone,Hydrocortisone probutate,1
Progesterone,Clobetasone,1
Progesterone,Prednisolone phosphate,1
Progesterone,Prednisolone acetate,1
Progesterone,Hydrocortisone butyrate,1
Progesterone,Dexamethasone,1
Progesterone,Dexamethasone acetate,1
Progesterone,Desoxycorticosterone acetate,2
Progesterone,Fluocinonide,1
Progesterone,Budesonide,1
Progesterone,Rimexolone,1
Sorafenib,Ganirelix,1
Sorafenib,Erdafitinib,24
Sorafenib,Zinc acetate,1
Sorafenib,Ancestim,4
Sorafenib,Voxelotor,1
Sorafenib,Regorafenib,31
Sorafenib,Zidovudine,1
Sorafenib,Bosutinib,1
Sorafenib,Selpercatinib,15
Sorafenib,Olaratumab,1
Sorafenib,Carboxin,1
Sorafenib,Triptorelin,1
Sorafenib,Trametinib,1
Sorafenib,Infigratinib,9
Sorafenib,Pazopanib,12
Sorafenib,Sodium ferric gluconate complex,1
Sorafenib,Danazol,1
Sorafenib,Ferric derisomaltose,1
Sorafenib,Ubidecarenone,1
Sorafenib,Avapritinib,4
Sorafenib,Degarelix,1
Sorafenib,Ferrous succinate,2
Sorafenib,Nilotinib,4
Sorafenib,Dabrafenib,7
Sorafenib,Nintedanib,17
Sorafenib,Zinc chloride,1
Sorafenib,Nitrous acid,1
Sorafenib,Foreskin keratinocyte (neonatal),3
Sorafenib,Elagolix,1
Sorafenib,Sunitinib,11
Sorafenib,Imatinib,15
Sorafenib,Relugolix,1
Sorafenib,Fostamatinib,31
Sorafenib,Heparin,8
Sorafenib,Ferric pyrophosphate citrate,1
Sorafenib,Vandetanib,5
Sorafenib,Buserelin,1
Sorafenib,Tivozanib,19
Sorafenib,Pexidartinib,10
Sorafenib,Binimetinib,1
Sorafenib,Pemigatinib,9
Sorafenib,Ponatinib,18
Sorafenib,Cholecystokinin,4
Sorafenib,Vemurafenib,5
Sorafenib,Nafarelin,1
Sorafenib,Cabozantinib,5
Sorafenib,Celecoxib,1
Sorafenib,Foreskin fibroblast (neonatal),8
Sorafenib,Futibatinib,9
Sorafenib,Ferrous ascorbate,2
Sorafenib,Roxadustat,1
Sorafenib,Lenvatinib,19
Sorafenib,Ferrous sulfate anhydrous,1
Sorafenib,Pralsetinib,19
Sorafenib,Encorafenib,5
Sorafenib,Zinc,1
Sorafenib,Hexachlorophene,1
Sorafenib,Pentaerythritol tetranitrate,1
Sorafenib,Ripretinib,15
Sorafenib,Gestrinone,1
Sorafenib,Adagrasib,2
Sorafenib,Histrelin,1
Sorafenib,Linzagolix,1
Sorafenib,Midostaurin,10
Sorafenib,Gonadorelin,1
Sorafenib,Selumetinib,1
Sorafenib,Dasatinib,10
Sorafenib,Copper,2
Sorafenib,"Zinc sulfate, unspecified form",1
Sorafenib,Axitinib,1
Sorafenib,Iron,2
Sorafenib,Acetylsalicylic acid,1
Sorafenib,Sotorasib,2
Sorafenib,Ferrous fumarate,2
Sorafenib,Ferrous gluconate,2
Sorafenib,Ferrous glycine sulfate,2
Sorafenib,Iron Dextran,1
Sorafenib,Cobimetinib,1
Zoledronic acid,Risedronic acid,1
Zoledronic acid,Alendronic acid,1
Zoledronic acid,Ibandronate,1
Griseofulvin,Anthralin,1
Nisoldipine,Clevidipine,5
Nisoldipine,Felodipine,5
Nisoldipine,Etidronic acid,1
Nisoldipine,Trifluoperazine,1
Nisoldipine,Artenimol,1
Nisoldipine,Levamlodipine,5
Nisoldipine,Nitrendipine,5
Nisoldipine,Propiverine,4
Nisoldipine,Nilvadipine,5
Nisoldipine,Verapamil,4
Nisoldipine,Nifedipine,5
Nisoldipine,Levosimendan,1
Nisoldipine,Nicardipine,5
Nisoldipine,Levocarnitine,1
Nisoldipine,Isavuconazole,4
Nisoldipine,Cinnarizine,5
Nisoldipine,Ethanol,5
Nisoldipine,Mavacamten,1
Nisoldipine,Clodronic acid,1
Nisoldipine,Dronedarone,5
Nisoldipine,Bepridil,1
Eszopiclone,Levetiracetam,1
Eszopiclone,Zinc acetate,1
Eszopiclone,Felodipine,1
Eszopiclone,Insulin detemir,1
Eszopiclone,Meperidine,1
Eszopiclone,Azathioprine,1
Eszopiclone,Thiamylal,1
Eszopiclone,Amoxapine,1
Eszopiclone,Artenimol,1
Eszopiclone,Halothane,2
Eszopiclone,Acetylcysteine,1
Eszopiclone,Ziconotide,2
Eszopiclone,Vigabatrin,1
Eszopiclone,Flavin mononucleotide,1
Eszopiclone,Memantine,1
Eszopiclone,Thiopental,2
Eszopiclone,Nitrendipine,1
Eszopiclone,Isoflurane,2
Eszopiclone,Sevoflurane,1
Eszopiclone,Eflornithine,1
Eszopiclone,Brigatinib,1
Eszopiclone,Orphenadrine,1
Eszopiclone,Everolimus,1
Eszopiclone,Gabapentin enacarbil,1
Eszopiclone,Zolpidem,2
Eszopiclone,Phenelzine,1
Eszopiclone,Sirolimus,1
Eszopiclone,Dalfampridine,1
Eszopiclone,Quinidine barbiturate,2
Eszopiclone,Propanoic acid,1
Eszopiclone,Zinc chloride,1
Eszopiclone,Insulin beef,1
Eszopiclone,Methoxyflurane,2
Eszopiclone,Fostamatinib,2
Eszopiclone,Methohexital,1
Eszopiclone,Ethanol,2
Eszopiclone,Lamotrigine,1
Eszopiclone,Atropine,1
Eszopiclone,D-Serine,2
Eszopiclone,Nandrolone decanoate,1
Eszopiclone,Esketamine,1
Eszopiclone,Methyprylon,1
Eszopiclone,Haloperidol,1
Eszopiclone,Desflurane,1
Eszopiclone,Insulin aspart,1
Eszopiclone,Insulin degludec,1
Eszopiclone,Primidone,2
Eszopiclone,Somatrem,1
Eszopiclone,Verapamil,2
Eszopiclone,Gabapentin,1
Eszopiclone,Zinc,1
Eszopiclone,Zopiclone,2
Eszopiclone,Cannabidiol,1
Eszopiclone,Methylphenobarbital,2
Eszopiclone,Phenobarbital,1
Eszopiclone,Loperamide,1
Eszopiclone,Zaleplon,1
Eszopiclone,Taurine,2
Eszopiclone,Ginkgo biloba,2
Eszopiclone,Felbamate,1
Eszopiclone,Mecasermin rinfabate,1
Eszopiclone,Mecasermin,1
Eszopiclone,Secobarbital,2
Eszopiclone,Butobarbital,2
Eszopiclone,Copper,1
Eszopiclone,Carboxymethylcellulose,2
Eszopiclone,"Zinc sulfate, unspecified form",1
Eszopiclone,Flumazenil,2
Eszopiclone,Glutethimide,1
Eszopiclone,Teprotumumab,1
Eszopiclone,Lumateperone,1
Eszopiclone,Amobarbital,2
Eszopiclone,Bioallethrin,1
Eszopiclone,Lindane,1
Eszopiclone,Temsirolimus,1
Eszopiclone,Bepridil,2
Ardeparin,Zinc chloride,1
Ardeparin,Zinc acetate,1
Ardeparin,Sulodexide,2
Ardeparin,"Zinc sulfate, unspecified form",1
Ardeparin,Copper,2
Ardeparin,Heparin,1
Ardeparin,Enoxaparin,1
Ardeparin,Bemiparin,2
Ardeparin,Nadroparin,1
Ardeparin,Antithrombin III human,1
Ardeparin,Protamine sulfate,1
Ardeparin,Dalteparin,1
Ardeparin,Zinc,1
Ardeparin,Tinzaparin,1
Ardeparin,Fondaparinux,1
Ardeparin,Danaparoid,1
Loxapine,Haloperidol,1
Loxapine,Apraclonidine,1
Loxapine,Bromocriptine,1
Loxapine,Phenoxybenzamine,1
Loxapine,Carvedilol,1
Loxapine,Prazosin,1
Loxapine,Oxymetazoline,1
Loxapine,Rotigotine,1
Loxapine,Yohimbine,1
Loxapine,Fenoldopam,1
Loxapine,Metamfetamine,1
Loxapine,Risperidone,1
Loxapine,Quetiapine,1
Loxapine,Mianserin,1
Loxapine,Brimonidine,1
Loxapine,Methotrimeprazine,1
Loxapine,Epinephrine,1
Loxapine,Asenapine,1
Loxapine,Paliperidone,1
Loxapine,Racepinephrine,1
Loxapine,Dronedarone,1
Loxapine,Guanfacine,1
Loxapine,Xylometazoline,1
Loxapine,Aripiprazole lauroxil,1
Loxapine,Apomorphine,1
Loxapine,Trimipramine,1
Loxapine,Clonidine,1
Loxapine,Aripiprazole,1
Loxapine,Celiprolol,1
Loxapine,Tolazoline,1
Loxapine,Guanabenz,1
Loxapine,Pizotifen,1
Loxapine,Lisuride,1
Loxapine,Droxidopa,1
Acetohexamide,Glymidine,1
Acetohexamide,Tolbutamide,1
Ampicillin,Vandetanib,1
Ampicillin,Regorafenib,1
Ampicillin,Tivozanib,1
Ampicillin,Ripretinib,1
Ampicillin,Fostamatinib,1
Ampicillin,Ponatinib,1
Secobarbital,Levetiracetam,1
Secobarbital,Zinc acetate,1
Secobarbital,Felodipine,1
Secobarbital,Insulin detemir,1
Secobarbital,Azathioprine,1
Secobarbital,Meperidine,1
Secobarbital,Halothane,2
Secobarbital,Amoxapine,1
Secobarbital,Artenimol,1
Secobarbital,Ziconotide,2
Secobarbital,Acetylcysteine,1
Secobarbital,Thiamylal,1
Secobarbital,Vigabatrin,1
Secobarbital,Flavin mononucleotide,1
Secobarbital,Memantine,1
Secobarbital,Nitrendipine,1
Secobarbital,Thiopental,5
Secobarbital,Isoflurane,2
Secobarbital,Sevoflurane,1
Secobarbital,Eflornithine,1
Secobarbital,Brigatinib,1
Secobarbital,Orphenadrine,1
Secobarbital,Everolimus,1
Secobarbital,Gabapentin enacarbil,1
Secobarbital,Zolpidem,2
Secobarbital,Phenelzine,1
Secobarbital,Sirolimus,1
Secobarbital,Dalfampridine,1
Secobarbital,Quinidine barbiturate,4
Secobarbital,Propanoic acid,1
Secobarbital,Zinc chloride,1
Secobarbital,Insulin beef,1
Secobarbital,Methoxyflurane,2
Secobarbital,Fostamatinib,2
Secobarbital,Fluciclovine (18F),2
Secobarbital,Methohexital,1
Secobarbital,Ethanol,4
Secobarbital,Lamotrigine,1
Secobarbital,Atropine,1
Secobarbital,D-Serine,2
Secobarbital,Nandrolone decanoate,1
Secobarbital,Esketamine,1
Secobarbital,Methyprylon,1
Secobarbital,Haloperidol,1
Secobarbital,Desflurane,1
Secobarbital,Insulin aspart,1
Secobarbital,Insulin degludec,1
Secobarbital,Somatrem,1
Secobarbital,Primidone,5
Secobarbital,Verapamil,2
Secobarbital,Gabapentin,1
Secobarbital,Zinc,1
Secobarbital,Zopiclone,2
Secobarbital,Cannabidiol,1
Secobarbital,Methylphenobarbital,5
Secobarbital,Phenobarbital,4
Secobarbital,Loperamide,1
Secobarbital,Zaleplon,1
Secobarbital,Taurine,2
Secobarbital,Ginkgo biloba,2
Secobarbital,Felbamate,1
Secobarbital,Mecasermin rinfabate,1
Secobarbital,Mecasermin,1
Secobarbital,Butobarbital,5
Secobarbital,Copper,1
Secobarbital,Carboxymethylcellulose,2
Secobarbital,"Zinc sulfate, unspecified form",1
Secobarbital,Flumazenil,2
Secobarbital,Glutethimide,1
Secobarbital,Teprotumumab,1
Secobarbital,Lumateperone,1
Secobarbital,Amobarbital,5
Secobarbital,Bioallethrin,1
Secobarbital,Lindane,1
Secobarbital,Temsirolimus,1
Secobarbital,Bepridil,2
Spironolactone,Loteprednol etabonate,1
Spironolactone,Felodipine,2
Spironolactone,Prednisolone,1
Spironolactone,Ulobetasol,1
Spironolactone,Testosterone enanthate,2
Spironolactone,Mometasone furoate,1
Spironolactone,Eplerenone,2
Spironolactone,Clobetasol propionate,3
Spironolactone,Flumethasone,1
Spironolactone,Fluocinolone acetonide,1
Spironolactone,Hydrocortamate,1
Spironolactone,Abiraterone,3
Spironolactone,Mifepristone,1
Spironolactone,Betamethasone phosphate,1
Spironolactone,Segesterone acetate,1
Spironolactone,Flurandrenolide,1
Spironolactone,Hydrocortisone valerate,1
Spironolactone,Methylprednisolone,1
Spironolactone,Finerenone,2
Spironolactone,Drospirenone,3
Spironolactone,Cortisone acetate,1
Spironolactone,Fluticasone propionate,3
Spironolactone,Difluocortolone,1
Spironolactone,Fludrocortisone,3
Spironolactone,Fluticasone,3
Spironolactone,Deflazacort,1
Spironolactone,Tixocortol,1
Spironolactone,Ketoconazole,3
Spironolactone,Triamcinolone,1
Spironolactone,Fluticasone furoate,3
Spironolactone,Prednicarbate,1
Spironolactone,Norethisterone,1
Spironolactone,Ulipristal,1
Spironolactone,Fluoxymesterone,1
Spironolactone,Hydrocortisone acetate,1
Spironolactone,Desoximetasone,1
Spironolactone,Ciclesonide,1
Spironolactone,Betamethasone,1
Spironolactone,Hydrocortisone,1
Spironolactone,Difluprednate,1
Spironolactone,Testosterone cypionate,2
Spironolactone,Cannabidiol,3
Spironolactone,Hydrocortisone phosphate,1
Spironolactone,Gestrinone,1
Spironolactone,Desonide,1
Spironolactone,Testosterone,2
Spironolactone,Levoketoconazole,3
Spironolactone,Clocortolone,1
Spironolactone,Prednisone,1
Spironolactone,Hydrocortisone cypionate,1
Spironolactone,Hydrocortisone probutate,1
Spironolactone,Clobetasone,1
Spironolactone,Prednisolone phosphate,1
Spironolactone,Prednisolone acetate,1
Spironolactone,Hydrocortisone butyrate,1
Spironolactone,Dexamethasone,1
Spironolactone,Dexamethasone acetate,1
Spironolactone,Desoxycorticosterone acetate,2
Spironolactone,Fluocinonide,1
Spironolactone,Budesonide,1
Spironolactone,Rimexolone,1
Zolpidem,Erdafitinib,1
Zolpidem,Levetiracetam,1
Zolpidem,Felodipine,2
Zolpidem,Zinc acetate,1
Zolpidem,Insulin detemir,1
Zolpidem,Meperidine,1
Zolpidem,Azathioprine,1
Zolpidem,Thiamylal,1
Zolpidem,Amoxapine,1
Zolpidem,Artenimol,2
Zolpidem,Halothane,2
Zolpidem,Acetylcysteine,1
Zolpidem,Ziconotide,2
Zolpidem,Vigabatrin,1
Zolpidem,Flavin mononucleotide,1
Zolpidem,Selpercatinib,1
Zolpidem,Memantine,1
Zolpidem,Thiopental,2
Zolpidem,Nitrendipine,2
Zolpidem,Isoflurane,2
Zolpidem,Sevoflurane,1
Zolpidem,Infigratinib,1
Zolpidem,Eflornithine,1
Zolpidem,Brigatinib,1
Zolpidem,Aluminum chloride,1
Zolpidem,Orphenadrine,1
Zolpidem,Everolimus,1
Zolpidem,Pazopanib,1
Zolpidem,Gabapentin enacarbil,2
Zolpidem,Phenelzine,1
Zolpidem,Sirolimus,1
Zolpidem,Dalfampridine,1
Zolpidem,Quinidine barbiturate,2
Zolpidem,Propanoic acid,1
Zolpidem,Nintedanib,1
Zolpidem,Zinc chloride,1
Zolpidem,Insulin beef,1
Zolpidem,Methoxyflurane,2
Zolpidem,Fostamatinib,3
Zolpidem,Methohexital,1
Zolpidem,Ethanol,2
Zolpidem,Lamotrigine,1
Zolpidem,Atropine,1
Zolpidem,D-Serine,2
Zolpidem,Nandrolone decanoate,1
Zolpidem,Pemigatinib,1
Zolpidem,Ponatinib,1
Zolpidem,Esketamine,1
Zolpidem,Methyprylon,1
Zolpidem,Haloperidol,1
Zolpidem,Desflurane,1
Zolpidem,Insulin aspart,1
Zolpidem,Insulin degludec,1
Zolpidem,Primidone,2
Zolpidem,Somatrem,1
Zolpidem,Futibatinib,1
Zolpidem,Lenvatinib,1
Zolpidem,Verapamil,2
Zolpidem,Gabapentin,2
Zolpidem,Zinc,1
Zolpidem,Zopiclone,2
Zolpidem,Hexachlorophene,1
Zolpidem,Cannabidiol,1
Zolpidem,Methylphenobarbital,2
Zolpidem,Phenobarbital,1
Zolpidem,Loperamide,1
Zolpidem,Zaleplon,1
Zolpidem,Taurine,2
Zolpidem,Ginkgo biloba,4
Zolpidem,Felbamate,1
Zolpidem,Mecasermin rinfabate,1
Zolpidem,Mecasermin,1
Zolpidem,Butobarbital,2
Zolpidem,Copper,2
Zolpidem,Carboxymethylcellulose,2
Zolpidem,"Zinc sulfate, unspecified form",1
Zolpidem,Flumazenil,4
Zolpidem,Glutethimide,1
Zolpidem,Teprotumumab,1
Zolpidem,Lumateperone,1
Zolpidem,Amobarbital,2
Zolpidem,Bioallethrin,1
Zolpidem,Lindane,1
Zolpidem,Temsirolimus,1
Zolpidem,Bepridil,3
Lindane,Levetiracetam,1
Lindane,Zinc acetate,1
Lindane,Felodipine,1
Lindane,Insulin detemir,1
Lindane,Azathioprine,1
Lindane,Halothane,1
Lindane,Ziconotide,1
Lindane,Vigabatrin,1
Lindane,Flavin mononucleotide,1
Lindane,Nitrendipine,1
Lindane,Thiopental,1
Lindane,Isoflurane,1
Lindane,Sevoflurane,1
Lindane,Eflornithine,1
Lindane,Brigatinib,1
Lindane,Gabapentin enacarbil,1
Lindane,Phenelzine,1
Lindane,Quinidine barbiturate,1
Lindane,Zinc chloride,1
Lindane,Insulin beef,1
Lindane,Methoxyflurane,1
Lindane,Fostamatinib,1
Lindane,Ethanol,2
Lindane,Lamotrigine,1
Lindane,Atropine,1
Lindane,D-Serine,1
Lindane,Nandrolone decanoate,1
Lindane,Desflurane,1
Lindane,Insulin aspart,1
Lindane,Insulin degludec,1
Lindane,Somatrem,1
Lindane,Primidone,1
Lindane,Verapamil,1
Lindane,Gabapentin,1
Lindane,Zinc,1
Lindane,Zopiclone,1
Lindane,Cannabidiol,1
Lindane,Methylphenobarbital,1
Lindane,Taurine,1
Lindane,gamma-Hydroxybutyric acid,1
Lindane,Ginkgo biloba,1
Lindane,Mecasermin rinfabate,1
Lindane,Mecasermin,1
Lindane,Butobarbital,1
Lindane,Copper,1
Lindane,Carboxymethylcellulose,1
Lindane,"Zinc sulfate, unspecified form",1
Lindane,Flumazenil,1
Lindane,Teprotumumab,1
Lindane,Amobarbital,1
Lindane,Bepridil,1
Bendroflumethiazide,Trichlormethiazide,3
Bendroflumethiazide,Metolazone,1
Bendroflumethiazide,Diclofenamide,2
Bendroflumethiazide,Hydroflumethiazide,2
Bendroflumethiazide,Acetazolamide,2
Bendroflumethiazide,Indapamide,1
Bendroflumethiazide,Halothane,1
Bendroflumethiazide,Vardenafil,1
Bendroflumethiazide,Celecoxib,1
Bendroflumethiazide,Valdecoxib,1
Bendroflumethiazide,Chlorothiazide,2
Bendroflumethiazide,Tadalafil,1
Bendroflumethiazide,Mycophenolate mofetil,1
Bendroflumethiazide,Quinethazone,2
Bendroflumethiazide,Manganese,1
Bendroflumethiazide,Brinzolamide,2
Bendroflumethiazide,Methazolamide,2
Bendroflumethiazide,Sodium carbonate,2
Bendroflumethiazide,Zonisamide,2
Bendroflumethiazide,Sodium sulfate,1
Bendroflumethiazide,Ribavirin,1
Bendroflumethiazide,Mycophenolic acid,1
Bendroflumethiazide,Dorzolamide,2
Bendroflumethiazide,Ethinamate,1
Bendroflumethiazide,Cyclothiazide,1
Bendroflumethiazide,Tretinoin,1
Bendroflumethiazide,Sulthiame,1
Bendroflumethiazide,Copper,1
Bendroflumethiazide,Fostamatinib,1
Bendroflumethiazide,Palmitic Acid,1
Bendroflumethiazide,Voretigene neparvovec,1
Bendroflumethiazide,Polythiazide,1
Bendroflumethiazide,Hyaluronic acid,1
Bendroflumethiazide,Xanthinol,1
Bendroflumethiazide,Hydrochlorothiazide,1
Bendroflumethiazide,Urea,1
Bendroflumethiazide,Diazoxide,1
Bendroflumethiazide,Furosemide,1
Bendroflumethiazide,Benzthiazide,3
Bendroflumethiazide,Dequalinium,1
Allopurinol,Flavin adenine dinucleotide,1
Allopurinol,Levocarnitine,1
Allopurinol,Febuxostat,1
Betamethasone,Triamcinolone,1
Betamethasone,Loteprednol etabonate,1
Betamethasone,Fluticasone furoate,1
Betamethasone,Prednicarbate,1
Betamethasone,Norethisterone,1
Betamethasone,Prednisolone,1
Betamethasone,Ulipristal,1
Betamethasone,Fluoxymesterone,1
Betamethasone,Hydrocortisone acetate,1
Betamethasone,Desoximetasone,1
Betamethasone,Ulobetasol,1
Betamethasone,Ciclesonide,1
Betamethasone,Mometasone furoate,1
Betamethasone,Flumethasone,1
Betamethasone,Clobetasol propionate,1
Betamethasone,Fluocinolone acetonide,1
Betamethasone,Hydrocortisone,1
Betamethasone,Hydrocortamate,1
Betamethasone,Difluprednate,1
Betamethasone,Hydrocortisone phosphate,1
Betamethasone,Mifepristone,1
Betamethasone,Gestrinone,1
Betamethasone,Desonide,1
Betamethasone,Betamethasone phosphate,1
Betamethasone,Segesterone acetate,1
Betamethasone,Clocortolone,1
Betamethasone,Prednisone,1
Betamethasone,Hydrocortisone cypionate,1
Betamethasone,Hydrocortisone probutate,1
Betamethasone,Flurandrenolide,1
Betamethasone,Clobetasone,1
Betamethasone,Hydrocortisone valerate,1
Betamethasone,Prednisolone phosphate,1
Betamethasone,Methylprednisolone,1
Betamethasone,Cortisone acetate,1
Betamethasone,Drospirenone,1
Betamethasone,Dexamethasone,1
Betamethasone,Hydrocortisone butyrate,1
Betamethasone,Prednisolone acetate,1
Betamethasone,Dexamethasone acetate,1
Betamethasone,Fluticasone propionate,1
Betamethasone,Difluocortolone,1
Betamethasone,Fluocinonide,1
Betamethasone,Fludrocortisone,1
Betamethasone,Budesonide,1
Betamethasone,Deflazacort,1
Betamethasone,Fluticasone,1
Betamethasone,Tixocortol,1
Betamethasone,Rimexolone,1
Chloramphenicol,Inebilizumab,1
Chloramphenicol,Tremelimumab,1
Chloramphenicol,Tafasitamab,1
Chloramphenicol,Loncastuximab tesirine,1
Chloramphenicol,Lisocabtagene maraleucel,1
Chloramphenicol,Abatacept,1
Chloramphenicol,Blinatumomab,1
Chloramphenicol,Brexucabtagene autoleucel,1
Chloramphenicol,Tisagenlecleucel,1
Chloramphenicol,Axicabtagene ciloleucel,1
Chloramphenicol,Ipilimumab,1
Levothyroxine,Liotrix,10
Levothyroxine,Ferric maltol,2
Levothyroxine,Tirofiban,2
Levothyroxine,Eflornithine,1
Levothyroxine,"Thyroid, porcine",10
Levothyroxine,Lamotrigine,1
Levothyroxine,Dextrothyroxine,10
Levothyroxine,Dronedarone,5
Framycetin,Ibalizumab,3
Framycetin,Lipegfilgrastim,1
Framycetin,Lenograstim,1
Framycetin,Plerixafor,3
Framycetin,Eflapegrastim,1
Meperidine,Haloperidol,4
Meperidine,Halothane,2
Meperidine,Amoxapine,1
Meperidine,Artenimol,1
Meperidine,Thiamylal,1
Meperidine,Acetylcysteine,8
Meperidine,Ziconotide,1
Meperidine,Primidone,1
Meperidine,Memantine,3
Meperidine,Thiopental,1
Meperidine,Isoflurane,1
Meperidine,Verapamil,1
Meperidine,Orphenadrine,4
Meperidine,Everolimus,1
Meperidine,Zopiclone,1
Meperidine,Sirolimus,1
Meperidine,Dalfampridine,1
Meperidine,Methylphenobarbital,1
Meperidine,Phenobarbital,1
Meperidine,Loperamide,1
Meperidine,Zaleplon,1
Meperidine,Taurine,4
Meperidine,Quinidine barbiturate,1
Meperidine,Propanoic acid,1
Meperidine,Ginkgo biloba,1
Meperidine,Felbamate,5
Meperidine,Butobarbital,1
Meperidine,Methoxyflurane,1
Meperidine,Carboxymethylcellulose,1
Meperidine,Fostamatinib,1
Meperidine,Flumazenil,1
Meperidine,Glutethimide,1
Meperidine,Lumateperone,4
Meperidine,Methohexital,1
Meperidine,Amobarbital,1
Meperidine,Bioallethrin,1
Meperidine,Ethanol,1
Meperidine,D-Serine,3
Meperidine,Esketamine,4
Meperidine,Methyprylon,1
Meperidine,Temsirolimus,1
Meperidine,Bepridil,1
Loratadine,Procainamide,3
Loratadine,Doxepin,3
Loratadine,Astemizole,3
Loratadine,Vernakalant,3
Loratadine,Chlorobutanol,3
Loratadine,Carvedilol,3
Loratadine,Prazosin,3
Loratadine,Cisapride,3
Loratadine,Flecainide,3
Loratadine,Verapamil,3
Loratadine,Isavuconazole,3
Loratadine,Quinidine,3
Loratadine,Potassium nitrate,3
Loratadine,Dronedarone,3
Loratadine,Loperamide,3
Loratadine,Pitolisant,3
Loratadine,Clarithromycin,3
Loratadine,Ciprofloxacin,3
Loratadine,Thioridazine,3
Loratadine,Halofantrine,3
Loratadine,Sertindole,3
Loratadine,Pentoxyverine,3
Loratadine,Propafenone,3
Loratadine,Sotalol,3
Loratadine,Tamoxifen,3
Loratadine,Nefazodone,3
Loratadine,Fluoxetine,3
Loratadine,Hydroxyzine,3
Loratadine,Perhexiline,3
Loratadine,Chlorpromazine,3
Loratadine,Imipramine,3
Loratadine,Pimozide,3
Loratadine,Terazosin,3
Loratadine,Ketoconazole,3
Loratadine,Bepridil,3
Prazosin,Procainamide,3
Prazosin,Doxepin,3
Prazosin,Vernakalant,3
Prazosin,Apraclonidine,1
Prazosin,Oxymetazoline,1
Prazosin,Yohimbine,1
Prazosin,Quetiapine,1
Prazosin,Mianserin,1
Prazosin,Brimonidine,1
Prazosin,Methotrimeprazine,1
Prazosin,Paliperidone,1
Prazosin,Isavuconazole,3
Prazosin,Quinidine,3
Prazosin,Pitolisant,3
Prazosin,Dronedarone,4
Prazosin,Thioridazine,3
Prazosin,Halofantrine,3
Prazosin,Aripiprazole lauroxil,1
Prazosin,Trimipramine,1
Prazosin,Pentoxyverine,3
Prazosin,Propafenone,3
Prazosin,Nefazodone,3
Prazosin,Celiprolol,1
Prazosin,Tolazoline,1
Prazosin,Hydroxyzine,3
Prazosin,Guanabenz,1
Prazosin,Pizotifen,1
Prazosin,Imipramine,3
Prazosin,Ketoconazole,3
Prazosin,Lisuride,1
Prazosin,Droxidopa,1
Prazosin,Haloperidol,1
Prazosin,Astemizole,3
Prazosin,Chlorobutanol,3
Prazosin,Bromocriptine,1
Prazosin,Phenoxybenzamine,1
Prazosin,Carvedilol,4
Prazosin,Rotigotine,1
Prazosin,Fenoldopam,1
Prazosin,Cisapride,3
Prazosin,Metamfetamine,1
Prazosin,Flecainide,3
Prazosin,Risperidone,1
Prazosin,Verapamil,3
Prazosin,Epinephrine,1
Prazosin,Asenapine,1
Prazosin,Potassium nitrate,3
Prazosin,Racepinephrine,1
Prazosin,Guanfacine,1
Prazosin,Loperamide,3
Prazosin,Clarithromycin,3
Prazosin,Xylometazoline,1
Prazosin,Ciprofloxacin,3
Prazosin,Apomorphine,1
Prazosin,Sertindole,3
Prazosin,Clonidine,1
Prazosin,Sotalol,3
Prazosin,Aripiprazole,1
Prazosin,Tamoxifen,3
Prazosin,Fluoxetine,3
Prazosin,Perhexiline,3
Prazosin,Chlorpromazine,3
Prazosin,Pimozide,3
Prazosin,Terazosin,3
Prazosin,Bepridil,3
Imipramine,Procainamide,3
Imipramine,Doxepin,3
Imipramine,Astemizole,3
Imipramine,Vernakalant,3
Imipramine,Chlorobutanol,3
Imipramine,Carvedilol,3
Imipramine,Cisapride,3
Imipramine,Flecainide,3
Imipramine,Verapamil,3
Imipramine,Isavuconazole,3
Imipramine,Quinidine,3
Imipramine,Potassium nitrate,3
Imipramine,Dronedarone,3
Imipramine,Loperamide,3
Imipramine,Pitolisant,3
Imipramine,Clarithromycin,3
Imipramine,Ciprofloxacin,3
Imipramine,Thioridazine,3
Imipramine,Halofantrine,3
Imipramine,Sertindole,3
Imipramine,Pentoxyverine,3
Imipramine,Propafenone,3
Imipramine,Sotalol,3
Imipramine,Tamoxifen,3
Imipramine,Nefazodone,3
Imipramine,Fluoxetine,3
Imipramine,Hydroxyzine,3
Imipramine,Perhexiline,3
Imipramine,Chlorpromazine,3
Imipramine,Pimozide,3
Imipramine,Terazosin,3
Imipramine,Ketoconazole,3
Imipramine,Bepridil,3
Nabumetone,Ketorolac,1
Nabumetone,Glycol salicylate,1
Nabumetone,Oxaprozin,1
Nabumetone,Loxoprofen,1
Nabumetone,Lumiracoxib,1
Nabumetone,Dexketoprofen,1
Nabumetone,Phenylbutazone,1
Nabumetone,Phenyl salicylate,1
Nabumetone,Suprofen,1
Nabumetone,Ketoprofen,1
Nabumetone,Ibuprofen,1
Nabumetone,Lornoxicam,1
Nabumetone,Tiaprofenic acid,1
Nabumetone,Dexibuprofen,1
Nabumetone,Trolamine salicylate,1
Nabumetone,Diflunisal,1
Nabumetone,Etodolac,1
Nabumetone,Naproxen,1
Nabumetone,Sulindac,1
Nabumetone,Metamizole,1
Nabumetone,Antipyrine,1
Nabumetone,Flurbiprofen,1
Nabumetone,Balsalazide,1
Nabumetone,Cannabidiol,1
Nabumetone,Bendazac,1
Nabumetone,Acemetacin,1
Nabumetone,Diclofenac,1
Nabumetone,Salsalate,1
Nabumetone,Diethylcarbamazine,1
Nabumetone,Meloxicam,1
Nabumetone,Choline magnesium trisalicylate,1
Nabumetone,Piroxicam,1
Nabumetone,Tolfenamic acid,1
Nabumetone,Acetylsalicylic acid,1
Nabumetone,Carprofen,1
Nabumetone,Mefenamic acid,1
Nabumetone,Flufenamic acid,1
Nabumetone,Meclofenamic acid,1
Nabumetone,Bromfenac,1
Nabumetone,Antrafenine,1
Nabumetone,Tolmetin,1
Nabumetone,Salicylic acid,1
Nabumetone,Aceclofenac,1
Nabumetone,Nepafenac,1
Nabumetone,Menthyl salicylate,1
Nabumetone,Bufexamac,1
Nabumetone,Fenoprofen,1
Nabumetone,Triflusal,1
Nabumetone,Sulfasalazine,1
Nabumetone,Tenoxicam,1
Sodium tetradecyl sulfate,Protein S human,3
Sodium tetradecyl sulfate,Cupric Chloride,3
Sodium tetradecyl sulfate,Kappadione,6
Ketorolac,Glycol salicylate,1
Ketorolac,Oxaprozin,1
Ketorolac,Loxoprofen,1
Ketorolac,Lumiracoxib,1
Ketorolac,Dexketoprofen,1
Ketorolac,Phenylbutazone,1
Ketorolac,Phenyl salicylate,1
Ketorolac,Suprofen,1
Ketorolac,Ketoprofen,1
Ketorolac,Ibuprofen,1
Ketorolac,Lornoxicam,1
Ketorolac,Tiaprofenic acid,1
Ketorolac,Dexibuprofen,1
Ketorolac,Trolamine salicylate,1
Ketorolac,Diflunisal,1
Ketorolac,Etodolac,1
Ketorolac,Naproxen,1
Ketorolac,Sulindac,1
Ketorolac,Metamizole,1
Ketorolac,Antipyrine,1
Ketorolac,Flurbiprofen,1
Ketorolac,Balsalazide,1
Ketorolac,Cannabidiol,1
Ketorolac,Bendazac,1
Ketorolac,Acemetacin,1
Ketorolac,Diclofenac,1
Ketorolac,Salsalate,1
Ketorolac,Diethylcarbamazine,1
Ketorolac,Meloxicam,1
Ketorolac,Choline magnesium trisalicylate,1
Ketorolac,Piroxicam,1
Ketorolac,Tolfenamic acid,1
Ketorolac,Acetylsalicylic acid,1
Ketorolac,Carprofen,1
Ketorolac,Mefenamic acid,1
Ketorolac,Flufenamic acid,1
Ketorolac,Meclofenamic acid,1
Ketorolac,Bromfenac,1
Ketorolac,Antrafenine,1
Ketorolac,Tolmetin,1
Ketorolac,Salicylic acid,1
Ketorolac,Aceclofenac,1
Ketorolac,Nepafenac,1
Ketorolac,Menthyl salicylate,1
Ketorolac,Bufexamac,1
Ketorolac,Fenoprofen,1
Ketorolac,Triflusal,1
Ketorolac,Sulfasalazine,1
Ketorolac,Tenoxicam,1
Quinine,Dexibuprofen,2
Quinine,Halothane,2
Quinine,Ibuprofen,2
Tenoxicam,Glycol salicylate,1
Tenoxicam,Oxaprozin,1
Tenoxicam,Loxoprofen,1
Tenoxicam,Lumiracoxib,1
Tenoxicam,Dexketoprofen,1
Tenoxicam,Phenylbutazone,1
Tenoxicam,Phenyl salicylate,1
Tenoxicam,Suprofen,1
Tenoxicam,Ketoprofen,1
Tenoxicam,Ibuprofen,1
Tenoxicam,Lornoxicam,1
Tenoxicam,Tiaprofenic acid,1
Tenoxicam,Dexibuprofen,1
Tenoxicam,Trolamine salicylate,1
Tenoxicam,Diflunisal,1
Tenoxicam,Etodolac,1
Tenoxicam,Naproxen,1
Tenoxicam,Sulindac,1
Tenoxicam,Metamizole,1
Tenoxicam,Antipyrine,1
Tenoxicam,Flurbiprofen,1
Tenoxicam,Balsalazide,1
Tenoxicam,Cannabidiol,1
Tenoxicam,Bendazac,1
Tenoxicam,Acemetacin,1
Tenoxicam,Diclofenac,1
Tenoxicam,Salsalate,1
Tenoxicam,Diethylcarbamazine,1
Tenoxicam,Meloxicam,1
Tenoxicam,Choline magnesium trisalicylate,1
Tenoxicam,Piroxicam,1
Tenoxicam,Tolfenamic acid,1
Tenoxicam,Acetylsalicylic acid,1
Tenoxicam,Carprofen,1
Tenoxicam,Mefenamic acid,1
Tenoxicam,Flufenamic acid,1
Tenoxicam,Meclofenamic acid,1
Tenoxicam,Bromfenac,1
Tenoxicam,Antrafenine,1
Tenoxicam,Tolmetin,1
Tenoxicam,Salicylic acid,1
Tenoxicam,Aceclofenac,1
Tenoxicam,Nepafenac,1
Tenoxicam,Menthyl salicylate,1
Tenoxicam,Bufexamac,1
Tenoxicam,Fenoprofen,1
Tenoxicam,Triflusal,1
Tenoxicam,Sulfasalazine,1
Fluoxetine,Procainamide,3
Fluoxetine,Doxepin,3
Fluoxetine,Astemizole,3
Fluoxetine,Vernakalant,3
Fluoxetine,Chlorobutanol,3
Fluoxetine,Carvedilol,3
Fluoxetine,Levamisole,2
Fluoxetine,Cisapride,3
Fluoxetine,Flecainide,3
Fluoxetine,Verapamil,3
Fluoxetine,Pentolinium,2
Fluoxetine,Amantadine,2
Fluoxetine,Isavuconazole,3
Fluoxetine,Quinidine,3
Fluoxetine,Potassium nitrate,3
Fluoxetine,Dronedarone,3
Fluoxetine,Loperamide,3
Fluoxetine,Pitolisant,3
Fluoxetine,Clarithromycin,3
Fluoxetine,Ciprofloxacin,3
Fluoxetine,Dextromethorphan,2
Fluoxetine,Thioridazine,3
Fluoxetine,Halofantrine,3
Fluoxetine,Sertindole,3
Fluoxetine,Pentoxyverine,3
Fluoxetine,Propafenone,3
Fluoxetine,Sotalol,3
Fluoxetine,Tamoxifen,3
Fluoxetine,Nefazodone,3
Fluoxetine,Levacetylmethadol,2
Fluoxetine,Varenicline,2
Fluoxetine,Hydroxyzine,3
Fluoxetine,Bupropion,2
Fluoxetine,Perhexiline,3
Fluoxetine,Chlorpromazine,3
Fluoxetine,Ethanol,2
Fluoxetine,Pimozide,3
Fluoxetine,Terazosin,3
Fluoxetine,Ketoconazole,3
Fluoxetine,Bepridil,3
Hexylcaine,Quinidine barbiturate,4
Hexylcaine,Cinchocaine,4
Hexylcaine,Procainamide,4
Hexylcaine,Riluzole,4
Hexylcaine,Vernakalant,4
Hexylcaine,Ajmaline,4
Hexylcaine,Tocainide,4
Hexylcaine,Mephenytoin,4
Hexylcaine,Moricizine,4
Hexylcaine,Propafenone,4
Hexylcaine,Flecainide,4
Hexylcaine,Encainide,4
Hexylcaine,Fosphenytoin,4
Hexylcaine,Prilocaine,4
Hexylcaine,Ethotoin,4
Hexylcaine,Isavuconazole,4
Hexylcaine,Benzonatate,4
Hexylcaine,Quinidine,4
Hexylcaine,Zonisamide,4
Hexylcaine,Dronedarone,4
Hexylcaine,Bepridil,1
Methohexital,Haloperidol,1
Methohexital,Thiamylal,1
Methohexital,Amoxapine,1
Methohexital,Artenimol,1
Methohexital,Halothane,1
Methohexital,Acetylcysteine,1
Methohexital,Ziconotide,1
Methohexital,Primidone,1
Methohexital,Thiopental,1
Methohexital,Memantine,1
Methohexital,Isoflurane,1
Methohexital,Verapamil,1
Methohexital,Orphenadrine,1
Methohexital,Everolimus,1
Methohexital,Zopiclone,1
Methohexital,Sirolimus,1
Methohexital,Dalfampridine,1
Methohexital,Methylphenobarbital,1
Methohexital,Phenobarbital,1
Methohexital,Loperamide,1
Methohexital,Zaleplon,1
Methohexital,Taurine,1
Methohexital,Quinidine barbiturate,1
Methohexital,Propanoic acid,1
Methohexital,Ginkgo biloba,1
Methohexital,Felbamate,1
Methohexital,Butobarbital,1
Methohexital,Methoxyflurane,1
Methohexital,Carboxymethylcellulose,1
Methohexital,Fostamatinib,1
Methohexital,Flumazenil,1
Methohexital,Glutethimide,1
Methohexital,Lumateperone,1
Methohexital,D-Serine,1
Methohexital,Amobarbital,1
Methohexital,Bioallethrin,1
Methohexital,Ethanol,1
Methohexital,Esketamine,1
Methohexital,Methyprylon,1
Methohexital,Temsirolimus,1
Methohexital,Bepridil,1
Erlotinib,Neratinib,1
Erlotinib,Foreskin keratinocyte (neonatal),1
Erlotinib,Fostamatinib,1
Erlotinib,Dacomitinib,1
Erlotinib,Necitumumab,1
Erlotinib,Vandetanib,1
Erlotinib,Brigatinib,1
Erlotinib,Mobocertinib,1
Erlotinib,Zanubrutinib,1
Erlotinib,Panitumumab,1
Erlotinib,Afatinib,1
Erlotinib,Osimertinib,1
Erlotinib,Amivantamab,1
Erlotinib,Lapatinib,1
Chlorpromazine,Procainamide,3
Chlorpromazine,Doxepin,3
Chlorpromazine,Felodipine,3
Chlorpromazine,Vernakalant,3
Chlorpromazine,Trifluoperazine,3
Chlorpromazine,Melatonin,3
Chlorpromazine,Calcium phosphate dihydrate,3
Chlorpromazine,Isoflurane,3
Chlorpromazine,Calcium citrate,3
Chlorpromazine,Isavuconazole,3
Chlorpromazine,Quinidine,3
Chlorpromazine,Dronedarone,3
Chlorpromazine,Pitolisant,3
Chlorpromazine,Thioridazine,3
Chlorpromazine,Halofantrine,3
Chlorpromazine,Desipramine,2
Chlorpromazine,Pentoxyverine,3
Chlorpromazine,Propafenone,3
Chlorpromazine,Nefazodone,3
Chlorpromazine,Hydroxyzine,3
Chlorpromazine,Ketoconazole,3
Chlorpromazine,Dequalinium,3
Chlorpromazine,Promethazine,3
Chlorpromazine,Perphenazine,3
Chlorpromazine,Astemizole,3
Chlorpromazine,Chlorobutanol,3
Chlorpromazine,Calcium Phosphate,3
Chlorpromazine,Phenoxybenzamine,3
Chlorpromazine,Carvedilol,3
Chlorpromazine,Calcium levulinate,3
Chlorpromazine,Cisapride,3
Chlorpromazine,Flecainide,3
Chlorpromazine,Verapamil,3
Chlorpromazine,Nifedipine,3
Chlorpromazine,Nicardipine,3
Chlorpromazine,Prenylamine,3
Chlorpromazine,Potassium nitrate,3
Chlorpromazine,Loperamide,6
Chlorpromazine,Clarithromycin,3
Chlorpromazine,Cinchocaine,3
Chlorpromazine,Ciprofloxacin,3
Chlorpromazine,Sertindole,3
Chlorpromazine,Fluphenazine,3
Chlorpromazine,Sotalol,3
Chlorpromazine,Tamoxifen,3
Chlorpromazine,Flunarizine,3
Chlorpromazine,Perhexiline,3
Chlorpromazine,Pimozide,6
Chlorpromazine,Terazosin,3
Chlorpromazine,Bepridil,6
Lenalidomide,Denosumab,1
Celecoxib,Trichlormethiazide,1
Celecoxib,Diclofenamide,1
Celecoxib,Hydroflumethiazide,1
Celecoxib,Zinc acetate,1
Celecoxib,Acetazolamide,1
Celecoxib,Voxelotor,1
Celecoxib,Regorafenib,1
Celecoxib,Valdecoxib,1
Celecoxib,Chlorothiazide,1
Celecoxib,Selpercatinib,1
Celecoxib,Ferrous ascorbate,1
Celecoxib,Lenvatinib,1
Celecoxib,Quinethazone,1
Celecoxib,Ferrous sulfate anhydrous,1
Celecoxib,Pazopanib,1
Celecoxib,Sodium ferric gluconate complex,1
Celecoxib,Brinzolamide,1
Celecoxib,Zinc,1
Celecoxib,Ferric derisomaltose,1
Celecoxib,Methazolamide,1
Celecoxib,Pentaerythritol tetranitrate,1
Celecoxib,Sodium carbonate,1
Celecoxib,Zonisamide,1
Celecoxib,Sodium sulfate,1
Celecoxib,Ferrous succinate,1
Celecoxib,Nintedanib,1
Celecoxib,Zinc chloride,1
Celecoxib,Nitrous acid,1
Celecoxib,Dorzolamide,1
Celecoxib,Ethinamate,1
Celecoxib,Cyclothiazide,1
Celecoxib,Sunitinib,1
Celecoxib,Sulthiame,1
Celecoxib,Copper,1
Celecoxib,"Zinc sulfate, unspecified form",1
Celecoxib,Axitinib,1
Celecoxib,Fostamatinib,1
Celecoxib,Ferric pyrophosphate citrate,1
Celecoxib,Iron,1
Celecoxib,Acetylsalicylic acid,5
Celecoxib,Ferrous fumarate,1
Celecoxib,Urea,1
Celecoxib,Diazoxide,1
Celecoxib,Tivozanib,1
Celecoxib,Furosemide,1
Celecoxib,Ferrous gluconate,1
Celecoxib,Ferrous glycine sulfate,1
Celecoxib,Iron Dextran,1
Celecoxib,Benzthiazide,1
Brimonidine,Haloperidol,1
Brimonidine,Apraclonidine,1
Brimonidine,Bromocriptine,1
Brimonidine,Phenoxybenzamine,1
Brimonidine,Carvedilol,1
Brimonidine,Oxymetazoline,1
Brimonidine,Rotigotine,1
Brimonidine,Yohimbine,1
Brimonidine,Fenoldopam,1
Brimonidine,Metamfetamine,1
Brimonidine,Risperidone,1
Brimonidine,Quetiapine,1
Brimonidine,Mianserin,1
Brimonidine,Methotrimeprazine,1
Brimonidine,Epinephrine,1
Brimonidine,Asenapine,1
Brimonidine,Paliperidone,1
Brimonidine,Racepinephrine,1
Brimonidine,Dronedarone,1
Brimonidine,Guanfacine,1
Brimonidine,Xylometazoline,1
Brimonidine,Aripiprazole lauroxil,1
Brimonidine,Apomorphine,1
Brimonidine,Trimipramine,1
Brimonidine,Clonidine,1
Brimonidine,Aripiprazole,1
Brimonidine,Celiprolol,1
Brimonidine,Tolazoline,1
Brimonidine,Guanabenz,1
Brimonidine,Pizotifen,1
Brimonidine,Lisuride,1
Brimonidine,Droxidopa,1
Sotalol,Procainamide,3
Sotalol,Doxepin,3
Sotalol,Astemizole,3
Sotalol,Vernakalant,3
Sotalol,Chlorobutanol,3
Sotalol,Carvedilol,3
Sotalol,Cisapride,3
Sotalol,Flecainide,3
Sotalol,Verapamil,3
Sotalol,Isavuconazole,3
Sotalol,Quinidine,3
Sotalol,Potassium nitrate,3
Sotalol,Dronedarone,3
Sotalol,Loperamide,3
Sotalol,Pitolisant,3
Sotalol,Clarithromycin,3
Sotalol,Ciprofloxacin,3
Sotalol,Thioridazine,3
Sotalol,Halofantrine,3
Sotalol,Sertindole,3
Sotalol,Pentoxyverine,3
Sotalol,Propafenone,3
Sotalol,Tamoxifen,3
Sotalol,Nefazodone,3
Sotalol,Hydroxyzine,3
Sotalol,Perhexiline,3
Sotalol,Pimozide,3
Sotalol,Terazosin,3
Sotalol,Ketoconazole,3
Sotalol,Bepridil,3
Miglitol,alpha-Arbutin,2
Fosinopril,Cilazapril,2
Fosinopril,Lisinopril,2
Fosinopril,Benazepril,2
Fosinopril,Captopril,2
Fosinopril,Spirapril,2
Fosinopril,Rescinnamine,2
Fosinopril,Quinapril,2
Fosinopril,Moexipril,2
Fosinopril,Zofenopril,2
Fosinopril,Enalaprilat,2
Fosinopril,Trandolapril,2
Fosinopril,Perindopril,2
Fosinopril,Enalapril,2
Mephenytoin,Quinidine barbiturate,4
Mephenytoin,Cinchocaine,4
Mephenytoin,Procainamide,4
Mephenytoin,Riluzole,4
Mephenytoin,Vernakalant,4
Mephenytoin,Ajmaline,4
Mephenytoin,Tocainide,4
Mephenytoin,Moricizine,4
Mephenytoin,Propafenone,4
Mephenytoin,Flecainide,4
Mephenytoin,Encainide,4
Mephenytoin,Fosphenytoin,4
Mephenytoin,Prilocaine,4
Mephenytoin,Ethotoin,4
Mephenytoin,Isavuconazole,4
Mephenytoin,Benzonatate,4
Mephenytoin,Quinidine,4
Mephenytoin,Zonisamide,4
Mephenytoin,Dronedarone,4
Mephenytoin,Bepridil,1
Cefotaxime,Norelgestromin,1
Cefotaxime,Guaiacol,1
Cefotaxime,Artenimol,1
Cefotaxime,Phenol,1
Cefotaxime,Patent Blue,1
Cefotaxime,Silver,1
Zidovudine,Nilotinib,1
Zidovudine,Palbociclib,1
Zidovudine,Erdafitinib,1
Zidovudine,Ancestim,1
Zidovudine,Midostaurin,1
Zidovudine,Regorafenib,1
Zidovudine,Sunitinib,1
Zidovudine,Dasatinib,1
Zidovudine,Imatinib,1
Zidovudine,Fostamatinib,2
Zidovudine,Lenvatinib,1
Zidovudine,Pazopanib,1
Zidovudine,Trilaciclib,1
Zidovudine,Tivozanib,1
Zidovudine,Ripretinib,1
Zidovudine,Avapritinib,1
Zidovudine,Pexidartinib,1
Zidovudine,Abemaciclib,1
Zidovudine,Ribociclib,1
Zidovudine,Ponatinib,1
Phenindione,Phenprocoumon,1
Phenindione,Warfarin,1
Phenindione,Acenocoumarol,1
Tolmetin,Glycol salicylate,1
Tolmetin,Oxaprozin,1
Tolmetin,Loxoprofen,1
Tolmetin,Lumiracoxib,1
Tolmetin,Dexketoprofen,1
Tolmetin,Phenylbutazone,1
Tolmetin,Phenyl salicylate,1
Tolmetin,Suprofen,1
Tolmetin,Ketoprofen,1
Tolmetin,Ibuprofen,1
Tolmetin,Lornoxicam,1
Tolmetin,Tiaprofenic acid,1
Tolmetin,Dexibuprofen,1
Tolmetin,Trolamine salicylate,1
Tolmetin,Diflunisal,1
Tolmetin,Etodolac,1
Tolmetin,Naproxen,1
Tolmetin,Sulindac,1
Tolmetin,Metamizole,1
Tolmetin,Antipyrine,1
Tolmetin,Flurbiprofen,1
Tolmetin,Balsalazide,1
Tolmetin,Cannabidiol,1
Tolmetin,Bendazac,1
Tolmetin,Acemetacin,1
Tolmetin,Diclofenac,1
Tolmetin,Salsalate,1
Tolmetin,Diethylcarbamazine,1
Tolmetin,Meloxicam,1
Tolmetin,Choline magnesium trisalicylate,1
Tolmetin,Piroxicam,1
Tolmetin,Tolfenamic acid,1
Tolmetin,Acetylsalicylic acid,1
Tolmetin,Carprofen,1
Tolmetin,Mefenamic acid,1
Tolmetin,Flufenamic acid,1
Tolmetin,Meclofenamic acid,1
Tolmetin,Bromfenac,1
Tolmetin,Antrafenine,1
Tolmetin,Salicylic acid,1
Tolmetin,Aceclofenac,1
Tolmetin,Nepafenac,1
Tolmetin,Menthyl salicylate,1
Tolmetin,Bufexamac,1
Tolmetin,Fenoprofen,1
Tolmetin,Triflusal,1
Tolmetin,Sulfasalazine,1
Haloperidol,Apraclonidine,1
Haloperidol,Thiamylal,1
Haloperidol,Amoxapine,1
Haloperidol,Artenimol,1
Haloperidol,Halothane,1
Haloperidol,Acetylcysteine,4
Haloperidol,Oxymetazoline,1
Haloperidol,Ziconotide,1
Haloperidol,Yohimbine,1
Haloperidol,Memantine,1
Haloperidol,Thiopental,1
Haloperidol,Isoflurane,1
Haloperidol,Quetiapine,1
Haloperidol,Mianserin,1
Haloperidol,Methotrimeprazine,1
Haloperidol,Orphenadrine,1
Haloperidol,Everolimus,1
Haloperidol,Paliperidone,1
Haloperidol,Sirolimus,1
Haloperidol,Dalfampridine,1
Haloperidol,Dronedarone,1
Haloperidol,Quinidine barbiturate,1
Haloperidol,Propanoic acid,1
Haloperidol,Aripiprazole lauroxil,1
Haloperidol,Trimipramine,1
Haloperidol,Methoxyflurane,1
Haloperidol,Fostamatinib,1
Haloperidol,Celiprolol,1
Haloperidol,Tolazoline,1
Haloperidol,Guanabenz,1
Haloperidol,Ethanol,1
Haloperidol,Pizotifen,1
Haloperidol,D-Serine,1
Haloperidol,Esketamine,4
Haloperidol,Lisuride,1
Haloperidol,Methyprylon,1
Haloperidol,Droxidopa,1
Haloperidol,Bromocriptine,1
Haloperidol,Phenoxybenzamine,1
Haloperidol,Carvedilol,1
Haloperidol,Rotigotine,1
Haloperidol,Primidone,1
Haloperidol,Fenoldopam,1
Haloperidol,Metamfetamine,1
Haloperidol,Risperidone,1
Haloperidol,Verapamil,1
Haloperidol,Epinephrine,1
Haloperidol,Asenapine,1
Haloperidol,Zopiclone,1
Haloperidol,Racepinephrine,1
Haloperidol,Methylphenobarbital,1
Haloperidol,Phenobarbital,1
Haloperidol,Guanfacine,1
Haloperidol,Loperamide,1
Haloperidol,Zaleplon,1
Haloperidol,Taurine,4
Haloperidol,Ginkgo biloba,1
Haloperidol,Felbamate,4
Haloperidol,Xylometazoline,1
Haloperidol,Butobarbital,1
Haloperidol,Apomorphine,1
Haloperidol,Carboxymethylcellulose,1
Haloperidol,Flumazenil,1
Haloperidol,Clonidine,1
Haloperidol,Aripiprazole,1
Haloperidol,Glutethimide,1
Haloperidol,Lumateperone,4
Haloperidol,Amobarbital,1
Haloperidol,Bioallethrin,1
Haloperidol,Temsirolimus,1
Haloperidol,Bepridil,1
Dextrothyroxine,2-mercaptobenzothiazole,2
Dextrothyroxine,Liotrix,10
Dextrothyroxine,Resorcinol,2
Dextrothyroxine,Triclosan,2
Dextrothyroxine,Eflornithine,1
Dextrothyroxine,"Thyroid, porcine",10
Dextrothyroxine,Lamotrigine,1
Dextrothyroxine,Methimazole,2
Dextrothyroxine,Dronedarone,5
Dextrothyroxine,Propylthiouracil,2
Acetyldigitoxin,Trichlormethiazide,1
Acetyldigitoxin,Magnesium acetate,1
Acetyldigitoxin,Hydroflumethiazide,1
Acetyldigitoxin,Digitoxin,1
Acetyldigitoxin,Potassium,1
Acetyldigitoxin,Potassium acetate,1
Acetyldigitoxin,Aluminium,1
Acetyldigitoxin,Aluminum acetate,1
Acetyldigitoxin,Potassium cation,1
Acetyldigitoxin,Aluminium phosphate,1
Acetyldigitoxin,Potassium sulfate,1
Acetyldigitoxin,Deslanoside,1
Acetyldigitoxin,Ouabain,1
Acetyldigitoxin,Diazoxide,1
Acetyldigitoxin,Etacrynic acid,1
Acetyldigitoxin,Almitrine,1
Acetyldigitoxin,Ciclopirox,1
Acetyldigitoxin,Magnesium cation,1
Acetyldigitoxin,Bretylium,1
Acetyldigitoxin,Bepridil,1
Aminocaproic acid,Aprotinin,2
Aminocaproic acid,Copper,2
Dextromethorphan,Levacetylmethadol,2
Dextromethorphan,Pentolinium,2
Dextromethorphan,Varenicline,2
Dextromethorphan,Amantadine,2
Dextromethorphan,Bupropion,2
Dextromethorphan,Ethanol,2
Dextromethorphan,Levamisole,2
Dextromethorphan,Fostamatinib,1
Cisplatin,Zinc chloride,1
Cisplatin,Zinc acetate,1
Cisplatin,Aluminium,1
Cisplatin,Aluminum acetate,1
Cisplatin,"Zinc sulfate, unspecified form",1
Cisplatin,Copper,1
Cisplatin,Aluminium phosphate,1
Cisplatin,Ferrous ascorbate,1
Cisplatin,Iron,1
Cisplatin,Manganese,1
Cisplatin,Isoflurophate,1
Cisplatin,Ferrous fumarate,1
Cisplatin,Zinc,1
Cisplatin,Ferrous gluconate,1
Cisplatin,Ferrous glycine sulfate,1
Cisplatin,Ferrous succinate,1
Albendazole,Mebendazole,1
Trandolapril,Cilazapril,2
Trandolapril,Lisinopril,2
Trandolapril,Benazepril,2
Trandolapril,Captopril,2
Trandolapril,Spirapril,2
Trandolapril,Rescinnamine,2
Trandolapril,Quinapril,2
Trandolapril,Moexipril,2
Trandolapril,Zofenopril,2
Trandolapril,Enalaprilat,2
Trandolapril,Perindopril,2
Trandolapril,Enalapril,2
Metolazone,Quinethazone,1
Metolazone,Trichlormethiazide,1
Metolazone,Polythiazide,1
Metolazone,Indapamide,1
Metolazone,Hydrochlorothiazide,1
Metolazone,Benzthiazide,1
Metolazone,Chlorothiazide,1
Cinchocaine,Promethazine,3
Cinchocaine,Procainamide,4
Cinchocaine,Perphenazine,3
Cinchocaine,Vernakalant,4
Cinchocaine,Felodipine,3
Cinchocaine,Ajmaline,4
Cinchocaine,Calcium Phosphate,3
Cinchocaine,Trifluoperazine,3
Cinchocaine,Phenoxybenzamine,3
Cinchocaine,Moricizine,4
Cinchocaine,Melatonin,3
Cinchocaine,Calcium phosphate dihydrate,3
Cinchocaine,Calcium levulinate,3
Cinchocaine,Isoflurane,3
Cinchocaine,Flecainide,4
Cinchocaine,Nifedipine,3
Cinchocaine,Encainide,4
Cinchocaine,Fosphenytoin,4
Cinchocaine,Prilocaine,4
Cinchocaine,Nicardipine,3
Cinchocaine,Ethotoin,4
Cinchocaine,Calcium citrate,3
Cinchocaine,Isavuconazole,4
Cinchocaine,Prenylamine,3
Cinchocaine,Quinidine,4
Cinchocaine,Zonisamide,4
Cinchocaine,Dequalinium,3
Cinchocaine,Dronedarone,4
Cinchocaine,Loperamide,3
Cinchocaine,Quinidine barbiturate,4
Cinchocaine,Riluzole,4
Cinchocaine,Tocainide,4
Cinchocaine,Fluphenazine,3
Cinchocaine,Propafenone,4
Cinchocaine,Flunarizine,3
Cinchocaine,Benzonatate,4
Cinchocaine,Pimozide,3
Cinchocaine,Bepridil,4
Chlormerodrin,Quinethazone,1
Chlormerodrin,Piretanide,1
Chlormerodrin,Bumetanide,1
Chlormerodrin,Hydroflumethiazide,1
Chlormerodrin,Potassium chloride,1
Chlormerodrin,Etacrynic acid,1
Chlormerodrin,Furosemide,1
Ciprofloxacin,Procainamide,3
Ciprofloxacin,Doxepin,3
Ciprofloxacin,Astemizole,3
Ciprofloxacin,Vernakalant,3
Ciprofloxacin,Chlorobutanol,3
Ciprofloxacin,Carvedilol,3
Ciprofloxacin,Cisapride,3
Ciprofloxacin,Flecainide,3
Ciprofloxacin,Verapamil,3
Ciprofloxacin,Isavuconazole,3
Ciprofloxacin,Quinidine,3
Ciprofloxacin,Potassium nitrate,3
Ciprofloxacin,Dronedarone,3
Ciprofloxacin,Loperamide,3
Ciprofloxacin,Pitolisant,3
Ciprofloxacin,Clarithromycin,3
Ciprofloxacin,Thioridazine,3
Ciprofloxacin,Halofantrine,3
Ciprofloxacin,Sertindole,3
Ciprofloxacin,Pentoxyverine,3
Ciprofloxacin,Propafenone,3
Ciprofloxacin,Tamoxifen,3
Ciprofloxacin,Nefazodone,3
Ciprofloxacin,Hydroxyzine,3
Ciprofloxacin,Perhexiline,3
Ciprofloxacin,Pimozide,3
Ciprofloxacin,Terazosin,3
Ciprofloxacin,Ketoconazole,3
Ciprofloxacin,Bepridil,3
Vincristine,Cabazitaxel,1
Vincristine,Podofilox,1
Benazepril,Cilazapril,2
Benazepril,Lisinopril,2
Benazepril,Captopril,2
Benazepril,Spirapril,2
Benazepril,Rescinnamine,2
Benazepril,Quinapril,2
Benazepril,Moexipril,2
Benazepril,Zofenopril,2
Benazepril,Enalaprilat,2
Benazepril,Perindopril,2
Benazepril,Enalapril,2
Amoxapine,Thiamylal,1
Amoxapine,Artenimol,1
Amoxapine,Halothane,1
Amoxapine,Acetylcysteine,1
Amoxapine,Ziconotide,1
Amoxapine,Primidone,1
Amoxapine,Thiopental,1
Amoxapine,Memantine,1
Amoxapine,Isoflurane,1
Amoxapine,Verapamil,1
Amoxapine,Orphenadrine,1
Amoxapine,Everolimus,1
Amoxapine,Zopiclone,1
Amoxapine,Sirolimus,1
Amoxapine,Dalfampridine,1
Amoxapine,Methylphenobarbital,1
Amoxapine,Phenobarbital,1
Amoxapine,Loperamide,1
Amoxapine,Zaleplon,1
Amoxapine,Taurine,1
Amoxapine,Quinidine barbiturate,1
Amoxapine,Propanoic acid,1
Amoxapine,Ginkgo biloba,1
Amoxapine,Felbamate,1
Amoxapine,Butobarbital,1
Amoxapine,Methoxyflurane,1
Amoxapine,Carboxymethylcellulose,1
Amoxapine,Fostamatinib,1
Amoxapine,Flumazenil,1
Amoxapine,Glutethimide,1
Amoxapine,Lumateperone,1
Amoxapine,D-Serine,1
Amoxapine,Amobarbital,1
Amoxapine,Bioallethrin,1
Amoxapine,Ethanol,1
Amoxapine,Esketamine,1
Amoxapine,Methyprylon,1
Amoxapine,Temsirolimus,1
Amoxapine,Bepridil,1
Desoximetasone,Triamcinolone,1
Desoximetasone,Loteprednol etabonate,1
Desoximetasone,Fluticasone furoate,1
Desoximetasone,Prednicarbate,1
Desoximetasone,Norethisterone,1
Desoximetasone,Prednisolone,1
Desoximetasone,Ulipristal,1
Desoximetasone,Fluoxymesterone,1
Desoximetasone,Hydrocortisone acetate,1
Desoximetasone,Ulobetasol,1
Desoximetasone,Ciclesonide,1
Desoximetasone,Mometasone furoate,1
Desoximetasone,Flumethasone,1
Desoximetasone,Clobetasol propionate,1
Desoximetasone,Fluocinolone acetonide,1
Desoximetasone,Hydrocortisone,1
Desoximetasone,Hydrocortamate,1
Desoximetasone,Difluprednate,1
Desoximetasone,Hydrocortisone phosphate,1
Desoximetasone,Mifepristone,1
Desoximetasone,Gestrinone,1
Desoximetasone,Desonide,1
Desoximetasone,Betamethasone phosphate,1
Desoximetasone,Segesterone acetate,1
Desoximetasone,Clocortolone,1
Desoximetasone,Prednisone,1
Desoximetasone,Hydrocortisone cypionate,1
Desoximetasone,Hydrocortisone probutate,1
Desoximetasone,Flurandrenolide,1
Desoximetasone,Clobetasone,1
Desoximetasone,Hydrocortisone valerate,1
Desoximetasone,Prednisolone phosphate,1
Desoximetasone,Methylprednisolone,1
Desoximetasone,Cortisone acetate,1
Desoximetasone,Drospirenone,1
Desoximetasone,Dexamethasone,1
Desoximetasone,Hydrocortisone butyrate,1
Desoximetasone,Prednisolone acetate,1
Desoximetasone,Dexamethasone acetate,1
Desoximetasone,Fluticasone propionate,1
Desoximetasone,Difluocortolone,1
Desoximetasone,Fluocinonide,1
Desoximetasone,Fludrocortisone,1
Desoximetasone,Budesonide,1
Desoximetasone,Deflazacort,1
Desoximetasone,Fluticasone,1
Desoximetasone,Tixocortol,1
Desoximetasone,Rimexolone,1
Azelaic acid,Arbutin,1
Azelaic acid,Finasteride,2
Azelaic acid,Monobenzone,1
Azelaic acid,Hexylresorcinol,1
Azelaic acid,Hydroquinone,1
Azelaic acid,Dutasteride,1
Propylthiouracil,2-mercaptobenzothiazole,2
Propylthiouracil,Triclosan,2
Propylthiouracil,Methimazole,2
Propylthiouracil,Resorcinol,2
Pentostatin,Teplizumab,1
Pentostatin,Mosunetuzumab,1
Pentostatin,Blinatumomab,1
Pentostatin,Fostamatinib,2
Pentostatin,Tofacitinib,2
Pentostatin,Catumaxomab,1
Pentostatin,Abrocitinib,2
Pentostatin,Zanubrutinib,2
Pentostatin,Baricitinib,2
Pentostatin,Dipyridamole,2
Pentostatin,Ruxolitinib,2
Piroxicam,Glycol salicylate,1
Piroxicam,Oxaprozin,1
Piroxicam,Loxoprofen,1
Piroxicam,Lumiracoxib,1
Piroxicam,Dexketoprofen,1
Piroxicam,Phenylbutazone,1
Piroxicam,Phenyl salicylate,1
Piroxicam,Suprofen,1
Piroxicam,Ketoprofen,1
Piroxicam,Ibuprofen,1
Piroxicam,Lornoxicam,1
Piroxicam,Tiaprofenic acid,1
Piroxicam,Dexibuprofen,1
Piroxicam,Trolamine salicylate,1
Piroxicam,Diflunisal,1
Piroxicam,Etodolac,1
Piroxicam,Naproxen,1
Piroxicam,Sulindac,1
Piroxicam,Metamizole,1
Piroxicam,Antipyrine,1
Piroxicam,Flurbiprofen,1
Piroxicam,Balsalazide,1
Piroxicam,Cannabidiol,1
Piroxicam,Bendazac,1
Piroxicam,Acemetacin,1
Piroxicam,Diclofenac,1
Piroxicam,Salsalate,1
Piroxicam,Diethylcarbamazine,1
Piroxicam,Meloxicam,1
Piroxicam,Choline magnesium trisalicylate,1
Piroxicam,Tolfenamic acid,1
Piroxicam,Acetylsalicylic acid,1
Piroxicam,Carprofen,1
Piroxicam,Mefenamic acid,1
Piroxicam,Flufenamic acid,1
Piroxicam,Meclofenamic acid,1
Piroxicam,Bromfenac,1
Piroxicam,Antrafenine,1
Piroxicam,Salicylic acid,1
Piroxicam,Aceclofenac,1
Piroxicam,Nepafenac,1
Piroxicam,Menthyl salicylate,1
Piroxicam,Bufexamac,1
Piroxicam,Fenoprofen,1
Piroxicam,Triflusal,1
Piroxicam,Sulfasalazine,1
Lamotrigine,Levetiracetam,1
Lamotrigine,Zinc acetate,1
Lamotrigine,Felodipine,1
Lamotrigine,Insulin detemir,1
Lamotrigine,Azathioprine,1
Lamotrigine,Liotrix,1
Lamotrigine,Halothane,1
Lamotrigine,Ziconotide,1
Lamotrigine,Vigabatrin,1
Lamotrigine,Flavin mononucleotide,1
Lamotrigine,Nitrendipine,1
Lamotrigine,Thiopental,1
Lamotrigine,Isoflurane,1
Lamotrigine,Sevoflurane,1
Lamotrigine,Eflornithine,2
Lamotrigine,Brigatinib,1
Lamotrigine,Gabapentin enacarbil,1
Lamotrigine,Phenelzine,1
Lamotrigine,Dronedarone,1
Lamotrigine,Quinidine barbiturate,1
Lamotrigine,Zinc chloride,1
Lamotrigine,Insulin beef,1
Lamotrigine,Methoxyflurane,1
Lamotrigine,Fostamatinib,1
Lamotrigine,Ethanol,1
Lamotrigine,Atropine,1
Lamotrigine,D-Serine,1
Lamotrigine,Nandrolone decanoate,1
Lamotrigine,Desflurane,1
Lamotrigine,Insulin aspart,1
Lamotrigine,Insulin degludec,1
Lamotrigine,Cisatracurium,2
Lamotrigine,Somatrem,1
Lamotrigine,Primidone,1
Lamotrigine,Verapamil,1
Lamotrigine,Gabapentin,1
Lamotrigine,Zinc,1
Lamotrigine,Zopiclone,1
Lamotrigine,Cannabidiol,1
Lamotrigine,Methylphenobarbital,1
Lamotrigine,Taurine,1
Lamotrigine,Ginkgo biloba,1
Lamotrigine,Mecasermin rinfabate,1
Lamotrigine,Mecasermin,1
Lamotrigine,Butobarbital,1
Lamotrigine,Copper,1
Lamotrigine,Carboxymethylcellulose,1
Lamotrigine,"Zinc sulfate, unspecified form",1
Lamotrigine,Flumazenil,1
Lamotrigine,Teprotumumab,1
Lamotrigine,"Thyroid, porcine",1
Lamotrigine,Amobarbital,1
Lamotrigine,Bepridil,1
Hydroxyzine,Procainamide,3
Hydroxyzine,Doxepin,3
Hydroxyzine,Astemizole,3
Hydroxyzine,Vernakalant,3
Hydroxyzine,Chlorobutanol,3
Hydroxyzine,Carvedilol,3
Hydroxyzine,Cisapride,3
Hydroxyzine,Flecainide,3
Hydroxyzine,Verapamil,3
Hydroxyzine,Isavuconazole,3
Hydroxyzine,Quinidine,3
Hydroxyzine,Potassium nitrate,3
Hydroxyzine,Dronedarone,3
Hydroxyzine,Loperamide,3
Hydroxyzine,Pitolisant,3
Hydroxyzine,Clarithromycin,3
Hydroxyzine,Thioridazine,3
Hydroxyzine,Halofantrine,3
Hydroxyzine,Sertindole,3
Hydroxyzine,Pentoxyverine,3
Hydroxyzine,Propafenone,3
Hydroxyzine,Tamoxifen,3
Hydroxyzine,Nefazodone,3
Hydroxyzine,Perhexiline,3
Hydroxyzine,Pimozide,3
Hydroxyzine,Terazosin,3
Hydroxyzine,Ketoconazole,3
Hydroxyzine,Bepridil,3
Bosentan,Sitaxentan,8
Bosentan,Erdafitinib,1
Bosentan,Teriflunomide,1
Bosentan,Nintedanib,1
Bosentan,Foreskin keratinocyte (neonatal),1
Bosentan,Regorafenib,1
Bosentan,Macitentan,8
Bosentan,Foreskin fibroblast (neonatal),1
Bosentan,Selpercatinib,1
Bosentan,Flavin mononucleotide,1
Bosentan,Futibatinib,1
Bosentan,Fostamatinib,1
Bosentan,Leflunomide,1
Bosentan,Lenvatinib,1
Bosentan,Atovaquone,1
Bosentan,Heparin,1
Bosentan,Infigratinib,1
Bosentan,Eflornithine,1
Bosentan,Acetylsalicylic acid,4
Bosentan,Pralsetinib,1
Bosentan,Pazopanib,1
Bosentan,Ambrisentan,8
Bosentan,Pemigatinib,1
Bosentan,Ponatinib,1
Doxapram,Acetazolamide,1
Doxapram,Fostamatinib,4
Doxapram,Belzutifan,2
Doxapram,Halothane,4
Benzthiazide,Trichlormethiazide,3
Benzthiazide,Diclofenamide,2
Benzthiazide,Hydroflumethiazide,2
Benzthiazide,Acetazolamide,2
Benzthiazide,Indapamide,1
Benzthiazide,Halothane,1
Benzthiazide,Vardenafil,1
Benzthiazide,Valdecoxib,1
Benzthiazide,Chlorothiazide,2
Benzthiazide,Tadalafil,1
Benzthiazide,Mycophenolate mofetil,1
Benzthiazide,Quinethazone,2
Benzthiazide,Manganese,1
Benzthiazide,Brinzolamide,2
Benzthiazide,Methazolamide,2
Benzthiazide,Sodium carbonate,2
Benzthiazide,Zonisamide,2
Benzthiazide,Sodium sulfate,1
Benzthiazide,Ribavirin,1
Benzthiazide,Mycophenolic acid,1
Benzthiazide,Dorzolamide,2
Benzthiazide,Ethinamate,1
Benzthiazide,Cyclothiazide,1
Benzthiazide,Tretinoin,1
Benzthiazide,Sulthiame,1
Benzthiazide,Copper,1
Benzthiazide,Fostamatinib,1
Benzthiazide,Palmitic Acid,1
Benzthiazide,Voretigene neparvovec,1
Benzthiazide,Polythiazide,1
Benzthiazide,Hyaluronic acid,1
Benzthiazide,Xanthinol,1
Benzthiazide,Hydrochlorothiazide,1
Benzthiazide,Urea,1
Benzthiazide,Diazoxide,1
Benzthiazide,Furosemide,1
Benzthiazide,Dequalinium,1
Methotrexate,Pemetrexed,1
Cinnarizine,Felodipine,5
Cinnarizine,Halothane,1
Cinnarizine,Trifluoperazine,1
Cinnarizine,Manidipine,2
Cinnarizine,Artenimol,1
Cinnarizine,Levamlodipine,5
Cinnarizine,Nitrendipine,5
Cinnarizine,Nilvadipine,5
Cinnarizine,Verapamil,6
Cinnarizine,Nifedipine,5
Cinnarizine,Levosimendan,1
Cinnarizine,Nicardipine,7
Cinnarizine,Levocarnitine,1
Cinnarizine,Isavuconazole,4
Cinnarizine,Cannabidiol,2
Cinnarizine,Mavacamten,1
Cinnarizine,Zonisamide,2
Cinnarizine,Clodronic acid,1
Cinnarizine,Dronedarone,6
Cinnarizine,Clevidipine,6
Cinnarizine,Etidronic acid,1
Cinnarizine,Propiverine,4
Cinnarizine,Palmitic Acid,1
Cinnarizine,Methsuximide,2
Cinnarizine,Flunarizine,2
Cinnarizine,Ethanol,5
Cinnarizine,Ethosuximide,2
Cinnarizine,Bepridil,1
Fondaparinux,Moroctocog alfa,2
Fondaparinux,Emicizumab,2
Fondaparinux,Coagulation factor VII human,2
Fondaparinux,Lonoctocog alfa,2
Fondaparinux,Bemiparin,3
Fondaparinux,Enoxaparin,3
Fondaparinux,Antithrombin III human,1
Fondaparinux,Nonacog beta pegol,2
Fondaparinux,Anti-inhibitor coagulant complex,2
Fondaparinux,Turoctocog alfa pegol,2
Fondaparinux,Tinzaparin,1
Fondaparinux,Kappadione,2
Fondaparinux,Albutrepenonacog alfa,2
Fondaparinux,Danaparoid,1
Fondaparinux,Edoxaban,2
Fondaparinux,Sulodexide,1
Fondaparinux,Protein S human,2
Fondaparinux,Copper,1
Fondaparinux,Heparin,3
Fondaparinux,Betrixaban,2
Fondaparinux,Coagulation Factor IX Human,2
Fondaparinux,Nadroparin,1
Fondaparinux,Protamine sulfate,3
Fondaparinux,Apixaban,2
Fondaparinux,Dalteparin,1
Fondaparinux,Turoctocog alfa,2
Fondaparinux,Antithrombin Alfa,2
Fondaparinux,Rivaroxaban,2
Fondaparinux,Antihemophilic factor human,2
Atropine,Levetiracetam,1
Atropine,Zinc acetate,1
Atropine,Felodipine,1
Atropine,Insulin detemir,1
Atropine,Azathioprine,1
Atropine,Halothane,1
Atropine,Ziconotide,1
Atropine,Vigabatrin,1
Atropine,Flavin mononucleotide,1
Atropine,Nitrendipine,1
Atropine,Thiopental,1
Atropine,Isoflurane,1
Atropine,Sevoflurane,1
Atropine,Eflornithine,1
Atropine,Brigatinib,1
Atropine,Gabapentin enacarbil,1
Atropine,Phenelzine,1
Atropine,Quinidine barbiturate,1
Atropine,Zinc chloride,1
Atropine,Insulin beef,1
Atropine,Methoxyflurane,1
Atropine,Fostamatinib,1
Atropine,Ethanol,1
Atropine,D-Serine,1
Atropine,Nandrolone decanoate,1
Atropine,Desflurane,1
Atropine,Insulin aspart,1
Atropine,Insulin degludec,1
Atropine,Somatrem,1
Atropine,Primidone,1
Atropine,Verapamil,1
Atropine,Gabapentin,1
Atropine,Zinc,1
Atropine,Zopiclone,1
Atropine,Cannabidiol,1
Atropine,Methylphenobarbital,1
Atropine,Taurine,1
Atropine,Ginkgo biloba,1
Atropine,Mecasermin rinfabate,1
Atropine,Mecasermin,1
Atropine,Butobarbital,1
Atropine,Copper,1
Atropine,Carboxymethylcellulose,1
Atropine,"Zinc sulfate, unspecified form",1
Atropine,Flumazenil,1
Atropine,Teprotumumab,1
Atropine,Amobarbital,1
Atropine,Bepridil,1
Fenoprofen,Glycol salicylate,1
Fenoprofen,Oxaprozin,1
Fenoprofen,Loxoprofen,1
Fenoprofen,Lumiracoxib,1
Fenoprofen,Dexketoprofen,1
Fenoprofen,Phenylbutazone,1
Fenoprofen,Phenyl salicylate,1
Fenoprofen,Suprofen,1
Fenoprofen,Ketoprofen,1
Fenoprofen,Ibuprofen,1
Fenoprofen,Lornoxicam,1
Fenoprofen,Tiaprofenic acid,1
Fenoprofen,Dexibuprofen,1
Fenoprofen,Trolamine salicylate,1
Fenoprofen,Diflunisal,1
Fenoprofen,Etodolac,1
Fenoprofen,Naproxen,1
Fenoprofen,Sulindac,1
Fenoprofen,Metamizole,1
Fenoprofen,Antipyrine,1
Fenoprofen,Flurbiprofen,1
Fenoprofen,Balsalazide,1
Fenoprofen,Cannabidiol,1
Fenoprofen,Bendazac,1
Fenoprofen,Acemetacin,1
Fenoprofen,Diclofenac,1
Fenoprofen,Salsalate,1
Fenoprofen,Diethylcarbamazine,1
Fenoprofen,Meloxicam,1
Fenoprofen,Choline magnesium trisalicylate,1
Fenoprofen,Tolfenamic acid,1
Fenoprofen,Acetylsalicylic acid,1
Fenoprofen,Carprofen,1
Fenoprofen,Mefenamic acid,1
Fenoprofen,Flufenamic acid,1
Fenoprofen,Meclofenamic acid,1
Fenoprofen,Bromfenac,1
Fenoprofen,Antrafenine,1
Fenoprofen,Salicylic acid,1
Fenoprofen,Aceclofenac,1
Fenoprofen,Nepafenac,1
Fenoprofen,Menthyl salicylate,1
Fenoprofen,Bufexamac,1
Fenoprofen,Triflusal,1
Fenoprofen,Sulfasalazine,1
Clonidine,Apraclonidine,1
Clonidine,Bromocriptine,1
Clonidine,Phenoxybenzamine,1
Clonidine,Carvedilol,1
Clonidine,Oxymetazoline,1
Clonidine,Rotigotine,1
Clonidine,Yohimbine,1
Clonidine,Fenoldopam,1
Clonidine,Metamfetamine,1
Clonidine,Risperidone,1
Clonidine,Quetiapine,1
Clonidine,Mianserin,1
Clonidine,Methotrimeprazine,1
Clonidine,Epinephrine,1
Clonidine,Asenapine,1
Clonidine,Paliperidone,1
Clonidine,Racepinephrine,1
Clonidine,Dronedarone,1
Clonidine,Guanfacine,1
Clonidine,Xylometazoline,1
Clonidine,Aripiprazole lauroxil,1
Clonidine,Apomorphine,1
Clonidine,Trimipramine,1
Clonidine,Aripiprazole,1
Clonidine,Celiprolol,1
Clonidine,Tolazoline,1
Clonidine,Guanabenz,1
Clonidine,Pizotifen,1
Clonidine,Lisuride,1
Clonidine,Droxidopa,1
Valdecoxib,Trichlormethiazide,1
Valdecoxib,Diclofenamide,1
Valdecoxib,Hydroflumethiazide,1
Valdecoxib,Dorzolamide,1
Valdecoxib,Ethinamate,1
Valdecoxib,Acetazolamide,1
Valdecoxib,Cyclothiazide,1
Valdecoxib,Chlorothiazide,1
Valdecoxib,Sulthiame,1
Valdecoxib,Quinethazone,1
Valdecoxib,Brinzolamide,1
Valdecoxib,Methazolamide,1
Valdecoxib,Urea,1
Valdecoxib,Diazoxide,1
Valdecoxib,Sodium carbonate,1
Valdecoxib,Zonisamide,1
Valdecoxib,Furosemide,1
Valdecoxib,Sodium sulfate,1
Levocarnitine,Clevidipine,1
Levocarnitine,Felodipine,1
Levocarnitine,Flavin adenine dinucleotide,1
Levocarnitine,Levamlodipine,1
Levocarnitine,Nitrendipine,1
Levocarnitine,Propiverine,1
Levocarnitine,Nilvadipine,1
Levocarnitine,Verapamil,1
Levocarnitine,Nifedipine,1
Levocarnitine,Nicardipine,1
Levocarnitine,Isavuconazole,1
Levocarnitine,Perhexiline,3
Levocarnitine,Glyburide,1
Levocarnitine,Ethanol,1
Levocarnitine,Dronedarone,1
Levocarnitine,Febuxostat,1
Enalapril,Cilazapril,2
Enalapril,Lisinopril,2
Enalapril,Captopril,2
Enalapril,Spirapril,2
Enalapril,Rescinnamine,2
Enalapril,Quinapril,2
Enalapril,Moexipril,2
Enalapril,Zofenopril,2
Enalapril,Enalaprilat,2
Enalapril,Perindopril,2
Diclofenac,Glycol salicylate,1
Diclofenac,Oxaprozin,1
Diclofenac,Loxoprofen,1
Diclofenac,Lumiracoxib,1
Diclofenac,Dexketoprofen,1
Diclofenac,Phenylbutazone,1
Diclofenac,Phenyl salicylate,1
Diclofenac,Suprofen,1
Diclofenac,Ketoprofen,1
Diclofenac,Ibuprofen,1
Diclofenac,Lornoxicam,1
Diclofenac,Tiaprofenic acid,1
Diclofenac,Dexibuprofen,1
Diclofenac,Trolamine salicylate,1
Diclofenac,Diflunisal,1
Diclofenac,Etodolac,1
Diclofenac,Naproxen,1
Diclofenac,Sulindac,1
Diclofenac,Metamizole,1
Diclofenac,Antipyrine,1
Diclofenac,Flurbiprofen,1
Diclofenac,Balsalazide,1
Diclofenac,Cannabidiol,1
Diclofenac,Bendazac,1
Diclofenac,Acemetacin,1
Diclofenac,Salsalate,1
Diclofenac,Diethylcarbamazine,1
Diclofenac,Meloxicam,1
Diclofenac,Choline magnesium trisalicylate,1
Diclofenac,Tolfenamic acid,1
Diclofenac,Acetylsalicylic acid,1
Diclofenac,Carprofen,1
Diclofenac,Mefenamic acid,1
Diclofenac,Flufenamic acid,1
Diclofenac,Meclofenamic acid,1
Diclofenac,Bromfenac,1
Diclofenac,Antrafenine,1
Diclofenac,Salicylic acid,1
Diclofenac,Aceclofenac,1
Diclofenac,Nepafenac,1
Diclofenac,Menthyl salicylate,1
Diclofenac,Bufexamac,1
Diclofenac,Triflusal,1
Diclofenac,Sulfasalazine,1
Fluticasone propionate,Loteprednol etabonate,1
Fluticasone propionate,Felodipine,2
Fluticasone propionate,Prednisolone,1
Fluticasone propionate,Ulobetasol,1
Fluticasone propionate,Testosterone enanthate,2
Fluticasone propionate,Mometasone furoate,1
Fluticasone propionate,Eplerenone,2
Fluticasone propionate,Clobetasol propionate,3
Fluticasone propionate,Flumethasone,1
Fluticasone propionate,Fluocinolone acetonide,1
Fluticasone propionate,Hydrocortamate,1
Fluticasone propionate,Mifepristone,1
Fluticasone propionate,Betamethasone phosphate,1
Fluticasone propionate,Segesterone acetate,1
Fluticasone propionate,Flurandrenolide,1
Fluticasone propionate,Hydrocortisone valerate,1
Fluticasone propionate,Methylprednisolone,1
Fluticasone propionate,Finerenone,2
Fluticasone propionate,Drospirenone,3
Fluticasone propionate,Cortisone acetate,1
Fluticasone propionate,Difluocortolone,1
Fluticasone propionate,Fludrocortisone,3
Fluticasone propionate,Fluticasone,4
Fluticasone propionate,Deflazacort,1
Fluticasone propionate,Tixocortol,1
Fluticasone propionate,Triamcinolone,1
Fluticasone propionate,Fluticasone furoate,3
Fluticasone propionate,Prednicarbate,1
Fluticasone propionate,Norethisterone,1
Fluticasone propionate,Ulipristal,1
Fluticasone propionate,Fluoxymesterone,1
Fluticasone propionate,Procaine,1
Fluticasone propionate,Hydrocortisone acetate,1
Fluticasone propionate,Ciclesonide,1
Fluticasone propionate,Hydrocortisone,1
Fluticasone propionate,Difluprednate,1
Fluticasone propionate,Testosterone cypionate,2
Fluticasone propionate,Hydrocortisone phosphate,1
Fluticasone propionate,Gestrinone,1
Fluticasone propionate,Desonide,1
Fluticasone propionate,Testosterone,2
Fluticasone propionate,Clocortolone,1
Fluticasone propionate,Prednisone,1
Fluticasone propionate,Hydrocortisone cypionate,1
Fluticasone propionate,Hydrocortisone probutate,1
Fluticasone propionate,Clobetasone,1
Fluticasone propionate,Prednisolone phosphate,1
Fluticasone propionate,Prednisolone acetate,1
Fluticasone propionate,Hydrocortisone butyrate,1
Fluticasone propionate,Dexamethasone,1
Fluticasone propionate,Dexamethasone acetate,1
Fluticasone propionate,Desoxycorticosterone acetate,2
Fluticasone propionate,Fluocinonide,1
Fluticasone propionate,Budesonide,1
Fluticasone propionate,Rimexolone,1
Lisuride,Apraclonidine,1
Lisuride,Bromocriptine,1
Lisuride,Phenoxybenzamine,1
Lisuride,Carvedilol,1
Lisuride,Oxymetazoline,1
Lisuride,Rotigotine,1
Lisuride,Yohimbine,1
Lisuride,Fenoldopam,1
Lisuride,Metamfetamine,1
Lisuride,Risperidone,1
Lisuride,Quetiapine,1
Lisuride,Mianserin,1
Lisuride,Methotrimeprazine,1
Lisuride,Epinephrine,1
Lisuride,Asenapine,1
Lisuride,Paliperidone,1
Lisuride,Racepinephrine,1
Lisuride,Dronedarone,1
Lisuride,Guanfacine,1
Lisuride,Xylometazoline,1
Lisuride,Aripiprazole lauroxil,1
Lisuride,Apomorphine,1
Lisuride,Trimipramine,1
Lisuride,Aripiprazole,1
Lisuride,Celiprolol,1
Lisuride,Tolazoline,1
Lisuride,Guanabenz,1
Lisuride,Pizotifen,1
Lisuride,Droxidopa,1
Fluocinolone acetonide,Triamcinolone,1
Fluocinolone acetonide,Loteprednol etabonate,1
Fluocinolone acetonide,Fluticasone furoate,1
Fluocinolone acetonide,Prednicarbate,1
Fluocinolone acetonide,Norethisterone,1
Fluocinolone acetonide,Prednisolone,1
Fluocinolone acetonide,Ulipristal,1
Fluocinolone acetonide,Fluoxymesterone,1
Fluocinolone acetonide,Hydrocortisone acetate,1
Fluocinolone acetonide,Ulobetasol,1
Fluocinolone acetonide,Ciclesonide,1
Fluocinolone acetonide,Mometasone furoate,1
Fluocinolone acetonide,Flumethasone,1
Fluocinolone acetonide,Clobetasol propionate,1
Fluocinolone acetonide,Hydrocortisone,1
Fluocinolone acetonide,Hydrocortamate,1
Fluocinolone acetonide,Difluprednate,1
Fluocinolone acetonide,Hydrocortisone phosphate,1
Fluocinolone acetonide,Mifepristone,1
Fluocinolone acetonide,Gestrinone,1
Fluocinolone acetonide,Desonide,1
Fluocinolone acetonide,Betamethasone phosphate,1
Fluocinolone acetonide,Segesterone acetate,1
Fluocinolone acetonide,Clocortolone,1
Fluocinolone acetonide,Prednisone,1
Fluocinolone acetonide,Hydrocortisone cypionate,1
Fluocinolone acetonide,Hydrocortisone probutate,1
Fluocinolone acetonide,Flurandrenolide,1
Fluocinolone acetonide,Clobetasone,1
Fluocinolone acetonide,Hydrocortisone valerate,1
Fluocinolone acetonide,Prednisolone phosphate,1
Fluocinolone acetonide,Methylprednisolone,1
Fluocinolone acetonide,Cortisone acetate,1
Fluocinolone acetonide,Drospirenone,1
Fluocinolone acetonide,Dexamethasone,1
Fluocinolone acetonide,Hydrocortisone butyrate,1
Fluocinolone acetonide,Prednisolone acetate,1
Fluocinolone acetonide,Dexamethasone acetate,1
Fluocinolone acetonide,Difluocortolone,1
Fluocinolone acetonide,Fluocinonide,1
Fluocinolone acetonide,Fludrocortisone,1
Fluocinolone acetonide,Budesonide,1
Fluocinolone acetonide,Deflazacort,1
Fluocinolone acetonide,Fluticasone,1
Fluocinolone acetonide,Tixocortol,1
Fluocinolone acetonide,Rimexolone,1
Ethosuximide,Methsuximide,2
Ethosuximide,Verapamil,2
Ethosuximide,Nicardipine,2
Ethosuximide,Flunarizine,2
Ethosuximide,Manidipine,2
Ethosuximide,Cannabidiol,2
Ethosuximide,Zonisamide,2
Amiloride,Tezacaftor,1
Amiloride,Bumetanide,1
Amiloride,Duvelisib,1
Amiloride,Ivacaftor,1
Amiloride,Fostamatinib,1
Amiloride,Ibuprofen,1
Amiloride,Umbralisib,1
Amiloride,Dexibuprofen,1
Amiloride,Glyburide,1
Amiloride,Crofelemer,1
Amiloride,Lumacaftor,1
Amiloride,Copanlisib,1
Amiloride,Elexacaftor,1
Amiloride,Sulfasalazine,1
Amiloride,Idelalisib,1
Ulobetasol,Triamcinolone,1
Ulobetasol,Loteprednol etabonate,1
Ulobetasol,Fluticasone furoate,1
Ulobetasol,Prednicarbate,1
Ulobetasol,Norethisterone,1
Ulobetasol,Prednisolone,1
Ulobetasol,Ulipristal,1
Ulobetasol,Fluoxymesterone,1
Ulobetasol,Hydrocortisone acetate,1
Ulobetasol,Ciclesonide,1
Ulobetasol,Mometasone furoate,1
Ulobetasol,Flumethasone,1
Ulobetasol,Clobetasol propionate,1
Ulobetasol,Hydrocortisone,1
Ulobetasol,Hydrocortamate,1
Ulobetasol,Difluprednate,1
Ulobetasol,Hydrocortisone phosphate,1
Ulobetasol,Mifepristone,1
Ulobetasol,Gestrinone,1
Ulobetasol,Desonide,1
Ulobetasol,Betamethasone phosphate,1
Ulobetasol,Segesterone acetate,1
Ulobetasol,Clocortolone,1
Ulobetasol,Prednisone,1
Ulobetasol,Hydrocortisone cypionate,1
Ulobetasol,Hydrocortisone probutate,1
Ulobetasol,Flurandrenolide,1
Ulobetasol,Clobetasone,1
Ulobetasol,Hydrocortisone valerate,1
Ulobetasol,Prednisolone phosphate,1
Ulobetasol,Methylprednisolone,1
Ulobetasol,Cortisone acetate,1
Ulobetasol,Drospirenone,1
Ulobetasol,Dexamethasone,1
Ulobetasol,Hydrocortisone butyrate,1
Ulobetasol,Prednisolone acetate,1
Ulobetasol,Dexamethasone acetate,1
Ulobetasol,Difluocortolone,1
Ulobetasol,Fluocinonide,1
Ulobetasol,Fludrocortisone,1
Ulobetasol,Budesonide,1
Ulobetasol,Deflazacort,1
Ulobetasol,Fluticasone,1
Ulobetasol,Tixocortol,1
Ulobetasol,Rimexolone,1
Thiopental,Levetiracetam,1
Thiopental,Zinc acetate,1
Thiopental,Felodipine,1
Thiopental,Insulin detemir,1
Thiopental,Azathioprine,1
Thiopental,Halothane,2
Thiopental,Artenimol,1
Thiopental,Ziconotide,2
Thiopental,Acetylcysteine,1
Thiopental,Thiamylal,1
Thiopental,Vigabatrin,1
Thiopental,Flavin mononucleotide,1
Thiopental,Memantine,1
Thiopental,Nitrendipine,1
Thiopental,Isoflurane,2
Thiopental,Sevoflurane,1
Thiopental,Eflornithine,1
Thiopental,Brigatinib,1
Thiopental,Orphenadrine,1
Thiopental,Everolimus,1
Thiopental,Gabapentin enacarbil,1
Thiopental,Phenelzine,1
Thiopental,Sirolimus,1
Thiopental,Dalfampridine,1
Thiopental,Quinidine barbiturate,4
Thiopental,Propanoic acid,1
Thiopental,Zinc chloride,1
Thiopental,Insulin beef,1
Thiopental,Methoxyflurane,2
Thiopental,Fostamatinib,2
Thiopental,Fluciclovine (18F),2
Thiopental,Ethanol,4
Thiopental,D-Serine,2
Thiopental,Nandrolone decanoate,1
Thiopental,Esketamine,1
Thiopental,Methyprylon,1
Thiopental,Desflurane,1
Thiopental,Insulin aspart,1
Thiopental,Insulin degludec,1
Thiopental,Somatrem,1
Thiopental,Primidone,5
Thiopental,Verapamil,2
Thiopental,Gabapentin,1
Thiopental,Zinc,1
Thiopental,Zopiclone,2
Thiopental,Cannabidiol,1
Thiopental,Methylphenobarbital,5
Thiopental,Phenobarbital,4
Thiopental,Loperamide,1
Thiopental,Zaleplon,1
Thiopental,Taurine,2
Thiopental,Ginkgo biloba,2
Thiopental,Felbamate,1
Thiopental,Mecasermin rinfabate,1
Thiopental,Mecasermin,1
Thiopental,Butobarbital,5
Thiopental,Copper,1
Thiopental,Carboxymethylcellulose,2
Thiopental,"Zinc sulfate, unspecified form",1
Thiopental,Flumazenil,2
Thiopental,Glutethimide,1
Thiopental,Teprotumumab,1
Thiopental,Lumateperone,1
Thiopental,Amobarbital,5
Thiopental,Bioallethrin,1
Thiopental,Temsirolimus,1
Thiopental,Bepridil,2
Monobenzone,Arbutin,1
Monobenzone,Hexylresorcinol,1
Monobenzone,Hydroquinone,1
Imatinib,Erdafitinib,16
Imatinib,Larotrectinib,1
Imatinib,Zinc acetate,1
Imatinib,Ancestim,4
Imatinib,Regorafenib,21
Imatinib,Aluminium,1
Imatinib,Bosutinib,4
Imatinib,Selpercatinib,5
Imatinib,Flutemetamol (18F),1
Imatinib,Aluminium phosphate,1
Imatinib,Olaratumab,1
Imatinib,Carboxin,1
Imatinib,Pazopanib,10
Imatinib,Brigatinib,4
Imatinib,Ubidecarenone,1
Imatinib,Avapritinib,4
Imatinib,Ferrous succinate,1
Imatinib,Asciminib,4
Imatinib,Nilotinib,8
Imatinib,Nintedanib,7
Imatinib,Zinc chloride,1
Imatinib,Foreskin keratinocyte (neonatal),1
Imatinib,Entrectinib,1
Imatinib,Sunitinib,11
Imatinib,Dimercaprol,1
Imatinib,Fostamatinib,22
Imatinib,Florbetaben (18F),1
Imatinib,Vandetanib,5
Imatinib,Tivozanib,10
Imatinib,Pexidartinib,11
Imatinib,Ponatinib,13
Imatinib,Aducanumab,1
Imatinib,Deferoxamine,1
Imatinib,Cabozantinib,5
Imatinib,Foreskin fibroblast (neonatal),6
Imatinib,Roxadustat,1
Imatinib,Lenvatinib,9
Imatinib,Ferrous ascorbate,1
Imatinib,Pralsetinib,12
Imatinib,Tetracycline,1
Imatinib,Lacosamide,1
Imatinib,Zinc,1
Imatinib,Hexachlorophene,1
Imatinib,Ripretinib,10
Imatinib,Zonisamide,1
Imatinib,Florbetapir (18F),1
Imatinib,Midostaurin,10
Imatinib,Aluminum acetate,1
Imatinib,Dasatinib,14
Imatinib,Copper,1
Imatinib,"Zinc sulfate, unspecified form",1
Imatinib,Iron,1
Imatinib,Rufinamide,1
Imatinib,Tromethamine,1
Imatinib,Umbralisib,4
Imatinib,Ferrous fumarate,1
Imatinib,Cenegermin,1
Imatinib,Ferrous gluconate,1
Imatinib,Ferrous glycine sulfate,1
Triamcinolone,Loteprednol etabonate,1
Triamcinolone,Fluticasone furoate,1
Triamcinolone,Prednicarbate,1
Triamcinolone,Norethisterone,1
Triamcinolone,Prednisolone,1
Triamcinolone,Ulipristal,1
Triamcinolone,Fluoxymesterone,1
Triamcinolone,Hydrocortisone acetate,1
Triamcinolone,Ciclesonide,1
Triamcinolone,Mometasone furoate,1
Triamcinolone,Flumethasone,1
Triamcinolone,Clobetasol propionate,1
Triamcinolone,Hydrocortisone,1
Triamcinolone,Hydrocortamate,1
Triamcinolone,Difluprednate,1
Triamcinolone,Hydrocortisone phosphate,1
Triamcinolone,Mifepristone,1
Triamcinolone,Gestrinone,1
Triamcinolone,Desonide,1
Triamcinolone,Betamethasone phosphate,1
Triamcinolone,Segesterone acetate,1
Triamcinolone,Clocortolone,1
Triamcinolone,Prednisone,1
Triamcinolone,Hydrocortisone cypionate,1
Triamcinolone,Hydrocortisone probutate,1
Triamcinolone,Flurandrenolide,1
Triamcinolone,Clobetasone,1
Triamcinolone,Hydrocortisone valerate,1
Triamcinolone,Prednisolone phosphate,1
Triamcinolone,Methylprednisolone,1
Triamcinolone,Cortisone acetate,1
Triamcinolone,Drospirenone,1
Triamcinolone,Dexamethasone,1
Triamcinolone,Hydrocortisone butyrate,1
Triamcinolone,Prednisolone acetate,1
Triamcinolone,Dexamethasone acetate,1
Triamcinolone,Difluocortolone,1
Triamcinolone,Fluocinonide,1
Triamcinolone,Fludrocortisone,1
Triamcinolone,Budesonide,1
Triamcinolone,Deflazacort,1
Triamcinolone,Fluticasone,1
Triamcinolone,Tixocortol,1
Triamcinolone,Rimexolone,1
Cisapride,Procainamide,3
Cisapride,Doxepin,3
Cisapride,Astemizole,3
Cisapride,Vernakalant,3
Cisapride,Chlorobutanol,3
Cisapride,Carvedilol,3
Cisapride,Flecainide,3
Cisapride,Verapamil,3
Cisapride,Isavuconazole,3
Cisapride,Quinidine,3
Cisapride,Potassium nitrate,3
Cisapride,Dronedarone,3
Cisapride,Loperamide,3
Cisapride,Pitolisant,3
Cisapride,Clarithromycin,3
Cisapride,Thioridazine,3
Cisapride,Halofantrine,3
Cisapride,Sertindole,3
Cisapride,Pentoxyverine,3
Cisapride,Propafenone,3
Cisapride,Tamoxifen,3
Cisapride,Nefazodone,3
Cisapride,Perhexiline,3
Cisapride,Pimozide,3
Cisapride,Terazosin,3
Cisapride,Ketoconazole,3
Cisapride,Bepridil,3
Sulindac,Glycol salicylate,1
Sulindac,Oxaprozin,1
Sulindac,Loxoprofen,1
Sulindac,Lumiracoxib,1
Sulindac,Dexketoprofen,1
Sulindac,Phenylbutazone,1
Sulindac,Phenyl salicylate,1
Sulindac,Suprofen,1
Sulindac,Ketoprofen,1
Sulindac,Ibuprofen,1
Sulindac,Lornoxicam,1
Sulindac,Tiaprofenic acid,1
Sulindac,Dexibuprofen,1
Sulindac,Trolamine salicylate,1
Sulindac,Diflunisal,1
Sulindac,Etodolac,1
Sulindac,Naproxen,1
Sulindac,Metamizole,1
Sulindac,Antipyrine,1
Sulindac,Flurbiprofen,1
Sulindac,Balsalazide,1
Sulindac,Cannabidiol,1
Sulindac,Bendazac,1
Sulindac,Acemetacin,1
Sulindac,Salsalate,1
Sulindac,Diethylcarbamazine,1
Sulindac,Meloxicam,1
Sulindac,Choline magnesium trisalicylate,1
Sulindac,Tolfenamic acid,1
Sulindac,Acetylsalicylic acid,1
Sulindac,Carprofen,1
Sulindac,Mefenamic acid,1
Sulindac,Flufenamic acid,1
Sulindac,Meclofenamic acid,1
Sulindac,Bromfenac,1
Sulindac,Antrafenine,1
Sulindac,Salicylic acid,1
Sulindac,Aceclofenac,1
Sulindac,Nepafenac,1
Sulindac,Menthyl salicylate,1
Sulindac,Bufexamac,1
Sulindac,Triflusal,1
Sulindac,Sulfasalazine,1
Cyclothiazide,Trichlormethiazide,1
Cyclothiazide,Diclofenamide,1
Cyclothiazide,Hydroflumethiazide,1
Cyclothiazide,Dorzolamide,1
Cyclothiazide,Ethinamate,1
Cyclothiazide,Acetazolamide,1
Cyclothiazide,Chlorothiazide,1
Cyclothiazide,Sulthiame,1
Cyclothiazide,Perindopril,1
Cyclothiazide,Quinethazone,1
Cyclothiazide,Brinzolamide,1
Cyclothiazide,Methazolamide,1
Cyclothiazide,Urea,1
Cyclothiazide,Diazoxide,1
Cyclothiazide,Sodium carbonate,1
Cyclothiazide,Zonisamide,1
Cyclothiazide,Furosemide,1
Cyclothiazide,Sodium sulfate,1
Demeclocycline,Lypressin,3
Demeclocycline,Terlipressin,3
Demeclocycline,Conivaptan,3
Demeclocycline,Atosiban,3
Demeclocycline,Tolvaptan,3
Nicardipine,Promethazine,3
Nicardipine,Perphenazine,3
Nicardipine,Felodipine,8
Nicardipine,Calcium Phosphate,3
Nicardipine,Trifluoperazine,4
Nicardipine,Phenoxybenzamine,3
Nicardipine,Melatonin,3
Nicardipine,Manidipine,2
Nicardipine,Artenimol,1
Nicardipine,Calcium phosphate dihydrate,3
Nicardipine,Calcium levulinate,3
Nicardipine,Levamlodipine,5
Nicardipine,Nitrendipine,5
Nicardipine,Isoflurane,3
Nicardipine,Nilvadipine,5
Nicardipine,Verapamil,6
Nicardipine,Nifedipine,8
Nicardipine,Levosimendan,1
Nicardipine,Calcium citrate,3
Nicardipine,Isavuconazole,4
Nicardipine,Prenylamine,3
Nicardipine,Cannabidiol,2
Nicardipine,Mavacamten,1
Nicardipine,Zonisamide,2
Nicardipine,Clodronic acid,1
Nicardipine,Dronedarone,5
Nicardipine,Loperamide,3
Nicardipine,Clevidipine,5
Nicardipine,Etidronic acid,1
Nicardipine,Fluphenazine,3
Nicardipine,Propiverine,4
Nicardipine,Methsuximide,2
Nicardipine,Flunarizine,5
Nicardipine,Ethanol,5
Nicardipine,Pimozide,3
Nicardipine,Dequalinium,3
Nicardipine,Bepridil,4
Fluphenazine,Promethazine,3
Fluphenazine,Perphenazine,3
Fluphenazine,Felodipine,3
Fluphenazine,Calcium Phosphate,3
Fluphenazine,Trifluoperazine,3
Fluphenazine,Phenoxybenzamine,3
Fluphenazine,Melatonin,3
Fluphenazine,Calcium phosphate dihydrate,3
Fluphenazine,Calcium levulinate,3
Fluphenazine,Isoflurane,3
Fluphenazine,Nifedipine,3
Fluphenazine,Calcium citrate,3
Fluphenazine,Flunarizine,3
Fluphenazine,Prenylamine,3
Fluphenazine,Pimozide,3
Fluphenazine,Loperamide,3
Fluphenazine,Dequalinium,3
Fluphenazine,Bepridil,3
Testosterone,Fluticasone furoate,2
Testosterone,Felodipine,2
Testosterone,Testosterone enanthate,2
Testosterone,Finerenone,2
Testosterone,Drospirenone,2
Testosterone,Eplerenone,2
Testosterone,Clobetasol propionate,2
Testosterone,Desoxycorticosterone acetate,2
Testosterone,Testosterone cypionate,2
Testosterone,Fludrocortisone,2
Testosterone,Fluticasone,2
Guanabenz,Apraclonidine,1
Guanabenz,Bromocriptine,1
Guanabenz,Phenoxybenzamine,1
Guanabenz,Carvedilol,1
Guanabenz,Oxymetazoline,1
Guanabenz,Rotigotine,1
Guanabenz,Yohimbine,1
Guanabenz,Fenoldopam,1
Guanabenz,Metamfetamine,1
Guanabenz,Risperidone,1
Guanabenz,Quetiapine,1
Guanabenz,Mianserin,1
Guanabenz,Methotrimeprazine,1
Guanabenz,Epinephrine,1
Guanabenz,Asenapine,1
Guanabenz,Paliperidone,1
Guanabenz,Racepinephrine,1
Guanabenz,Dronedarone,1
Guanabenz,Guanfacine,1
Guanabenz,Xylometazoline,1
Guanabenz,Aripiprazole lauroxil,1
Guanabenz,Apomorphine,1
Guanabenz,Trimipramine,1
Guanabenz,Aripiprazole,1
Guanabenz,Celiprolol,1
Guanabenz,Tolazoline,1
Guanabenz,Pizotifen,1
Guanabenz,Droxidopa,1
Alendronic acid,Risedronic acid,1
Alendronic acid,Etidronic acid,2
Alendronic acid,Ibandronate,1
Clofarabine,Carfilzomib,1
Clofarabine,Mifamurtide,1
Clofarabine,Rilonacept,1
Clofarabine,Tasonermin,1
Clofarabine,Nelarabine,1
Clofarabine,Fludarabine,1
Prednisone,Loteprednol etabonate,1
Prednisone,Fluticasone furoate,1
Prednisone,Prednicarbate,1
Prednisone,Norethisterone,1
Prednisone,Prednisolone,1
Prednisone,Ulipristal,1
Prednisone,Fluoxymesterone,1
Prednisone,Hydrocortisone acetate,1
Prednisone,Ciclesonide,1
Prednisone,Mometasone furoate,1
Prednisone,Flumethasone,1
Prednisone,Clobetasol propionate,1
Prednisone,Hydrocortisone,1
Prednisone,Hydrocortamate,1
Prednisone,Difluprednate,1
Prednisone,Hydrocortisone phosphate,1
Prednisone,Mifepristone,1
Prednisone,Gestrinone,1
Prednisone,Desonide,1
Prednisone,Betamethasone phosphate,1
Prednisone,Segesterone acetate,1
Prednisone,Clocortolone,1
Prednisone,Hydrocortisone cypionate,1
Prednisone,Hydrocortisone probutate,1
Prednisone,Flurandrenolide,1
Prednisone,Clobetasone,1
Prednisone,Hydrocortisone valerate,1
Prednisone,Prednisolone phosphate,1
Prednisone,Methylprednisolone,1
Prednisone,Cortisone acetate,1
Prednisone,Drospirenone,1
Prednisone,Dexamethasone,1
Prednisone,Hydrocortisone butyrate,1
Prednisone,Prednisolone acetate,1
Prednisone,Dexamethasone acetate,1
Prednisone,Difluocortolone,1
Prednisone,Fluocinonide,1
Prednisone,Fludrocortisone,1
Prednisone,Budesonide,1
Prednisone,Deflazacort,1
Prednisone,Fluticasone,1
Prednisone,Tixocortol,1
Prednisone,Rimexolone,1
Astemizole,Procainamide,3
Astemizole,Doxepin,3
Astemizole,Vernakalant,3
Astemizole,Chlorobutanol,3
Astemizole,Carvedilol,3
Astemizole,Flecainide,3
Astemizole,Verapamil,3
Astemizole,Isavuconazole,3
Astemizole,Quinidine,3
Astemizole,Potassium nitrate,3
Astemizole,Dronedarone,3
Astemizole,Loperamide,3
Astemizole,Pitolisant,3
Astemizole,Clarithromycin,3
Astemizole,Thioridazine,3
Astemizole,Halofantrine,3
Astemizole,Sertindole,3
Astemizole,Pentoxyverine,3
Astemizole,Propafenone,3
Astemizole,Tamoxifen,3
Astemizole,Nefazodone,3
Astemizole,Perhexiline,3
Astemizole,Pimozide,3
Astemizole,Terazosin,3
Astemizole,Ketoconazole,3
Astemizole,Bepridil,3
Alirocumab,Zinc chloride,2
Alirocumab,Inclisiran,3
Alirocumab,Evolocumab,3
Alirocumab,"Zinc sulfate, unspecified form",2
Alirocumab,Porfimer sodium,2
Gonadorelin,Ganirelix,1
Gonadorelin,Erdafitinib,1
Gonadorelin,Nafarelin,1
Gonadorelin,Regorafenib,1
Gonadorelin,Selpercatinib,1
Gonadorelin,Futibatinib,1
Gonadorelin,Lenvatinib,1
Gonadorelin,Triptorelin,1
Gonadorelin,Infigratinib,1
Gonadorelin,Pralsetinib,1
Gonadorelin,Danazol,1
Gonadorelin,Degarelix,1
Gonadorelin,Gestrinone,1
Gonadorelin,Histrelin,1
Gonadorelin,Linzagolix,1
Gonadorelin,Nintedanib,1
Gonadorelin,Elagolix,1
Gonadorelin,Copper,1
Gonadorelin,Relugolix,1
Gonadorelin,Fostamatinib,1
Gonadorelin,Pemigatinib,1
Gonadorelin,Heparin,1
Gonadorelin,Buserelin,1
Gonadorelin,Tivozanib,1
Gonadorelin,Ponatinib,1
Mitotane,Osilodrostat,2
Mitotane,Metyrapone,2
Mitotane,Levoketoconazole,2
Dyphylline,Iloprost,2
Dyphylline,Crisaborole,2
Verapamil,Terazosin,3
Verapamil,Levetiracetam,2
Verapamil,Vernakalant,3
Verapamil,Trifluoperazine,1
Verapamil,Manidipine,2
Verapamil,Acetylcysteine,1
Verapamil,Vigabatrin,1
Verapamil,Temsirolimus,1
Verapamil,Flavin mononucleotide,1
Verapamil,Memantine,1
Verapamil,Isoflurane,2
Verapamil,Levosimendan,8
Verapamil,Brigatinib,1
Verapamil,Orphenadrine,1
Verapamil,Everolimus,1
Verapamil,Phenelzine,1
Verapamil,Sirolimus,1
Verapamil,Dalfampridine,1
Verapamil,Pitolisant,3
Verapamil,Quinidine barbiturate,2
Verapamil,Propanoic acid,1
Verapamil,Zinc chloride,4
Verapamil,Halofantrine,3
Verapamil,Insulin beef,1
Verapamil,Nateglinide,1
Verapamil,Fostamatinib,2
Verapamil,Propafenone,3
Verapamil,Nefazodone,3
Verapamil,Ethanol,6
Verapamil,D-Serine,2
Verapamil,Nandrolone decanoate,1
Verapamil,Ketoconazole,3
Verapamil,Methyprylon,1
Verapamil,Esketamine,1
Verapamil,Chlorobutanol,3
Verapamil,Repaglinide,1
Verapamil,Carvedilol,3
Verapamil,Insulin degludec,1
Verapamil,Somatrem,1
Verapamil,Primidone,2
Verapamil,Nilvadipine,4
Verapamil,Nifedipine,4
Verapamil,Zinc,4
Verapamil,Zopiclone,2
Verapamil,Zonisamide,2
Verapamil,Phenobarbital,1
Verapamil,Taurine,2
Verapamil,Clarithromycin,3
Verapamil,Mecasermin,1
Verapamil,Copper,1
Verapamil,Propiverine,4
Verapamil,Flumazenil,2
Verapamil,Glutethimide,1
Verapamil,Methsuximide,2
Verapamil,Lumateperone,1
Verapamil,Bioallethrin,3
Verapamil,Perhexiline,3
Verapamil,Flunarizine,2
Verapamil,Chlorpropamide,1
Verapamil,Bepridil,8
Verapamil,Procainamide,3
Verapamil,Doxepin,3
Verapamil,Felodipine,6
Verapamil,Zinc acetate,4
Verapamil,Insulin detemir,1
Verapamil,Azathioprine,1
Verapamil,Halothane,2
Verapamil,Artenimol,2
Verapamil,Ziconotide,5
Verapamil,Thiamylal,8
Verapamil,Tolbutamide,1
Verapamil,Levamlodipine,4
Verapamil,Nitrendipine,6
Verapamil,Sevoflurane,1
Verapamil,Ouabain,1
Verapamil,Eflornithine,1
Verapamil,Gabapentin enacarbil,2
Verapamil,Isavuconazole,14
Verapamil,Mavacamten,1
Verapamil,Quinidine,3
Verapamil,Dronedarone,7
Verapamil,Clevidipine,4
Verapamil,Thioridazine,3
Verapamil,Etidronic acid,1
Verapamil,Methoxyflurane,2
Verapamil,Pentoxyverine,3
Verapamil,Diazoxide,7
Verapamil,Gliquidone,1
Verapamil,Desflurane,1
Verapamil,Glymidine,1
Verapamil,Insulin aspart,1
Verapamil,Flecainide,3
Verapamil,Gabapentin,2
Verapamil,Glipizide,1
Verapamil,Cannabidiol,3
Verapamil,Lauric acid,2
Verapamil,Potassium nitrate,3
Verapamil,Methylphenobarbital,2
Verapamil,Clodronic acid,1
Verapamil,Loperamide,6
Verapamil,Zaleplon,1
Verapamil,Ginkgo biloba,2
Verapamil,Felbamate,1
Verapamil,Mecasermin rinfabate,1
Verapamil,Gliclazide,1
Verapamil,Butobarbital,2
Verapamil,Sertindole,3
Verapamil,Carboxymethylcellulose,2
Verapamil,"Zinc sulfate, unspecified form",4
Verapamil,Teprotumumab,1
Verapamil,Tamoxifen,3
Verapamil,Amobarbital,2
Verapamil,Polyethylene glycol 400,1
Verapamil,Pimozide,3
Flumethasone,Loteprednol etabonate,1
Flumethasone,Fluticasone furoate,1
Flumethasone,Prednicarbate,1
Flumethasone,Norethisterone,1
Flumethasone,Prednisolone,1
Flumethasone,Ulipristal,1
Flumethasone,Fluoxymesterone,1
Flumethasone,Hydrocortisone acetate,1
Flumethasone,Ciclesonide,1
Flumethasone,Mometasone furoate,1
Flumethasone,Clobetasol propionate,1
Flumethasone,Hydrocortisone,1
Flumethasone,Hydrocortamate,1
Flumethasone,Difluprednate,1
Flumethasone,Hydrocortisone phosphate,1
Flumethasone,Mifepristone,1
Flumethasone,Gestrinone,1
Flumethasone,Desonide,1
Flumethasone,Betamethasone phosphate,1
Flumethasone,Segesterone acetate,1
Flumethasone,Clocortolone,1
Flumethasone,Hydrocortisone cypionate,1
Flumethasone,Hydrocortisone probutate,1
Flumethasone,Flurandrenolide,1
Flumethasone,Clobetasone,1
Flumethasone,Hydrocortisone valerate,1
Flumethasone,Prednisolone phosphate,1
Flumethasone,Methylprednisolone,1
Flumethasone,Cortisone acetate,1
Flumethasone,Drospirenone,1
Flumethasone,Dexamethasone,1
Flumethasone,Hydrocortisone butyrate,1
Flumethasone,Prednisolone acetate,1
Flumethasone,Dexamethasone acetate,1
Flumethasone,Difluocortolone,1
Flumethasone,Fluocinonide,1
Flumethasone,Fludrocortisone,1
Flumethasone,Budesonide,1
Flumethasone,Deflazacort,1
Flumethasone,Fluticasone,1
Flumethasone,Tixocortol,1
Flumethasone,Rimexolone,1
Nafarelin,Ganirelix,1
Nafarelin,Erdafitinib,1
Nafarelin,Regorafenib,1
Nafarelin,Selpercatinib,1
Nafarelin,Futibatinib,1
Nafarelin,Lenvatinib,1
Nafarelin,Triptorelin,1
Nafarelin,Infigratinib,1
Nafarelin,Pralsetinib,1
Nafarelin,Danazol,1
Nafarelin,Degarelix,1
Nafarelin,Gestrinone,1
Nafarelin,Histrelin,1
Nafarelin,Linzagolix,1
Nafarelin,Nintedanib,1
Nafarelin,Elagolix,1
Nafarelin,Copper,1
Nafarelin,Relugolix,1
Nafarelin,Fostamatinib,1
Nafarelin,Pemigatinib,1
Nafarelin,Heparin,1
Nafarelin,Buserelin,1
Nafarelin,Tivozanib,1
Nafarelin,Ponatinib,1
Epinephrine,Apraclonidine,1
Epinephrine,Bromocriptine,1
Epinephrine,Phenoxybenzamine,1
Epinephrine,Carvedilol,1
Epinephrine,Oxymetazoline,1
Epinephrine,Rotigotine,1
Epinephrine,Yohimbine,1
Epinephrine,Fenoldopam,1
Epinephrine,Metamfetamine,1
Epinephrine,Risperidone,1
Epinephrine,Quetiapine,1
Epinephrine,Mianserin,1
Epinephrine,Methotrimeprazine,1
Epinephrine,Asenapine,1
Epinephrine,Paliperidone,1
Epinephrine,Racepinephrine,1
Epinephrine,Dronedarone,1
Epinephrine,Guanfacine,1
Epinephrine,Xylometazoline,1
Epinephrine,Aripiprazole lauroxil,1
Epinephrine,Apomorphine,1
Epinephrine,Trimipramine,1
Epinephrine,Aripiprazole,1
Epinephrine,Celiprolol,1
Epinephrine,Tolazoline,1
Epinephrine,Pizotifen,1
Epinephrine,Droxidopa,1
Chlorpropamide,Glymidine,1
Chlorpropamide,Zinc chloride,1
Chlorpropamide,Repaglinide,1
Chlorpropamide,Zinc acetate,1
Chlorpropamide,Gliclazide,1
Chlorpropamide,Thiamylal,1
Chlorpropamide,Tolbutamide,1
Chlorpropamide,"Zinc sulfate, unspecified form",1
Chlorpropamide,Nateglinide,1
Chlorpropamide,Levosimendan,1
Chlorpropamide,Glipizide,1
Chlorpropamide,Zinc,1
Chlorpropamide,Isavuconazole,1
Chlorpropamide,Diazoxide,1
Chlorpropamide,Gliquidone,1
Tamoxifen,Erdafitinib,1
Tamoxifen,Procainamide,3
Tamoxifen,Doxepin,3
Tamoxifen,Vernakalant,3
Tamoxifen,Glasdegib,1
Tamoxifen,Regorafenib,1
Tamoxifen,Artenimol,1
Tamoxifen,Selpercatinib,1
Tamoxifen,Halcinonide,1
Tamoxifen,Infigratinib,1
Tamoxifen,Isavuconazole,3
Tamoxifen,Quinidine,3
Tamoxifen,Dronedarone,3
Tamoxifen,Pitolisant,3
Tamoxifen,Thioridazine,3
Tamoxifen,Nintedanib,1
Tamoxifen,Foreskin keratinocyte (neonatal),1
Tamoxifen,Halofantrine,3
Tamoxifen,Pentoxyverine,3
Tamoxifen,Fostamatinib,1
Tamoxifen,Propafenone,3
Tamoxifen,Heparin,1
Tamoxifen,Alpelisib,1
Tamoxifen,Nefazodone,3
Tamoxifen,Vismodegib,1
Tamoxifen,Pemigatinib,1
Tamoxifen,Ponatinib,1
Tamoxifen,Ketoconazole,3
Tamoxifen,Chlorobutanol,3
Tamoxifen,Carvedilol,3
Tamoxifen,Foreskin fibroblast (neonatal),1
Tamoxifen,Futibatinib,1
Tamoxifen,Lenvatinib,1
Tamoxifen,Flecainide,3
Tamoxifen,Pralsetinib,1
Tamoxifen,Copanlisib,1
Tamoxifen,Potassium nitrate,3
Tamoxifen,Loperamide,3
Tamoxifen,Clarithromycin,3
Tamoxifen,Sertindole,3
Tamoxifen,Sonidegib,1
Tamoxifen,Fluocinonide,1
Tamoxifen,Perhexiline,3
Tamoxifen,Pimozide,3
Tamoxifen,Terazosin,3
Tamoxifen,Bepridil,3
Isoflurophate,Zinc chloride,1
Isoflurophate,Zinc acetate,1
Isoflurophate,Aluminium,1
Isoflurophate,Aluminum acetate,1
Isoflurophate,"Zinc sulfate, unspecified form",1
Isoflurophate,Copper,1
Isoflurophate,Aluminium phosphate,1
Isoflurophate,Ferrous ascorbate,1
Isoflurophate,Iron,1
Isoflurophate,Manganese,1
Isoflurophate,Ferrous fumarate,1
Isoflurophate,Zinc,1
Isoflurophate,Ferrous gluconate,1
Isoflurophate,Ferrous glycine sulfate,1
Isoflurophate,Ferrous succinate,1
Thioridazine,Procainamide,3
Thioridazine,Doxepin,3
Thioridazine,Vernakalant,3
Thioridazine,Chlorobutanol,3
Thioridazine,Carvedilol,3
Thioridazine,Flecainide,3
Thioridazine,Isavuconazole,3
Thioridazine,Quinidine,3
Thioridazine,Potassium nitrate,3
Thioridazine,Dronedarone,3
Thioridazine,Loperamide,3
Thioridazine,Pitolisant,3
Thioridazine,Clarithromycin,3
Thioridazine,Halofantrine,3
Thioridazine,Sertindole,3
Thioridazine,Pentoxyverine,3
Thioridazine,Propafenone,3
Thioridazine,Nefazodone,3
Thioridazine,Perhexiline,3
Thioridazine,Pimozide,3
Thioridazine,Terazosin,3
Thioridazine,Ketoconazole,3
Thioridazine,Bepridil,3
Moricizine,Quinidine barbiturate,4
Moricizine,Procainamide,4
Moricizine,Riluzole,4
Moricizine,Vernakalant,4
Moricizine,Ajmaline,4
Moricizine,Tocainide,4
Moricizine,Propafenone,4
Moricizine,Flecainide,4
Moricizine,Encainide,4
Moricizine,Fosphenytoin,4
Moricizine,Prilocaine,4
Moricizine,Ethotoin,4
Moricizine,Isavuconazole,4
Moricizine,Benzonatate,4
Moricizine,Quinidine,4
Moricizine,Zonisamide,4
Moricizine,Dronedarone,4
Moricizine,Bepridil,1
Warfarin,Phenprocoumon,1
Warfarin,Acenocoumarol,1
Fludrocortisone,Loteprednol etabonate,1
Fludrocortisone,Felodipine,2
Fludrocortisone,Prednisolone,1
Fludrocortisone,Testosterone enanthate,2
Fludrocortisone,Mometasone furoate,1
Fludrocortisone,Eplerenone,2
Fludrocortisone,Clobetasol propionate,3
Fludrocortisone,Hydrocortamate,1
Fludrocortisone,Mifepristone,1
Fludrocortisone,Betamethasone phosphate,1
Fludrocortisone,Segesterone acetate,1
Fludrocortisone,Flurandrenolide,1
Fludrocortisone,Hydrocortisone valerate,1
Fludrocortisone,Methylprednisolone,1
Fludrocortisone,Finerenone,2
Fludrocortisone,Drospirenone,3
Fludrocortisone,Cortisone acetate,1
Fludrocortisone,Difluocortolone,1
Fludrocortisone,Fluticasone,3
Fludrocortisone,Deflazacort,1
Fludrocortisone,Tixocortol,1
Fludrocortisone,Fluticasone furoate,3
Fludrocortisone,Prednicarbate,1
Fludrocortisone,Norethisterone,1
Fludrocortisone,Ulipristal,1
Fludrocortisone,Fluoxymesterone,1
Fludrocortisone,Hydrocortisone acetate,1
Fludrocortisone,Ciclesonide,1
Fludrocortisone,Hydrocortisone,1
Fludrocortisone,Difluprednate,1
Fludrocortisone,Testosterone cypionate,2
Fludrocortisone,Hydrocortisone phosphate,1
Fludrocortisone,Gestrinone,1
Fludrocortisone,Desonide,1
Fludrocortisone,Clocortolone,1
Fludrocortisone,Hydrocortisone cypionate,1
Fludrocortisone,Hydrocortisone probutate,1
Fludrocortisone,Clobetasone,1
Fludrocortisone,Prednisolone phosphate,1
Fludrocortisone,Prednisolone acetate,1
Fludrocortisone,Hydrocortisone butyrate,1
Fludrocortisone,Dexamethasone,1
Fludrocortisone,Dexamethasone acetate,1
Fludrocortisone,Desoxycorticosterone acetate,2
Fludrocortisone,Fluocinonide,1
Fludrocortisone,Budesonide,1
Fludrocortisone,Rimexolone,1
Mycophenolate mofetil,Trichlormethiazide,1
Mycophenolate mofetil,Diclofenamide,1
Mycophenolate mofetil,Hydroflumethiazide,1
Mycophenolate mofetil,Dorzolamide,1
Mycophenolate mofetil,Acetazolamide,1
Mycophenolate mofetil,Halothane,1
Mycophenolate mofetil,Vardenafil,1
Mycophenolate mofetil,Tretinoin,1
Mycophenolate mofetil,Tadalafil,1
Mycophenolate mofetil,Copper,1
Mycophenolate mofetil,Fostamatinib,1
Mycophenolate mofetil,Voretigene neparvovec,2
Mycophenolate mofetil,Palmitic Acid,1
Mycophenolate mofetil,Manganese,1
Mycophenolate mofetil,Hyaluronic acid,1
Mycophenolate mofetil,Brinzolamide,1
Mycophenolate mofetil,Methazolamide,1
Mycophenolate mofetil,Xanthinol,1
Mycophenolate mofetil,Sodium carbonate,1
Mycophenolate mofetil,Zonisamide,1
Mycophenolate mofetil,Ribavirin,2
Mycophenolate mofetil,Mycophenolic acid,2
Mycophenolate mofetil,Dequalinium,1
Moexipril,Cilazapril,2
Moexipril,Lisinopril,2
Moexipril,Captopril,2
Moexipril,Spirapril,2
Moexipril,Rescinnamine,2
Moexipril,Quinapril,2
Moexipril,Zofenopril,2
Moexipril,Enalaprilat,2
Moexipril,Perindopril,2
Furosemide,Trichlormethiazide,1
Furosemide,Bumetanide,1
Furosemide,Diclofenamide,1
Furosemide,Hydroflumethiazide,2
Furosemide,Dorzolamide,1
Furosemide,Potassium chloride,1
Furosemide,Acetazolamide,1
Furosemide,Ethinamate,1
Furosemide,Chlorothiazide,1
Furosemide,Sulthiame,1
Furosemide,Quinethazone,2
Furosemide,Piretanide,1
Furosemide,Brinzolamide,1
Furosemide,Methazolamide,1
Furosemide,Urea,1
Furosemide,Diazoxide,1
Furosemide,Etacrynic acid,1
Furosemide,Sodium carbonate,1
Furosemide,Zonisamide,1
Furosemide,Sodium sulfate,1
Eplerenone,Fluticasone furoate,2
Eplerenone,Felodipine,2
Eplerenone,Testosterone enanthate,2
Eplerenone,Finerenone,2
Eplerenone,Drospirenone,2
Eplerenone,Clobetasol propionate,2
Eplerenone,Desoxycorticosterone acetate,2
Eplerenone,Testosterone cypionate,2
Eplerenone,Fluticasone,2
Methazolamide,Trichlormethiazide,2
Methazolamide,Diclofenamide,2
Methazolamide,Hydroflumethiazide,2
Methazolamide,Acetazolamide,2
Methazolamide,Halothane,1
Methazolamide,Vardenafil,1
Methazolamide,Chlorothiazide,1
Methazolamide,Tadalafil,1
Methazolamide,Quinethazone,1
Methazolamide,Manganese,1
Methazolamide,Brinzolamide,2
Methazolamide,Sodium carbonate,2
Methazolamide,Zonisamide,2
Methazolamide,Sodium sulfate,1
Methazolamide,Ribavirin,1
Methazolamide,Mycophenolic acid,1
Methazolamide,Dorzolamide,2
Methazolamide,Ethinamate,1
Methazolamide,Tretinoin,1
Methazolamide,Sulthiame,1
Methazolamide,Copper,1
Methazolamide,Fostamatinib,1
Methazolamide,Palmitic Acid,1
Methazolamide,Voretigene neparvovec,1
Methazolamide,Hyaluronic acid,1
Methazolamide,Xanthinol,1
Methazolamide,Urea,1
Methazolamide,Diazoxide,1
Methazolamide,Dequalinium,1
Porfimer sodium,Zinc chloride,2
Porfimer sodium,Evolocumab,2
Porfimer sodium,Inclisiran,2
Porfimer sodium,"Zinc sulfate, unspecified form",2
Ibandronate,Risedronic acid,1
Diethylcarbamazine,Glycol salicylate,1
Diethylcarbamazine,Oxaprozin,1
Diethylcarbamazine,Loxoprofen,1
Diethylcarbamazine,Lumiracoxib,1
Diethylcarbamazine,Dexketoprofen,1
Diethylcarbamazine,Phenylbutazone,1
Diethylcarbamazine,Phenyl salicylate,1
Diethylcarbamazine,Suprofen,1
Diethylcarbamazine,Ketoprofen,1
Diethylcarbamazine,Ibuprofen,1
Diethylcarbamazine,Lornoxicam,1
Diethylcarbamazine,Tiaprofenic acid,1
Diethylcarbamazine,Dexibuprofen,1
Diethylcarbamazine,Trolamine salicylate,1
Diethylcarbamazine,Diflunisal,1
Diethylcarbamazine,Etodolac,1
Diethylcarbamazine,Naproxen,1
Diethylcarbamazine,Metamizole,1
Diethylcarbamazine,Antipyrine,1
Diethylcarbamazine,Flurbiprofen,1
Diethylcarbamazine,Balsalazide,1
Diethylcarbamazine,Cannabidiol,1
Diethylcarbamazine,Bendazac,1
Diethylcarbamazine,Acemetacin,1
Diethylcarbamazine,Salsalate,1
Diethylcarbamazine,Meloxicam,1
Diethylcarbamazine,Choline magnesium trisalicylate,1
Diethylcarbamazine,Tolfenamic acid,1
Diethylcarbamazine,Acetylsalicylic acid,1
Diethylcarbamazine,Carprofen,1
Diethylcarbamazine,Mefenamic acid,1
Diethylcarbamazine,Flufenamic acid,1
Diethylcarbamazine,Meclofenamic acid,1
Diethylcarbamazine,Bromfenac,1
Diethylcarbamazine,Antrafenine,1
Diethylcarbamazine,Salicylic acid,1
Diethylcarbamazine,Aceclofenac,1
Diethylcarbamazine,Nepafenac,1
Diethylcarbamazine,Menthyl salicylate,1
Diethylcarbamazine,Bufexamac,1
Diethylcarbamazine,Triflusal,1
Diethylcarbamazine,Sulfasalazine,1
Flurbiprofen,Glycol salicylate,1
Flurbiprofen,Oxaprozin,1
Flurbiprofen,Loxoprofen,1
Flurbiprofen,Lumiracoxib,1
Flurbiprofen,Dexketoprofen,1
Flurbiprofen,Phenylbutazone,1
Flurbiprofen,Phenyl salicylate,1
Flurbiprofen,Suprofen,1
Flurbiprofen,Ketoprofen,1
Flurbiprofen,Ibuprofen,1
Flurbiprofen,Lornoxicam,1
Flurbiprofen,Tiaprofenic acid,1
Flurbiprofen,Dexibuprofen,1
Flurbiprofen,Trolamine salicylate,1
Flurbiprofen,Diflunisal,1
Flurbiprofen,Etodolac,1
Flurbiprofen,Naproxen,1
Flurbiprofen,Metamizole,1
Flurbiprofen,Antipyrine,1
Flurbiprofen,Balsalazide,1
Flurbiprofen,Cannabidiol,1
Flurbiprofen,Bendazac,1
Flurbiprofen,Acemetacin,1
Flurbiprofen,Salsalate,1
Flurbiprofen,Meloxicam,1
Flurbiprofen,Choline magnesium trisalicylate,1
Flurbiprofen,Tolfenamic acid,1
Flurbiprofen,Acetylsalicylic acid,1
Flurbiprofen,Carprofen,1
Flurbiprofen,Mefenamic acid,1
Flurbiprofen,Flufenamic acid,1
Flurbiprofen,Meclofenamic acid,1
Flurbiprofen,Bromfenac,1
Flurbiprofen,Antrafenine,1
Flurbiprofen,Salicylic acid,1
Flurbiprofen,Aceclofenac,1
Flurbiprofen,Nepafenac,1
Flurbiprofen,Menthyl salicylate,1
Flurbiprofen,Bufexamac,1
Flurbiprofen,Triflusal,1
Flurbiprofen,Sulfasalazine,1
Apomorphine,Apraclonidine,1
Apomorphine,Bromocriptine,1
Apomorphine,Phenoxybenzamine,1
Apomorphine,Carvedilol,1
Apomorphine,Oxymetazoline,1
Apomorphine,Rotigotine,1
Apomorphine,Yohimbine,1
Apomorphine,Fenoldopam,1
Apomorphine,Metamfetamine,1
Apomorphine,Risperidone,1
Apomorphine,Quetiapine,1
Apomorphine,Mianserin,1
Apomorphine,Methotrimeprazine,1
Apomorphine,Asenapine,1
Apomorphine,Paliperidone,1
Apomorphine,Racepinephrine,1
Apomorphine,Dronedarone,1
Apomorphine,Guanfacine,1
Apomorphine,Xylometazoline,1
Apomorphine,Aripiprazole lauroxil,1
Apomorphine,Trimipramine,1
Apomorphine,Aripiprazole,1
Apomorphine,Celiprolol,1
Apomorphine,Tolazoline,1
Apomorphine,Pizotifen,1
Apomorphine,Droxidopa,1
Norethisterone,Loteprednol etabonate,1
Norethisterone,Fluticasone furoate,1
Norethisterone,Prednicarbate,1
Norethisterone,Prednisolone,1
Norethisterone,Ulipristal,1
Norethisterone,Fluoxymesterone,1
Norethisterone,Hydrocortisone acetate,1
Norethisterone,Ciclesonide,1
Norethisterone,Mometasone furoate,1
Norethisterone,Clobetasol propionate,1
Norethisterone,Hydrocortisone,1
Norethisterone,Hydrocortamate,1
Norethisterone,Difluprednate,1
Norethisterone,Hydrocortisone phosphate,1
Norethisterone,Mifepristone,1
Norethisterone,Gestrinone,1
Norethisterone,Desonide,1
Norethisterone,Betamethasone phosphate,1
Norethisterone,Segesterone acetate,1
Norethisterone,Clocortolone,1
Norethisterone,Hydrocortisone cypionate,1
Norethisterone,Hydrocortisone probutate,1
Norethisterone,Flurandrenolide,1
Norethisterone,Clobetasone,1
Norethisterone,Hydrocortisone valerate,1
Norethisterone,Prednisolone phosphate,1
Norethisterone,Methylprednisolone,1
Norethisterone,Cortisone acetate,1
Norethisterone,Drospirenone,1
Norethisterone,Dexamethasone,1
Norethisterone,Hydrocortisone butyrate,1
Norethisterone,Prednisolone acetate,1
Norethisterone,Dexamethasone acetate,1
Norethisterone,Difluocortolone,1
Norethisterone,Fluocinonide,1
Norethisterone,Budesonide,1
Norethisterone,Deflazacort,1
Norethisterone,Fluticasone,1
Norethisterone,Tixocortol,1
Norethisterone,Rimexolone,1
Clodronic acid,Clevidipine,1
Clodronic acid,Felodipine,1
Clodronic acid,Etidronic acid,5
Clodronic acid,Trifluoperazine,1
Clodronic acid,Artenimol,1
Clodronic acid,Levamlodipine,1
Clodronic acid,Nitrendipine,1
Clodronic acid,Propiverine,1
Clodronic acid,Nilvadipine,1
Clodronic acid,Nifedipine,1
Clodronic acid,Levosimendan,1
Clodronic acid,Isavuconazole,1
Clodronic acid,Ethanol,1
Clodronic acid,Mavacamten,1
Clodronic acid,Dronedarone,1
Clodronic acid,Bepridil,1
Procaine,Azacitidine,1
Procaine,Procainamide,1
Procaine,Flucytosine,1
Procaine,Decitabine,3
Procaine,Fluticasone,1
Lisinopril,Cilazapril,2
Lisinopril,Captopril,2
Lisinopril,Spirapril,2
Lisinopril,Rescinnamine,2
Lisinopril,Quinapril,2
Lisinopril,Zofenopril,2
Lisinopril,Enalaprilat,2
Lisinopril,Perindopril,2
Trimipramine,Apraclonidine,1
Trimipramine,Bromocriptine,1
Trimipramine,Phenoxybenzamine,1
Trimipramine,Carvedilol,1
Trimipramine,Oxymetazoline,1
Trimipramine,Rotigotine,1
Trimipramine,Yohimbine,1
Trimipramine,Fenoldopam,1
Trimipramine,Metamfetamine,1
Trimipramine,Risperidone,1
Trimipramine,Quetiapine,1
Trimipramine,Mianserin,1
Trimipramine,Methotrimeprazine,1
Trimipramine,Asenapine,1
Trimipramine,Paliperidone,1
Trimipramine,Racepinephrine,1
Trimipramine,Dronedarone,1
Trimipramine,Guanfacine,1
Trimipramine,Xylometazoline,1
Trimipramine,Aripiprazole lauroxil,1
Trimipramine,Aripiprazole,1
Trimipramine,Celiprolol,1
Trimipramine,Tolazoline,1
Trimipramine,Pizotifen,1
Trimipramine,Droxidopa,1
Nateglinide,Glymidine,1
Nateglinide,Zinc chloride,1
Nateglinide,Repaglinide,1
Nateglinide,Zinc acetate,1
Nateglinide,Gliclazide,1
Nateglinide,Thiamylal,1
Nateglinide,Tolbutamide,1
Nateglinide,"Zinc sulfate, unspecified form",1
Nateglinide,Levosimendan,1
Nateglinide,Glipizide,1
Nateglinide,Zinc,1
Nateglinide,Isavuconazole,1
Nateglinide,Diazoxide,1
Nateglinide,Gliquidone,1
Risperidone,Apraclonidine,1
Risperidone,Bromocriptine,1
Risperidone,Phenoxybenzamine,1
Risperidone,Carvedilol,1
Risperidone,Oxymetazoline,1
Risperidone,Rotigotine,1
Risperidone,Yohimbine,1
Risperidone,Fenoldopam,1
Risperidone,Metamfetamine,1
Risperidone,Quetiapine,1
Risperidone,Mianserin,1
Risperidone,Methotrimeprazine,1
Risperidone,Asenapine,1
Risperidone,Paliperidone,1
Risperidone,Racepinephrine,1
Risperidone,Dronedarone,1
Risperidone,Guanfacine,1
Risperidone,Xylometazoline,1
Risperidone,Aripiprazole lauroxil,1
Risperidone,Aripiprazole,1
Risperidone,Celiprolol,1
Risperidone,Tolazoline,1
Risperidone,Pizotifen,1
Risperidone,Droxidopa,1
Riluzole,Quinidine barbiturate,4
Riluzole,Procainamide,4
Riluzole,Vernakalant,4
Riluzole,Ajmaline,4
Riluzole,Tocainide,4
Riluzole,Propafenone,4
Riluzole,Flecainide,4
Riluzole,Encainide,4
Riluzole,Fosphenytoin,4
Riluzole,Prilocaine,4
Riluzole,Ethotoin,4
Riluzole,Isavuconazole,4
Riluzole,Benzonatate,4
Riluzole,Quinidine,4
Riluzole,Zonisamide,4
Riluzole,Dronedarone,4
Riluzole,Bepridil,1
Hydrocortisone,Loteprednol etabonate,1
Hydrocortisone,Fluticasone furoate,1
Hydrocortisone,Prednicarbate,1
Hydrocortisone,Prednisolone,1
Hydrocortisone,Ulipristal,1
Hydrocortisone,Fluoxymesterone,1
Hydrocortisone,Hydrocortisone acetate,1
Hydrocortisone,Ciclesonide,1
Hydrocortisone,Mometasone furoate,1
Hydrocortisone,Clobetasol propionate,1
Hydrocortisone,Hydrocortamate,1
Hydrocortisone,Difluprednate,1
Hydrocortisone,Hydrocortisone phosphate,1
Hydrocortisone,Mifepristone,1
Hydrocortisone,Gestrinone,1
Hydrocortisone,Desonide,1
Hydrocortisone,Betamethasone phosphate,1
Hydrocortisone,Segesterone acetate,1
Hydrocortisone,Clocortolone,1
Hydrocortisone,Hydrocortisone cypionate,1
Hydrocortisone,Hydrocortisone probutate,1
Hydrocortisone,Flurandrenolide,1
Hydrocortisone,Clobetasone,1
Hydrocortisone,Hydrocortisone valerate,1
Hydrocortisone,Prednisolone phosphate,1
Hydrocortisone,Methylprednisolone,1
Hydrocortisone,Cortisone acetate,1
Hydrocortisone,Drospirenone,1
Hydrocortisone,Dexamethasone,1
Hydrocortisone,Hydrocortisone butyrate,1
Hydrocortisone,Prednisolone acetate,1
Hydrocortisone,Dexamethasone acetate,1
Hydrocortisone,Difluocortolone,1
Hydrocortisone,Fluocinonide,1
Hydrocortisone,Budesonide,1
Hydrocortisone,Deflazacort,1
Hydrocortisone,Fluticasone,1
Hydrocortisone,Tixocortol,1
Hydrocortisone,Rimexolone,1
Deferoxamine,Erdafitinib,1
Deferoxamine,Zinc chloride,2
Deferoxamine,Zinc acetate,2
Deferoxamine,Aducanumab,2
Deferoxamine,Aluminium,2
Deferoxamine,Sunitinib,1
Deferoxamine,Dimercaprol,2
Deferoxamine,Migalastat,1
Deferoxamine,Aluminum acetate,2
Deferoxamine,Flutemetamol (18F),2
Deferoxamine,"Zinc sulfate, unspecified form",2
Deferoxamine,Aluminium phosphate,2
Deferoxamine,Fostamatinib,1
Deferoxamine,Copper,2
Deferoxamine,Florbetaben (18F),2
Deferoxamine,Tromethamine,2
Deferoxamine,Tetracycline,1
Deferoxamine,Zinc,2
Deferoxamine,Pexidartinib,1
Deferoxamine,Florbetapir (18F),2
Evolocumab,Zinc chloride,2
Evolocumab,Inclisiran,3
Evolocumab,"Zinc sulfate, unspecified form",2
Etodolac,Glycol salicylate,1
Etodolac,Oxaprozin,1
Etodolac,Loxoprofen,1
Etodolac,Lumiracoxib,1
Etodolac,Dexketoprofen,1
Etodolac,Phenylbutazone,1
Etodolac,Phenyl salicylate,1
Etodolac,Suprofen,1
Etodolac,Ketoprofen,1
Etodolac,Ibuprofen,1
Etodolac,Lornoxicam,1
Etodolac,Tiaprofenic acid,1
Etodolac,Dexibuprofen,1
Etodolac,Trolamine salicylate,1
Etodolac,Diflunisal,1
Etodolac,Naproxen,1
Etodolac,Metamizole,1
Etodolac,Antipyrine,1
Etodolac,Balsalazide,1
Etodolac,Cannabidiol,1
Etodolac,Bendazac,1
Etodolac,Acemetacin,1
Etodolac,Salsalate,1
Etodolac,Meloxicam,1
Etodolac,Choline magnesium trisalicylate,1
Etodolac,Tolfenamic acid,1
Etodolac,Acetylsalicylic acid,1
Etodolac,Carprofen,1
Etodolac,Mefenamic acid,1
Etodolac,Flufenamic acid,1
Etodolac,Meclofenamic acid,1
Etodolac,Bromfenac,1
Etodolac,Antrafenine,1
Etodolac,Salicylic acid,1
Etodolac,Aceclofenac,1
Etodolac,Nepafenac,1
Etodolac,Menthyl salicylate,1
Etodolac,Bufexamac,1
Etodolac,Triflusal,1
Etodolac,Sulfasalazine,1
Prilocaine,Quinidine barbiturate,4
Prilocaine,Procainamide,4
Prilocaine,Vernakalant,4
Prilocaine,Ajmaline,4
Prilocaine,Tocainide,4
Prilocaine,Propafenone,4
Prilocaine,Flecainide,4
Prilocaine,Encainide,4
Prilocaine,Fosphenytoin,4
Prilocaine,Ethotoin,4
Prilocaine,Isavuconazole,4
Prilocaine,Benzonatate,4
Prilocaine,Quinidine,4
Prilocaine,Zonisamide,4
Prilocaine,Dronedarone,4
Prilocaine,Bepridil,1
Isoflurane,Levetiracetam,1
Isoflurane,Zinc acetate,1
Isoflurane,Felodipine,4
Isoflurane,Insulin detemir,1
Isoflurane,Azathioprine,1
Isoflurane,Halothane,2
Isoflurane,Trifluoperazine,3
Isoflurane,Melatonin,3
Isoflurane,Acetylcysteine,1
Isoflurane,Artenimol,1
Isoflurane,Ziconotide,2
Isoflurane,Thiamylal,1
Isoflurane,Vigabatrin,1
Isoflurane,Calcium phosphate dihydrate,3
Isoflurane,Flavin mononucleotide,1
Isoflurane,Memantine,1
Isoflurane,Nitrendipine,1
Isoflurane,Sevoflurane,1
Isoflurane,Eflornithine,1
Isoflurane,Brigatinib,1
Isoflurane,Orphenadrine,1
Isoflurane,Everolimus,1
Isoflurane,Gabapentin enacarbil,1
Isoflurane,Calcium citrate,3
Isoflurane,Phenelzine,1
Isoflurane,Sirolimus,1
Isoflurane,Dalfampridine,2
Isoflurane,Quinidine barbiturate,2
Isoflurane,Propanoic acid,1
Isoflurane,Zinc chloride,1
Isoflurane,Insulin beef,1
Isoflurane,Methoxyflurane,3
Isoflurane,Fostamatinib,2
Isoflurane,Ethanol,2
Isoflurane,D-Serine,2
Isoflurane,Nandrolone decanoate,1
Isoflurane,Amifampridine,1
Isoflurane,Esketamine,1
Isoflurane,Methyprylon,1
Isoflurane,Dequalinium,3
Isoflurane,Desflurane,2
Isoflurane,Promethazine,3
Isoflurane,Insulin aspart,1
Isoflurane,Perphenazine,3
Isoflurane,Calcium Phosphate,3
Isoflurane,Phenoxybenzamine,3
Isoflurane,Insulin degludec,1
Isoflurane,Calcium levulinate,3
Isoflurane,Somatrem,1
Isoflurane,Primidone,2
Isoflurane,Nifedipine,3
Isoflurane,Gabapentin,1
Isoflurane,Zinc,1
Isoflurane,Zopiclone,2
Isoflurane,Prenylamine,3
Isoflurane,Cannabidiol,1
Isoflurane,Methylphenobarbital,2
Isoflurane,Phenobarbital,1
Isoflurane,Loperamide,4
Isoflurane,Zaleplon,1
Isoflurane,Taurine,2
Isoflurane,Ginkgo biloba,2
Isoflurane,Mecasermin rinfabate,1
Isoflurane,Felbamate,1
Isoflurane,Mecasermin,1
Isoflurane,Butobarbital,2
Isoflurane,Copper,1
Isoflurane,Carboxymethylcellulose,2
Isoflurane,"Zinc sulfate, unspecified form",1
Isoflurane,Flumazenil,2
Isoflurane,Glutethimide,1
Isoflurane,Teprotumumab,1
Isoflurane,Lumateperone,1
Isoflurane,Amobarbital,2
Isoflurane,Flunarizine,3
Isoflurane,Bioallethrin,1
Isoflurane,Pimozide,3
Isoflurane,Temsirolimus,1
Isoflurane,Bepridil,5
Ethotoin,Quinidine barbiturate,4
Ethotoin,Procainamide,4
Ethotoin,Vernakalant,4
Ethotoin,Ajmaline,4
Ethotoin,Tocainide,4
Ethotoin,Propafenone,4
Ethotoin,Flecainide,4
Ethotoin,Encainide,4
Ethotoin,Fosphenytoin,4
Ethotoin,Isavuconazole,4
Ethotoin,Benzonatate,4
Ethotoin,Quinidine,4
Ethotoin,Zonisamide,4
Ethotoin,Dronedarone,4
Ethotoin,Bepridil,1
Tretinoin,Trichlormethiazide,1
Tretinoin,Diclofenamide,1
Tretinoin,Hydroflumethiazide,1
Tretinoin,Dorzolamide,1
Tretinoin,Acetazolamide,1
Tretinoin,Halothane,1
Tretinoin,Vardenafil,1
Tretinoin,Tadalafil,1
Tretinoin,Copper,1
Tretinoin,Fostamatinib,1
Tretinoin,Voretigene neparvovec,1
Tretinoin,Palmitic Acid,1
Tretinoin,Manganese,1
Tretinoin,Hyaluronic acid,1
Tretinoin,Brinzolamide,1
Tretinoin,Xanthinol,1
Tretinoin,Sodium carbonate,1
Tretinoin,Zonisamide,1
Tretinoin,Ribavirin,1
Tretinoin,Mycophenolic acid,1
Tretinoin,Dequalinium,1
Hexachlorophene,Erdafitinib,2
Hexachlorophene,Zinc acetate,1
Hexachlorophene,Felodipine,1
Hexachlorophene,Artenimol,1
Hexachlorophene,Regorafenib,1
Hexachlorophene,Cabozantinib,1
Hexachlorophene,Selpercatinib,2
Hexachlorophene,Nitrendipine,1
Hexachlorophene,Futibatinib,1
Hexachlorophene,Ferrous ascorbate,3
Hexachlorophene,Roxadustat,3
Hexachlorophene,Lenvatinib,2
Hexachlorophene,Carboxin,1
Hexachlorophene,Infigratinib,1
Hexachlorophene,Pazopanib,1
Hexachlorophene,Aluminum chloride,1
Hexachlorophene,Gabapentin,1
Hexachlorophene,Gabapentin enacarbil,1
Hexachlorophene,Pralsetinib,1
Hexachlorophene,Zinc,1
Hexachlorophene,Ubidecarenone,1
Hexachlorophene,Ferrous succinate,3
Hexachlorophene,Ginkgo biloba,1
Hexachlorophene,Nintedanib,1
Hexachlorophene,Zinc chloride,1
Hexachlorophene,"Zinc sulfate, unspecified form",1
Hexachlorophene,Copper,1
Hexachlorophene,Fostamatinib,2
Hexachlorophene,Flumazenil,1
Hexachlorophene,Iron,3
Hexachlorophene,Acetylsalicylic acid,1
Hexachlorophene,Vandetanib,1
Hexachlorophene,Belzutifan,1
Hexachlorophene,Ferrous fumarate,3
Hexachlorophene,Ferrous gluconate,3
Hexachlorophene,Ferrous glycine sulfate,3
Hexachlorophene,Pemigatinib,1
Hexachlorophene,Ponatinib,2
Hexachlorophene,Bepridil,1
Tetracycline,Erdafitinib,1
Tetracycline,Zinc chloride,1
Tetracycline,Zinc acetate,1
Tetracycline,Aducanumab,1
Tetracycline,Aluminium,1
Tetracycline,Sunitinib,1
Tetracycline,Dimercaprol,1
Tetracycline,Aluminum acetate,1
Tetracycline,Flutemetamol (18F),1
Tetracycline,"Zinc sulfate, unspecified form",1
Tetracycline,Aluminium phosphate,1
Tetracycline,Fostamatinib,1
Tetracycline,Copper,3
Tetracycline,Florbetaben (18F),1
Tetracycline,Tromethamine,1
Tetracycline,Zinc,1
Tetracycline,Pexidartinib,1
Tetracycline,Florbetapir (18F),1
Potassium chloride,Quinethazone,1
Potassium chloride,Piretanide,1
Potassium chloride,Bumetanide,2
Potassium chloride,Hydroflumethiazide,1
Potassium chloride,Etacrynic acid,1
Hydrocortamate,Loteprednol etabonate,1
Hydrocortamate,Fluticasone furoate,1
Hydrocortamate,Prednicarbate,1
Hydrocortamate,Prednisolone,1
Hydrocortamate,Ulipristal,1
Hydrocortamate,Fluoxymesterone,1
Hydrocortamate,Hydrocortisone acetate,1
Hydrocortamate,Ciclesonide,1
Hydrocortamate,Mometasone furoate,1
Hydrocortamate,Clobetasol propionate,1
Hydrocortamate,Difluprednate,1
Hydrocortamate,Hydrocortisone phosphate,1
Hydrocortamate,Mifepristone,1
Hydrocortamate,Gestrinone,1
Hydrocortamate,Desonide,1
Hydrocortamate,Betamethasone phosphate,1
Hydrocortamate,Segesterone acetate,1
Hydrocortamate,Clocortolone,1
Hydrocortamate,Hydrocortisone cypionate,1
Hydrocortamate,Hydrocortisone probutate,1
Hydrocortamate,Flurandrenolide,1
Hydrocortamate,Clobetasone,1
Hydrocortamate,Hydrocortisone valerate,1
Hydrocortamate,Prednisolone phosphate,1
Hydrocortamate,Methylprednisolone,1
Hydrocortamate,Cortisone acetate,1
Hydrocortamate,Drospirenone,1
Hydrocortamate,Dexamethasone,1
Hydrocortamate,Hydrocortisone butyrate,1
Hydrocortamate,Prednisolone acetate,1
Hydrocortamate,Dexamethasone acetate,1
Hydrocortamate,Difluocortolone,1
Hydrocortamate,Fluocinonide,1
Hydrocortamate,Budesonide,1
Hydrocortamate,Deflazacort,1
Hydrocortamate,Fluticasone,1
Hydrocortamate,Tixocortol,1
Hydrocortamate,Rimexolone,1
Hydroflumethiazide,Trichlormethiazide,3
Hydroflumethiazide,Acetazolamide,2
Hydroflumethiazide,Potassium,1
Hydroflumethiazide,Halothane,1
Hydroflumethiazide,Aluminium,1
Hydroflumethiazide,Chlorothiazide,1
Hydroflumethiazide,Aluminium phosphate,1
Hydroflumethiazide,Potassium sulfate,1
Hydroflumethiazide,Deslanoside,1
Hydroflumethiazide,Quinethazone,2
Hydroflumethiazide,Ouabain,1
Hydroflumethiazide,Manganese,1
Hydroflumethiazide,Etacrynic acid,2
Hydroflumethiazide,Ribavirin,1
Hydroflumethiazide,Mycophenolic acid,1
Hydroflumethiazide,Magnesium cation,1
Hydroflumethiazide,Dorzolamide,2
Hydroflumethiazide,Fostamatinib,1
Hydroflumethiazide,Xanthinol,1
Hydroflumethiazide,Diazoxide,2
Hydroflumethiazide,Dequalinium,1
Hydroflumethiazide,Bretylium,1
Hydroflumethiazide,Bumetanide,1
Hydroflumethiazide,Magnesium acetate,1
Hydroflumethiazide,Diclofenamide,2
Hydroflumethiazide,Digitoxin,1
Hydroflumethiazide,Vardenafil,1
Hydroflumethiazide,Potassium cation,1
Hydroflumethiazide,Tadalafil,1
Hydroflumethiazide,Brinzolamide,2
Hydroflumethiazide,Sodium carbonate,2
Hydroflumethiazide,Zonisamide,2
Hydroflumethiazide,Almitrine,1
Hydroflumethiazide,Sodium sulfate,1
Hydroflumethiazide,Ciclopirox,1
Hydroflumethiazide,Ethinamate,1
Hydroflumethiazide,Potassium acetate,1
Hydroflumethiazide,Aluminum acetate,1
Hydroflumethiazide,Sulthiame,1
Hydroflumethiazide,Copper,1
Hydroflumethiazide,Voretigene neparvovec,1
Hydroflumethiazide,Palmitic Acid,1
Hydroflumethiazide,Piretanide,1
Hydroflumethiazide,Hyaluronic acid,1
Hydroflumethiazide,Urea,1
Hydroflumethiazide,Bepridil,1
Tirofiban,Ferric maltol,2
Phenelzine,Levetiracetam,1
Phenelzine,Zinc acetate,1
Phenelzine,Felodipine,1
Phenelzine,Insulin detemir,1
Phenelzine,Azathioprine,1
Phenelzine,Halothane,1
Phenelzine,Ziconotide,1
Phenelzine,Vigabatrin,1
Phenelzine,Flavin mononucleotide,1
Phenelzine,Nitrendipine,1
Phenelzine,Sevoflurane,1
Phenelzine,Eflornithine,1
Phenelzine,Brigatinib,1
Phenelzine,Gabapentin enacarbil,1
Phenelzine,Quinidine barbiturate,1
Phenelzine,Zinc chloride,1
Phenelzine,Insulin beef,1
Phenelzine,Methoxyflurane,1
Phenelzine,Fostamatinib,2
Phenelzine,Ethanol,1
Phenelzine,D-Serine,1
Phenelzine,Nandrolone decanoate,1
Phenelzine,Desflurane,1
Phenelzine,Insulin aspart,1
Phenelzine,Insulin degludec,1
Phenelzine,Somatrem,1
Phenelzine,Primidone,1
Phenelzine,Gabapentin,1
Phenelzine,Zinc,1
Phenelzine,Zopiclone,1
Phenelzine,Cannabidiol,1
Phenelzine,Methylphenobarbital,1
Phenelzine,Taurine,1
Phenelzine,Ginkgo biloba,1
Phenelzine,Mecasermin rinfabate,1
Phenelzine,Mecasermin,1
Phenelzine,Butobarbital,1
Phenelzine,Copper,1
Phenelzine,Carboxymethylcellulose,1
Phenelzine,"Zinc sulfate, unspecified form",1
Phenelzine,Flumazenil,1
Phenelzine,Teprotumumab,1
Phenelzine,Amobarbital,1
Phenelzine,Bepridil,1
Mefenamic acid,Glycol salicylate,1
Mefenamic acid,Oxaprozin,1
Mefenamic acid,Loxoprofen,1
Mefenamic acid,Lumiracoxib,1
Mefenamic acid,Dexketoprofen,1
Mefenamic acid,Phenylbutazone,1
Mefenamic acid,Phenyl salicylate,1
Mefenamic acid,Suprofen,1
Mefenamic acid,Ketoprofen,1
Mefenamic acid,Ibuprofen,1
Mefenamic acid,Lornoxicam,1
Mefenamic acid,Tiaprofenic acid,1
Mefenamic acid,Dexibuprofen,1
Mefenamic acid,Trolamine salicylate,1
Mefenamic acid,Diflunisal,1
Mefenamic acid,Naproxen,1
Mefenamic acid,Metamizole,1
Mefenamic acid,Antipyrine,1
Mefenamic acid,Balsalazide,1
Mefenamic acid,Cannabidiol,1
Mefenamic acid,Bendazac,1
Mefenamic acid,Acemetacin,1
Mefenamic acid,Salsalate,1
Mefenamic acid,Meloxicam,1
Mefenamic acid,Choline magnesium trisalicylate,1
Mefenamic acid,Tolfenamic acid,1
Mefenamic acid,Acetylsalicylic acid,1
Mefenamic acid,Carprofen,1
Mefenamic acid,Flufenamic acid,1
Mefenamic acid,Meclofenamic acid,1
Mefenamic acid,Bromfenac,1
Mefenamic acid,Antrafenine,1
Mefenamic acid,Salicylic acid,1
Mefenamic acid,Aceclofenac,1
Mefenamic acid,Nepafenac,1
Mefenamic acid,Menthyl salicylate,1
Mefenamic acid,Bufexamac,1
Mefenamic acid,Triflusal,1
Mefenamic acid,Sulfasalazine,1
Naproxen,Glycol salicylate,1
Naproxen,Oxaprozin,1
Naproxen,Loxoprofen,1
Naproxen,Lumiracoxib,1
Naproxen,Dexketoprofen,1
Naproxen,Phenylbutazone,1
Naproxen,Phenyl salicylate,1
Naproxen,Suprofen,1
Naproxen,Ketoprofen,1
Naproxen,Ibuprofen,1
Naproxen,Lornoxicam,1
Naproxen,Tiaprofenic acid,1
Naproxen,Dexibuprofen,1
Naproxen,Trolamine salicylate,1
Naproxen,Diflunisal,1
Naproxen,Metamizole,1
Naproxen,Antipyrine,1
Naproxen,Balsalazide,1
Naproxen,Cannabidiol,1
Naproxen,Bendazac,1
Naproxen,Acemetacin,1
Naproxen,Salsalate,1
Naproxen,Meloxicam,1
Naproxen,Choline magnesium trisalicylate,1
Naproxen,Tolfenamic acid,1
Naproxen,Acetylsalicylic acid,1
Naproxen,Carprofen,1
Naproxen,Flufenamic acid,1
Naproxen,Meclofenamic acid,1
Naproxen,Bromfenac,1
Naproxen,Antrafenine,1
Naproxen,Salicylic acid,1
Naproxen,Aceclofenac,1
Naproxen,Nepafenac,1
Naproxen,Menthyl salicylate,1
Naproxen,Bufexamac,1
Naproxen,Triflusal,1
Naproxen,Sulfasalazine,1
Perindopril,Cilazapril,2
Perindopril,Captopril,2
Perindopril,Spirapril,2
Perindopril,Rescinnamine,2
Perindopril,Quinapril,2
Perindopril,Zofenopril,2
Perindopril,Enalaprilat,2
Primidone,Levetiracetam,1
Primidone,Zinc acetate,1
Primidone,Felodipine,1
Primidone,Insulin detemir,1
Primidone,Azathioprine,1
Primidone,Halothane,2
Primidone,Artenimol,1
Primidone,Ziconotide,2
Primidone,Acetylcysteine,1
Primidone,Thiamylal,1
Primidone,Vigabatrin,1
Primidone,Flavin mononucleotide,1
Primidone,Memantine,1
Primidone,Nitrendipine,1
Primidone,Sevoflurane,1
Primidone,Eflornithine,1
Primidone,Brigatinib,1
Primidone,Orphenadrine,1
Primidone,Everolimus,1
Primidone,Gabapentin enacarbil,1
Primidone,Sirolimus,1
Primidone,Dalfampridine,1
Primidone,Quinidine barbiturate,4
Primidone,Propanoic acid,1
Primidone,Zinc chloride,1
Primidone,Insulin beef,1
Primidone,Methoxyflurane,2
Primidone,Fostamatinib,2
Primidone,Fluciclovine (18F),2
Primidone,Ethanol,4
Primidone,D-Serine,2
Primidone,Nandrolone decanoate,1
Primidone,Esketamine,1
Primidone,Methyprylon,1
Primidone,Desflurane,1
Primidone,Insulin aspart,1
Primidone,Insulin degludec,1
Primidone,Somatrem,1
Primidone,Gabapentin,1
Primidone,Zinc,1
Primidone,Zopiclone,2
Primidone,Cannabidiol,1
Primidone,Methylphenobarbital,5
Primidone,Phenobarbital,4
Primidone,Loperamide,1
Primidone,Zaleplon,1
Primidone,Taurine,2
Primidone,Ginkgo biloba,2
Primidone,Felbamate,1
Primidone,Mecasermin rinfabate,1
Primidone,Mecasermin,1
Primidone,Butobarbital,5
Primidone,Copper,1
Primidone,Carboxymethylcellulose,2
Primidone,"Zinc sulfate, unspecified form",1
Primidone,Flumazenil,2
Primidone,Glutethimide,1
Primidone,Teprotumumab,1
Primidone,Lumateperone,1
Primidone,Amobarbital,5
Primidone,Bioallethrin,1
Primidone,Temsirolimus,1
Primidone,Bepridil,2
Sulfasalazine,Pseudoephedrine,1
Sulfasalazine,Loxoprofen,1
Sulfasalazine,Lumiracoxib,1
Sulfasalazine,Dexketoprofen,1
Sulfasalazine,Phenyl salicylate,1
Sulfasalazine,Tiaprofenic acid,1
Sulfasalazine,Dexibuprofen,2
Sulfasalazine,Trolamine salicylate,1
Sulfasalazine,Crofelemer,1
Sulfasalazine,Metamizole,1
Sulfasalazine,Meloxicam,1
Sulfasalazine,Ivacaftor,1
Sulfasalazine,Fostamatinib,1
Sulfasalazine,Tolfenamic acid,1
Sulfasalazine,Nepafenac,1
Sulfasalazine,Aceclofenac,1
Sulfasalazine,Lumacaftor,1
Sulfasalazine,Salicylic acid,1
Sulfasalazine,Bufexamac,1
Sulfasalazine,Idelalisib,1
Sulfasalazine,Tezacaftor,1
Sulfasalazine,Bumetanide,1
Sulfasalazine,Glycol salicylate,1
Sulfasalazine,Oxaprozin,1
Sulfasalazine,Duvelisib,1
Sulfasalazine,Phenylbutazone,1
Sulfasalazine,Suprofen,1
Sulfasalazine,Ketoprofen,1
Sulfasalazine,Ibuprofen,2
Sulfasalazine,Lornoxicam,1
Sulfasalazine,Copanlisib,1
Sulfasalazine,Diflunisal,1
Sulfasalazine,Cannabidiol,2
Sulfasalazine,Antipyrine,1
Sulfasalazine,Balsalazide,1
Sulfasalazine,Bendazac,1
Sulfasalazine,Acemetacin,1
Sulfasalazine,Salsalate,1
Sulfasalazine,Choline magnesium trisalicylate,1
Sulfasalazine,Acetylsalicylic acid,1
Sulfasalazine,Carprofen,1
Sulfasalazine,Umbralisib,1
Sulfasalazine,Flufenamic acid,1
Sulfasalazine,Meclofenamic acid,1
Sulfasalazine,Bromfenac,1
Sulfasalazine,Antrafenine,1
Sulfasalazine,Menthyl salicylate,1
Sulfasalazine,Glyburide,1
Sulfasalazine,Elexacaftor,1
Sulfasalazine,Triflusal,2
Tolazoline,Apraclonidine,1
Tolazoline,Bromocriptine,1
Tolazoline,Phenoxybenzamine,1
Tolazoline,Carvedilol,1
Tolazoline,Oxymetazoline,1
Tolazoline,Rotigotine,1
Tolazoline,Yohimbine,1
Tolazoline,Fenoldopam,1
Tolazoline,Metamfetamine,1
Tolazoline,Quetiapine,1
Tolazoline,Mianserin,1
Tolazoline,Methotrimeprazine,1
Tolazoline,Asenapine,1
Tolazoline,Paliperidone,1
Tolazoline,Racepinephrine,1
Tolazoline,Dronedarone,1
Tolazoline,Guanfacine,1
Tolazoline,Xylometazoline,1
Tolazoline,Aripiprazole lauroxil,1
Tolazoline,Aripiprazole,1
Tolazoline,Celiprolol,1
Tolazoline,Pizotifen,1
Tolazoline,Droxidopa,1
Fenoldopam,Apraclonidine,1
Fenoldopam,Bromocriptine,1
Fenoldopam,Phenoxybenzamine,1
Fenoldopam,Carvedilol,1
Fenoldopam,Oxymetazoline,1
Fenoldopam,Rotigotine,1
Fenoldopam,Yohimbine,1
Fenoldopam,Metamfetamine,1
Fenoldopam,Quetiapine,1
Fenoldopam,Mianserin,1
Fenoldopam,Methotrimeprazine,1
Fenoldopam,Asenapine,1
Fenoldopam,Paliperidone,1
Fenoldopam,Racepinephrine,1
Fenoldopam,Dronedarone,1
Fenoldopam,Guanfacine,1
Fenoldopam,Xylometazoline,1
Fenoldopam,Aripiprazole lauroxil,1
Fenoldopam,Aripiprazole,1
Fenoldopam,Celiprolol,1
Fenoldopam,Pizotifen,1
Fenoldopam,Droxidopa,1
Catridecacog,Thrombin,2
Catridecacog,Prothrombin,1
Catridecacog,Zinc acetate,2
Catridecacog,Zinc,2
Catridecacog,Human thrombin,2
Catridecacog,Anti-inhibitor coagulant complex,1
Indapamide,Quinethazone,1
Indapamide,Trichlormethiazide,1
Indapamide,Polythiazide,1
Indapamide,Hydrochlorothiazide,1
Indapamide,Chlorothiazide,1
Ribavirin,Trichlormethiazide,1
Ribavirin,Diclofenamide,1
Ribavirin,Dorzolamide,1
Ribavirin,Acetazolamide,1
Ribavirin,Halothane,1
Ribavirin,Vardenafil,1
Ribavirin,Tadalafil,1
Ribavirin,Copper,1
Ribavirin,Fostamatinib,1
Ribavirin,Voretigene neparvovec,2
Ribavirin,Palmitic Acid,1
Ribavirin,Manganese,1
Ribavirin,Hyaluronic acid,1
Ribavirin,Brinzolamide,1
Ribavirin,Xanthinol,1
Ribavirin,Sodium carbonate,1
Ribavirin,Zonisamide,1
Ribavirin,Mycophenolic acid,2
Ribavirin,Dequalinium,1
Phenylbutazone,Glycol salicylate,1
Phenylbutazone,Oxaprozin,1
Phenylbutazone,Loxoprofen,1
Phenylbutazone,Lumiracoxib,1
Phenylbutazone,Dexketoprofen,1
Phenylbutazone,Phenyl salicylate,1
Phenylbutazone,Suprofen,1
Phenylbutazone,Ketoprofen,1
Phenylbutazone,Ibuprofen,1
Phenylbutazone,Lornoxicam,1
Phenylbutazone,Tiaprofenic acid,1
Phenylbutazone,Dexibuprofen,1
Phenylbutazone,Trolamine salicylate,1
Phenylbutazone,Diflunisal,1
Phenylbutazone,Metamizole,1
Phenylbutazone,Antipyrine,1
Phenylbutazone,Balsalazide,1
Phenylbutazone,Cannabidiol,1
Phenylbutazone,Bendazac,1
Phenylbutazone,Acemetacin,1
Phenylbutazone,Salsalate,1
Phenylbutazone,Meloxicam,1
Phenylbutazone,Choline magnesium trisalicylate,1
Phenylbutazone,Tolfenamic acid,1
Phenylbutazone,Acetylsalicylic acid,1
Phenylbutazone,Carprofen,1
Phenylbutazone,Flufenamic acid,1
Phenylbutazone,Meclofenamic acid,1
Phenylbutazone,Bromfenac,1
Phenylbutazone,Antrafenine,1
Phenylbutazone,Salicylic acid,1
Phenylbutazone,Aceclofenac,1
Phenylbutazone,Nepafenac,1
Phenylbutazone,Menthyl salicylate,1
Phenylbutazone,Bufexamac,1
Phenylbutazone,Triflusal,1
Meloxicam,Glycol salicylate,1
Meloxicam,Oxaprozin,1
Meloxicam,Loxoprofen,1
Meloxicam,Lumiracoxib,1
Meloxicam,Dexketoprofen,1
Meloxicam,Phenyl salicylate,1
Meloxicam,Suprofen,1
Meloxicam,Ketoprofen,1
Meloxicam,Ibuprofen,1
Meloxicam,Lornoxicam,1
Meloxicam,Tiaprofenic acid,1
Meloxicam,Dexibuprofen,1
Meloxicam,Trolamine salicylate,1
Meloxicam,Diflunisal,1
Meloxicam,Metamizole,1
Meloxicam,Antipyrine,1
Meloxicam,Balsalazide,1
Meloxicam,Cannabidiol,1
Meloxicam,Bendazac,1
Meloxicam,Acemetacin,1
Meloxicam,Salsalate,1
Meloxicam,Choline magnesium trisalicylate,1
Meloxicam,Tolfenamic acid,1
Meloxicam,Acetylsalicylic acid,1
Meloxicam,Carprofen,1
Meloxicam,Flufenamic acid,1
Meloxicam,Meclofenamic acid,1
Meloxicam,Bromfenac,1
Meloxicam,Antrafenine,1
Meloxicam,Salicylic acid,1
Meloxicam,Aceclofenac,1
Meloxicam,Nepafenac,1
Meloxicam,Menthyl salicylate,1
Meloxicam,Bufexamac,1
Meloxicam,Triflusal,1
Propofol,Ginkgo biloba,1
Propofol,Ouabain,1
Propofol,Fospropofol,1
Propofol,Amylmetacresol,1
Propofol,Ethanol,1
Propofol,Zonisamide,1
Propofol,Metergoline,1
Acetazolamide,Trichlormethiazide,2
Acetazolamide,Diclofenamide,2
Acetazolamide,Halothane,2
Acetazolamide,Vardenafil,1
Acetazolamide,Chlorothiazide,1
Acetazolamide,Tadalafil,1
Acetazolamide,Quinethazone,1
Acetazolamide,Manganese,1
Acetazolamide,Brinzolamide,2
Acetazolamide,Sodium carbonate,2
Acetazolamide,Zonisamide,2
Acetazolamide,Sodium sulfate,1
Acetazolamide,Mycophenolic acid,1
Acetazolamide,Dorzolamide,2
Acetazolamide,Ethinamate,1
Acetazolamide,Sulthiame,1
Acetazolamide,Copper,1
Acetazolamide,Fostamatinib,2
Acetazolamide,Palmitic Acid,1
Acetazolamide,Voretigene neparvovec,1
Acetazolamide,Hyaluronic acid,1
Acetazolamide,Xanthinol,1
Acetazolamide,Urea,1
Acetazolamide,Diazoxide,1
Acetazolamide,Dequalinium,1
Tadalafil,Trichlormethiazide,1
Tadalafil,Diclofenamide,1
Tadalafil,Dorzolamide,1
Tadalafil,Halothane,1
Tadalafil,Vardenafil,1
Tadalafil,Copper,1
Tadalafil,Fostamatinib,1
Tadalafil,Voretigene neparvovec,1
Tadalafil,Palmitic Acid,1
Tadalafil,Manganese,1
Tadalafil,Hyaluronic acid,1
Tadalafil,Brinzolamide,1
Tadalafil,Xanthinol,1
Tadalafil,Sodium carbonate,1
Tadalafil,Zonisamide,1
Tadalafil,Mycophenolic acid,1
Tadalafil,Dequalinium,1
Carprofen,Glycol salicylate,1
Carprofen,Oxaprozin,1
Carprofen,Loxoprofen,1
Carprofen,Lumiracoxib,1
Carprofen,Dexketoprofen,1
Carprofen,Phenyl salicylate,1
Carprofen,Suprofen,1
Carprofen,Ketoprofen,1
Carprofen,Ibuprofen,1
Carprofen,Lornoxicam,1
Carprofen,Tiaprofenic acid,1
Carprofen,Dexibuprofen,1
Carprofen,Trolamine salicylate,1
Carprofen,Diflunisal,1
Carprofen,Metamizole,1
Carprofen,Antipyrine,1
Carprofen,Balsalazide,1
Carprofen,Cannabidiol,1
Carprofen,Bendazac,1
Carprofen,Acemetacin,1
Carprofen,Salsalate,1
Carprofen,Choline magnesium trisalicylate,1
Carprofen,Tolfenamic acid,1
Carprofen,Acetylsalicylic acid,1
Carprofen,Flufenamic acid,1
Carprofen,Meclofenamic acid,1
Carprofen,Bromfenac,1
Carprofen,Antrafenine,1
Carprofen,Salicylic acid,1
Carprofen,Aceclofenac,1
Carprofen,Nepafenac,1
Carprofen,Menthyl salicylate,1
Carprofen,Bufexamac,1
Carprofen,Triflusal,1
Disulfiram,Dopamine,1
Trifluoperazine,Promethazine,3
Trifluoperazine,Felodipine,6
Trifluoperazine,Perphenazine,3
Trifluoperazine,Calcium Phosphate,3
Trifluoperazine,Phenoxybenzamine,3
Trifluoperazine,Melatonin,3
Trifluoperazine,Artenimol,1
Trifluoperazine,Calcium phosphate dihydrate,3
Trifluoperazine,Calcium levulinate,3
Trifluoperazine,Levamlodipine,1
Trifluoperazine,Nitrendipine,1
Trifluoperazine,Nilvadipine,1
Trifluoperazine,Nifedipine,4
Trifluoperazine,Levosimendan,3
Trifluoperazine,Calcium citrate,3
Trifluoperazine,Isavuconazole,1
Trifluoperazine,Prenylamine,3
Trifluoperazine,Mavacamten,1
Trifluoperazine,Dronedarone,1
Trifluoperazine,Loperamide,3
Trifluoperazine,Clevidipine,1
Trifluoperazine,Etidronic acid,1
Trifluoperazine,Propiverine,1
Trifluoperazine,Flunarizine,3
Trifluoperazine,Ethanol,1
Trifluoperazine,Pimozide,3
Trifluoperazine,Dequalinium,3
Trifluoperazine,Bepridil,6
Mifepristone,Loteprednol etabonate,1
Mifepristone,Fluticasone furoate,1
Mifepristone,Prednicarbate,1
Mifepristone,Prednisolone,1
Mifepristone,Ulipristal,1
Mifepristone,Fluoxymesterone,1
Mifepristone,Hydrocortisone acetate,1
Mifepristone,Ciclesonide,1
Mifepristone,Mometasone furoate,1
Mifepristone,Clobetasol propionate,1
Mifepristone,Difluprednate,1
Mifepristone,Hydrocortisone phosphate,1
Mifepristone,Gestrinone,1
Mifepristone,Desonide,1
Mifepristone,Betamethasone phosphate,1
Mifepristone,Segesterone acetate,1
Mifepristone,Clocortolone,1
Mifepristone,Hydrocortisone cypionate,1
Mifepristone,Hydrocortisone probutate,1
Mifepristone,Flurandrenolide,1
Mifepristone,Clobetasone,1
Mifepristone,Hydrocortisone valerate,1
Mifepristone,Prednisolone phosphate,1
Mifepristone,Methylprednisolone,1
Mifepristone,Cortisone acetate,1
Mifepristone,Drospirenone,1
Mifepristone,Dexamethasone,1
Mifepristone,Hydrocortisone butyrate,1
Mifepristone,Prednisolone acetate,1
Mifepristone,Dexamethasone acetate,1
Mifepristone,Difluocortolone,1
Mifepristone,Fluocinonide,1
Mifepristone,Budesonide,1
Mifepristone,Deflazacort,1
Mifepristone,Fluticasone,1
Mifepristone,Tixocortol,1
Mifepristone,Rimexolone,1
Loperamide,Terazosin,3
Loperamide,Procainamide,3
Loperamide,Doxepin,3
Loperamide,Felodipine,4
Loperamide,Vernakalant,3
Loperamide,Thiamylal,1
Loperamide,Melatonin,3
Loperamide,Acetylcysteine,1
Loperamide,Artenimol,1
Loperamide,Ziconotide,3
Loperamide,Halothane,1
Loperamide,Calcium phosphate dihydrate,3
Loperamide,Memantine,1
Loperamide,Nitrendipine,1
Loperamide,Ouabain,1
Loperamide,Orphenadrine,1
Loperamide,Everolimus,1
Loperamide,Gabapentin enacarbil,1
Loperamide,Calcium citrate,3
Loperamide,Isavuconazole,3
Loperamide,Quinidine,3
Loperamide,Sirolimus,1
Loperamide,Dalfampridine,1
Loperamide,Pitolisant,3
Loperamide,Dronedarone,3
Loperamide,Quinidine barbiturate,1
Loperamide,Propanoic acid,1
Loperamide,Halofantrine,3
Loperamide,Methoxyflurane,1
Loperamide,Pentoxyverine,3
Loperamide,Fostamatinib,1
Loperamide,Propafenone,3
Loperamide,Nefazodone,3
Loperamide,Ethanol,1
Loperamide,D-Serine,1
Loperamide,Ketoconazole,3
Loperamide,Methyprylon,1
Loperamide,Esketamine,1
Loperamide,Dequalinium,3
Loperamide,Promethazine,3
Loperamide,Perphenazine,3
Loperamide,Chlorobutanol,3
Loperamide,Calcium Phosphate,3
Loperamide,Phenoxybenzamine,3
Loperamide,Carvedilol,3
Loperamide,Calcium levulinate,3
Loperamide,Flecainide,3
Loperamide,Nifedipine,3
Loperamide,Gabapentin,1
Loperamide,Zopiclone,1
Loperamide,Prenylamine,3
Loperamide,Potassium nitrate,3
Loperamide,Methylphenobarbital,1
Loperamide,Phenobarbital,1
Loperamide,Zaleplon,1
Loperamide,Taurine,1
Loperamide,Clarithromycin,3
Loperamide,Ginkgo biloba,1
Loperamide,Felbamate,1
Loperamide,Butobarbital,1
Loperamide,Sertindole,3
Loperamide,Carboxymethylcellulose,1
Loperamide,Flumazenil,1
Loperamide,Glutethimide,1
Loperamide,Lumateperone,1
Loperamide,Amobarbital,1
Loperamide,Flunarizine,3
Loperamide,Perhexiline,3
Loperamide,Bioallethrin,3
Loperamide,Polyethylene glycol 400,1
Loperamide,Pimozide,6
Loperamide,Temsirolimus,1
Loperamide,Bepridil,9
Clocortolone,Loteprednol etabonate,1
Clocortolone,Fluticasone furoate,1
Clocortolone,Prednicarbate,1
Clocortolone,Prednisolone,1
Clocortolone,Ulipristal,1
Clocortolone,Fluoxymesterone,1
Clocortolone,Hydrocortisone acetate,1
Clocortolone,Ciclesonide,1
Clocortolone,Mometasone furoate,1
Clocortolone,Clobetasol propionate,1
Clocortolone,Difluprednate,1
Clocortolone,Hydrocortisone phosphate,1
Clocortolone,Gestrinone,1
Clocortolone,Desonide,1
Clocortolone,Betamethasone phosphate,1
Clocortolone,Segesterone acetate,1
Clocortolone,Hydrocortisone cypionate,1
Clocortolone,Hydrocortisone probutate,1
Clocortolone,Flurandrenolide,1
Clocortolone,Clobetasone,1
Clocortolone,Hydrocortisone valerate,1
Clocortolone,Prednisolone phosphate,1
Clocortolone,Methylprednisolone,1
Clocortolone,Cortisone acetate,1
Clocortolone,Drospirenone,1
Clocortolone,Dexamethasone,1
Clocortolone,Hydrocortisone butyrate,1
Clocortolone,Prednisolone acetate,1
Clocortolone,Dexamethasone acetate,1
Clocortolone,Difluocortolone,1
Clocortolone,Fluocinonide,1
Clocortolone,Budesonide,1
Clocortolone,Deflazacort,1
Clocortolone,Fluticasone,1
Clocortolone,Tixocortol,1
Clocortolone,Rimexolone,1
Flurandrenolide,Loteprednol etabonate,1
Flurandrenolide,Fluticasone furoate,1
Flurandrenolide,Prednicarbate,1
Flurandrenolide,Prednisolone,1
Flurandrenolide,Ulipristal,1
Flurandrenolide,Fluoxymesterone,1
Flurandrenolide,Hydrocortisone acetate,1
Flurandrenolide,Ciclesonide,1
Flurandrenolide,Mometasone furoate,1
Flurandrenolide,Clobetasol propionate,1
Flurandrenolide,Difluprednate,1
Flurandrenolide,Hydrocortisone phosphate,1
Flurandrenolide,Gestrinone,1
Flurandrenolide,Desonide,1
Flurandrenolide,Betamethasone phosphate,1
Flurandrenolide,Segesterone acetate,1
Flurandrenolide,Hydrocortisone cypionate,1
Flurandrenolide,Hydrocortisone probutate,1
Flurandrenolide,Clobetasone,1
Flurandrenolide,Hydrocortisone valerate,1
Flurandrenolide,Prednisolone phosphate,1
Flurandrenolide,Methylprednisolone,1
Flurandrenolide,Cortisone acetate,1
Flurandrenolide,Drospirenone,1
Flurandrenolide,Dexamethasone,1
Flurandrenolide,Hydrocortisone butyrate,1
Flurandrenolide,Prednisolone acetate,1
Flurandrenolide,Dexamethasone acetate,1
Flurandrenolide,Difluocortolone,1
Flurandrenolide,Fluocinonide,1
Flurandrenolide,Budesonide,1
Flurandrenolide,Deflazacort,1
Flurandrenolide,Fluticasone,1
Flurandrenolide,Tixocortol,1
Flurandrenolide,Rimexolone,1
Levamisole,Levacetylmethadol,2
Levamisole,Pentolinium,2
Levamisole,Varenicline,2
Levamisole,Amantadine,2
Levamisole,Bupropion,2
Levamisole,Ethanol,2
Methylphenobarbital,Levetiracetam,1
Methylphenobarbital,Zinc acetate,1
Methylphenobarbital,Felodipine,1
Methylphenobarbital,Insulin detemir,1
Methylphenobarbital,Azathioprine,1
Methylphenobarbital,Halothane,2
Methylphenobarbital,Artenimol,1
Methylphenobarbital,Ziconotide,2
Methylphenobarbital,Acetylcysteine,1
Methylphenobarbital,Thiamylal,1
Methylphenobarbital,Vigabatrin,1
Methylphenobarbital,Flavin mononucleotide,1
Methylphenobarbital,Memantine,1
Methylphenobarbital,Nitrendipine,1
Methylphenobarbital,Sevoflurane,1
Methylphenobarbital,Eflornithine,1
Methylphenobarbital,Brigatinib,1
Methylphenobarbital,Orphenadrine,1
Methylphenobarbital,Everolimus,1
Methylphenobarbital,Gabapentin enacarbil,1
Methylphenobarbital,Sirolimus,1
Methylphenobarbital,Dalfampridine,1
Methylphenobarbital,Quinidine barbiturate,4
Methylphenobarbital,Propanoic acid,1
Methylphenobarbital,Zinc chloride,1
Methylphenobarbital,Insulin beef,1
Methylphenobarbital,Methoxyflurane,2
Methylphenobarbital,Fostamatinib,2
Methylphenobarbital,Fluciclovine (18F),2
Methylphenobarbital,Ethanol,4
Methylphenobarbital,D-Serine,2
Methylphenobarbital,Nandrolone decanoate,1
Methylphenobarbital,Esketamine,1
Methylphenobarbital,Methyprylon,1
Methylphenobarbital,Desflurane,1
Methylphenobarbital,Insulin aspart,1
Methylphenobarbital,Insulin degludec,1
Methylphenobarbital,Somatrem,1
Methylphenobarbital,Gabapentin,1
Methylphenobarbital,Zinc,1
Methylphenobarbital,Zopiclone,2
Methylphenobarbital,Cannabidiol,1
Methylphenobarbital,Phenobarbital,4
Methylphenobarbital,Zaleplon,1
Methylphenobarbital,Taurine,2
Methylphenobarbital,Ginkgo biloba,2
Methylphenobarbital,Felbamate,1
Methylphenobarbital,Mecasermin rinfabate,1
Methylphenobarbital,Mecasermin,1
Methylphenobarbital,Butobarbital,5
Methylphenobarbital,Copper,1
Methylphenobarbital,Carboxymethylcellulose,2
Methylphenobarbital,"Zinc sulfate, unspecified form",1
Methylphenobarbital,Flumazenil,2
Methylphenobarbital,Glutethimide,1
Methylphenobarbital,Teprotumumab,1
Methylphenobarbital,Lumateperone,1
Methylphenobarbital,Amobarbital,5
Methylphenobarbital,Bioallethrin,1
Methylphenobarbital,Temsirolimus,1
Methylphenobarbital,Bepridil,2
Perphenazine,Promethazine,3
Perphenazine,Felodipine,3
Perphenazine,Calcium Phosphate,3
Perphenazine,Phenoxybenzamine,3
Perphenazine,Melatonin,3
Perphenazine,Calcium phosphate dihydrate,3
Perphenazine,Calcium levulinate,3
Perphenazine,Nifedipine,3
Perphenazine,Calcium citrate,3
Perphenazine,Flunarizine,3
Perphenazine,Prenylamine,3
Perphenazine,Pimozide,3
Perphenazine,Dequalinium,3
Perphenazine,Bepridil,3
Pseudoephedrine,Triflusal,1
Prednisolone,Loteprednol etabonate,1
Prednisolone,Fluticasone furoate,1
Prednisolone,Prednicarbate,1
Prednisolone,Ulipristal,1
Prednisolone,Fluoxymesterone,1
Prednisolone,Hydrocortisone acetate,1
Prednisolone,Ciclesonide,1
Prednisolone,Mometasone furoate,1
Prednisolone,Clobetasol propionate,1
Prednisolone,Difluprednate,1
Prednisolone,Hydrocortisone phosphate,1
Prednisolone,Gestrinone,1
Prednisolone,Desonide,1
Prednisolone,Betamethasone phosphate,1
Prednisolone,Segesterone acetate,1
Prednisolone,Hydrocortisone cypionate,1
Prednisolone,Hydrocortisone probutate,1
Prednisolone,Clobetasone,1
Prednisolone,Hydrocortisone valerate,1
Prednisolone,Prednisolone phosphate,1
Prednisolone,Methylprednisolone,1
Prednisolone,Cortisone acetate,1
Prednisolone,Drospirenone,1
Prednisolone,Dexamethasone,1
Prednisolone,Hydrocortisone butyrate,1
Prednisolone,Prednisolone acetate,1
Prednisolone,Dexamethasone acetate,1
Prednisolone,Difluocortolone,1
Prednisolone,Fluocinonide,1
Prednisolone,Budesonide,1
Prednisolone,Deflazacort,1
Prednisolone,Fluticasone,1
Prednisolone,Tixocortol,1
Prednisolone,Rimexolone,1
Diflunisal,Glycol salicylate,1
Diflunisal,Oxaprozin,1
Diflunisal,Loxoprofen,1
Diflunisal,Lumiracoxib,1
Diflunisal,Dexketoprofen,1
Diflunisal,Phenyl salicylate,1
Diflunisal,Suprofen,1
Diflunisal,Ketoprofen,1
Diflunisal,Ibuprofen,1
Diflunisal,Lornoxicam,1
Diflunisal,Tiaprofenic acid,1
Diflunisal,Dexibuprofen,1
Diflunisal,Trolamine salicylate,1
Diflunisal,Metamizole,1
Diflunisal,Antipyrine,1
Diflunisal,Balsalazide,1
Diflunisal,Cannabidiol,1
Diflunisal,Bendazac,1
Diflunisal,Acemetacin,1
Diflunisal,Salsalate,1
Diflunisal,Choline magnesium trisalicylate,1
Diflunisal,Tolfenamic acid,1
Diflunisal,Acetylsalicylic acid,1
Diflunisal,Flufenamic acid,1
Diflunisal,Meclofenamic acid,1
Diflunisal,Bromfenac,1
Diflunisal,Antrafenine,1
Diflunisal,Salicylic acid,1
Diflunisal,Aceclofenac,1
Diflunisal,Nepafenac,1
Diflunisal,Menthyl salicylate,1
Diflunisal,Bufexamac,1
Diflunisal,Triflusal,1
Vardenafil,Trichlormethiazide,1
Vardenafil,Diclofenamide,1
Vardenafil,Dorzolamide,1
Vardenafil,Halothane,1
Vardenafil,Copper,1
Vardenafil,Voretigene neparvovec,1
Vardenafil,Fostamatinib,1
Vardenafil,Palmitic Acid,1
Vardenafil,Manganese,1
Vardenafil,Hyaluronic acid,1
Vardenafil,Brinzolamide,1
Vardenafil,Xanthinol,1
Vardenafil,Sodium carbonate,1
Vardenafil,Zonisamide,1
Vardenafil,Mycophenolic acid,1
Vardenafil,Dequalinium,1
Ritodrine,Fostamatinib,3
Ritodrine,Foreskin fibroblast (neonatal),1
Ritodrine,Foreskin keratinocyte (neonatal),1
Benzonatate,Quinidine barbiturate,4
Benzonatate,Procainamide,4
Benzonatate,Vernakalant,4
Benzonatate,Ajmaline,4
Benzonatate,Tocainide,4
Benzonatate,Propafenone,4
Benzonatate,Flecainide,4
Benzonatate,Encainide,4
Benzonatate,Fosphenytoin,4
Benzonatate,Isavuconazole,4
Benzonatate,Quinidine,4
Benzonatate,Zonisamide,4
Benzonatate,Dronedarone,4
Benzonatate,Bepridil,1
Dorzolamide,Trichlormethiazide,2
Dorzolamide,Diclofenamide,2
Dorzolamide,Halothane,1
Dorzolamide,Chlorothiazide,1
Dorzolamide,Quinethazone,1
Dorzolamide,Manganese,1
Dorzolamide,Brinzolamide,2
Dorzolamide,Sodium carbonate,2
Dorzolamide,Zonisamide,2
Dorzolamide,Sodium sulfate,1
Dorzolamide,Mycophenolic acid,1
Dorzolamide,Ethinamate,1
Dorzolamide,Sulthiame,1
Dorzolamide,Copper,1
Dorzolamide,Fostamatinib,1
Dorzolamide,Palmitic Acid,1
Dorzolamide,Voretigene neparvovec,1
Dorzolamide,Hyaluronic acid,1
Dorzolamide,Xanthinol,1
Dorzolamide,Urea,1
Dorzolamide,Diazoxide,1
Dorzolamide,Dequalinium,1
Suprofen,Glycol salicylate,1
Suprofen,Oxaprozin,1
Suprofen,Loxoprofen,1
Suprofen,Lumiracoxib,1
Suprofen,Dexketoprofen,1
Suprofen,Phenyl salicylate,1
Suprofen,Ketoprofen,1
Suprofen,Ibuprofen,1
Suprofen,Lornoxicam,1
Suprofen,Tiaprofenic acid,1
Suprofen,Dexibuprofen,1
Suprofen,Trolamine salicylate,1
Suprofen,Metamizole,1
Suprofen,Antipyrine,1
Suprofen,Balsalazide,1
Suprofen,Cannabidiol,1
Suprofen,Bendazac,1
Suprofen,Acemetacin,1
Suprofen,Salsalate,1
Suprofen,Choline magnesium trisalicylate,1
Suprofen,Tolfenamic acid,1
Suprofen,Acetylsalicylic acid,1
Suprofen,Flufenamic acid,1
Suprofen,Meclofenamic acid,1
Suprofen,Bromfenac,1
Suprofen,Antrafenine,1
Suprofen,Salicylic acid,1
Suprofen,Aceclofenac,1
Suprofen,Nepafenac,1
Suprofen,Menthyl salicylate,1
Suprofen,Bufexamac,1
Suprofen,Triflusal,1
Conivaptan,Lypressin,3
Conivaptan,Terlipressin,3
Conivaptan,Atosiban,3
Conivaptan,Tolvaptan,3
Loteprednol etabonate,Fluticasone furoate,1
Loteprednol etabonate,Prednicarbate,1
Loteprednol etabonate,Ulipristal,1
Loteprednol etabonate,Fluoxymesterone,1
Loteprednol etabonate,Hydrocortisone acetate,1
Loteprednol etabonate,Ciclesonide,1
Loteprednol etabonate,Mometasone furoate,1
Loteprednol etabonate,Clobetasol propionate,1
Loteprednol etabonate,Difluprednate,1
Loteprednol etabonate,Hydrocortisone phosphate,1
Loteprednol etabonate,Gestrinone,1
Loteprednol etabonate,Desonide,1
Loteprednol etabonate,Betamethasone phosphate,1
Loteprednol etabonate,Segesterone acetate,1
Loteprednol etabonate,Hydrocortisone cypionate,1
Loteprednol etabonate,Hydrocortisone probutate,1
Loteprednol etabonate,Clobetasone,1
Loteprednol etabonate,Hydrocortisone valerate,1
Loteprednol etabonate,Prednisolone phosphate,1
Loteprednol etabonate,Methylprednisolone,1
Loteprednol etabonate,Cortisone acetate,1
Loteprednol etabonate,Drospirenone,1
Loteprednol etabonate,Dexamethasone,1
Loteprednol etabonate,Hydrocortisone butyrate,1
Loteprednol etabonate,Prednisolone acetate,1
Loteprednol etabonate,Dexamethasone acetate,1
Loteprednol etabonate,Difluocortolone,1
Loteprednol etabonate,Fluocinonide,1
Loteprednol etabonate,Budesonide,1
Loteprednol etabonate,Deflazacort,1
Loteprednol etabonate,Fluticasone,1
Loteprednol etabonate,Tixocortol,1
Loteprednol etabonate,Rimexolone,1
Sirolimus,Thiamylal,1
Sirolimus,Artenimol,1
Sirolimus,Halothane,1
Sirolimus,Acetylcysteine,1
Sirolimus,Ziconotide,1
Sirolimus,Memantine,1
Sirolimus,Everolimus,3
Sirolimus,Orphenadrine,1
Sirolimus,Zopiclone,1
Sirolimus,Dalfampridine,1
Sirolimus,Phenobarbital,1
Sirolimus,Zaleplon,1
Sirolimus,Taurine,1
Sirolimus,Quinidine barbiturate,1
Sirolimus,Propanoic acid,1
Sirolimus,Ginkgo biloba,1
Sirolimus,Felbamate,1
Sirolimus,Butobarbital,1
Sirolimus,Methoxyflurane,1
Sirolimus,Carboxymethylcellulose,1
Sirolimus,Fostamatinib,3
Sirolimus,Flumazenil,1
Sirolimus,Glutethimide,1
Sirolimus,Lumateperone,1
Sirolimus,D-Serine,1
Sirolimus,Amobarbital,1
Sirolimus,Bioallethrin,1
Sirolimus,Ethanol,1
Sirolimus,Esketamine,1
Sirolimus,Methyprylon,1
Sirolimus,Temsirolimus,3
Sirolimus,Bepridil,1
Chlorothiazide,Trichlormethiazide,2
Chlorothiazide,Diclofenamide,1
Chlorothiazide,Ethinamate,1
Chlorothiazide,Sulthiame,1
Chlorothiazide,Quinethazone,2
Chlorothiazide,Polythiazide,1
Chlorothiazide,Brinzolamide,1
Chlorothiazide,Hydrochlorothiazide,1
Chlorothiazide,Urea,1
Chlorothiazide,Diazoxide,1
Chlorothiazide,Sodium carbonate,1
Chlorothiazide,Zonisamide,1
Chlorothiazide,Sodium sulfate,1
Quinapril,Cilazapril,2
Quinapril,Captopril,2
Quinapril,Spirapril,2
Quinapril,Rescinnamine,2
Quinapril,Zofenopril,2
Quinapril,Enalaprilat,2
Bumetanide,Tezacaftor,4
Bumetanide,Duvelisib,1
Bumetanide,Ivacaftor,4
Bumetanide,Fostamatinib,1
Bumetanide,Sulfinpyrazone,1
Bumetanide,Quinethazone,1
Bumetanide,Piretanide,1
Bumetanide,Ibuprofen,4
Bumetanide,Umbralisib,1
Bumetanide,Dexibuprofen,4
Bumetanide,Aprotinin,1
Bumetanide,Crofelemer,4
Bumetanide,Copanlisib,1
Bumetanide,Glyburide,4
Bumetanide,Etacrynic acid,1
Bumetanide,Lumacaftor,4
Bumetanide,Elexacaftor,4
Bumetanide,Idelalisib,1
Iron Dextran,Zinc acetate,11
Iron Dextran,Voxelotor,9
Iron Dextran,Regorafenib,1
Iron Dextran,Selpercatinib,1
Iron Dextran,Peginesatide,1
Iron Dextran,Ferrous ascorbate,10
Iron Dextran,Lenvatinib,1
Iron Dextran,Ferrous sulfate anhydrous,9
Iron Dextran,Pazopanib,1
Iron Dextran,Sodium ferric gluconate complex,11
Iron Dextran,Zinc,11
Iron Dextran,Ferric derisomaltose,9
Iron Dextran,Pentaerythritol tetranitrate,11
Iron Dextran,Ferrous succinate,10
Iron Dextran,Nintedanib,1
Iron Dextran,Zinc chloride,11
Iron Dextran,Nitrous acid,11
Iron Dextran,Sunitinib,1
Iron Dextran,Copper,11
Iron Dextran,"Zinc sulfate, unspecified form",11
Iron Dextran,Axitinib,1
Iron Dextran,Fostamatinib,1
Iron Dextran,Ferric pyrophosphate citrate,12
Iron Dextran,Iron,10
Iron Dextran,Acetylsalicylic acid,1
Iron Dextran,Methoxy polyethylene glycol-epoetin beta,1
Iron Dextran,Ferrous fumarate,10
Iron Dextran,Tivozanib,1
Iron Dextran,Ferrous gluconate,10
Iron Dextran,Ferrous glycine sulfate,10
Rimexolone,Fluticasone furoate,1
Rimexolone,Prednicarbate,1
Rimexolone,Ulipristal,1
Rimexolone,Fluoxymesterone,1
Rimexolone,Hydrocortisone acetate,1
Rimexolone,Ciclesonide,1
Rimexolone,Mometasone furoate,1
Rimexolone,Clobetasol propionate,1
Rimexolone,Difluprednate,1
Rimexolone,Hydrocortisone phosphate,1
Rimexolone,Gestrinone,1
Rimexolone,Desonide,1
Rimexolone,Betamethasone phosphate,1
Rimexolone,Segesterone acetate,1
Rimexolone,Hydrocortisone cypionate,1
Rimexolone,Hydrocortisone probutate,1
Rimexolone,Clobetasone,1
Rimexolone,Hydrocortisone valerate,1
Rimexolone,Prednisolone phosphate,1
Rimexolone,Methylprednisolone,1
Rimexolone,Cortisone acetate,1
Rimexolone,Drospirenone,1
Rimexolone,Dexamethasone,1
Rimexolone,Hydrocortisone butyrate,1
Rimexolone,Prednisolone acetate,1
Rimexolone,Dexamethasone acetate,1
Rimexolone,Difluocortolone,1
Rimexolone,Fluocinonide,1
Rimexolone,Budesonide,1
Rimexolone,Deflazacort,1
Rimexolone,Fluticasone,1
Rimexolone,Tixocortol,1
Ethanol,Levetiracetam,1
Ethanol,Acetylcysteine,1
Ethanol,Vigabatrin,1
Ethanol,Temsirolimus,1
Ethanol,Flavin mononucleotide,1
Ethanol,Memantine,1
Ethanol,Levosimendan,1
Ethanol,Brigatinib,1
Ethanol,Orphenadrine,1
Ethanol,Everolimus,1
Ethanol,Amantadine,2
Ethanol,Dalfampridine,1
Ethanol,Quinidine barbiturate,4
Ethanol,Propanoic acid,1
Ethanol,Zinc chloride,1
Ethanol,Insulin beef,1
Ethanol,Fostamatinib,2
Ethanol,Levacetylmethadol,2
Ethanol,D-Serine,2
Ethanol,Nandrolone decanoate,1
Ethanol,Esketamine,1
Ethanol,Methyprylon,1
Ethanol,Fospropofol,1
Ethanol,Insulin degludec,1
Ethanol,Somatrem,1
Ethanol,Nilvadipine,5
Ethanol,Nifedipine,5
Ethanol,Zinc,1
Ethanol,Zopiclone,2
Ethanol,Phenobarbital,3
Ethanol,Taurine,2
Ethanol,Mecasermin,1
Ethanol,Copper,1
Ethanol,Propiverine,4
Ethanol,Flumazenil,2
Ethanol,Glutethimide,1
Ethanol,Lumateperone,1
Ethanol,Varenicline,2
Ethanol,Bioallethrin,1
Ethanol,Bepridil,3
Ethanol,Zinc acetate,1
Ethanol,Felodipine,6
Ethanol,Insulin detemir,1
Ethanol,Azathioprine,1
Ethanol,Halothane,2
Ethanol,Artenimol,2
Ethanol,Ziconotide,2
Ethanol,Thiamylal,1
Ethanol,Levamlodipine,5
Ethanol,Nitrendipine,6
Ethanol,Sevoflurane,1
Ethanol,Eflornithine,1
Ethanol,Pentolinium,2
Ethanol,Gabapentin enacarbil,1
Ethanol,Isavuconazole,4
Ethanol,Mavacamten,1
Ethanol,Dronedarone,5
Ethanol,Clevidipine,5
Ethanol,Etidronic acid,1
Ethanol,Methoxyflurane,2
Ethanol,Fluciclovine (18F),3
Ethanol,Bupropion,2
Ethanol,Desflurane,1
Ethanol,Insulin aspart,1
Ethanol,Gabapentin,1
Ethanol,Cannabidiol,1
Ethanol,Lithium carbonate,1
Ethanol,Zaleplon,1
Ethanol,gamma-Hydroxybutyric acid,1
Ethanol,Ginkgo biloba,3
Ethanol,Felbamate,1
Ethanol,Mecasermin rinfabate,1
Ethanol,Butobarbital,4
Ethanol,Carboxymethylcellulose,2
Ethanol,"Zinc sulfate, unspecified form",1
Ethanol,Teprotumumab,1
Ethanol,Lithium citrate,1
Ethanol,Amobarbital,4
Didanosine,Arsenic trioxide,1
Didanosine,Nintedanib,1
Didanosine,Duvelisib,1
Didanosine,Tremelimumab,1
Didanosine,Abatacept,1
Didanosine,Acetylcysteine,1
Didanosine,Dasatinib,1
Didanosine,Fostamatinib,1
Didanosine,Acetylsalicylic acid,1
Didanosine,Pazopanib,1
Didanosine,Umbralisib,1
Didanosine,Zanubrutinib,1
Didanosine,Copanlisib,1
Didanosine,Auranofin,1
Didanosine,Ponatinib,1
Didanosine,Ipilimumab,1
Didanosine,Idelalisib,1
Etacrynic acid,Trichlormethiazide,1
Etacrynic acid,Magnesium acetate,1
Etacrynic acid,Digitoxin,1
Etacrynic acid,Potassium,1
Etacrynic acid,Potassium acetate,1
Etacrynic acid,Aluminium,1
Etacrynic acid,Aluminum acetate,1
Etacrynic acid,Potassium cation,1
Etacrynic acid,Aluminium phosphate,1
Etacrynic acid,Potassium sulfate,1
Etacrynic acid,Deslanoside,1
Etacrynic acid,Quinethazone,1
Etacrynic acid,Piretanide,1
Etacrynic acid,Ouabain,1
Etacrynic acid,Diazoxide,1
Etacrynic acid,Almitrine,1
Etacrynic acid,Ciclopirox,1
Etacrynic acid,Magnesium cation,1
Etacrynic acid,Bretylium,1
Etacrynic acid,Bepridil,1
Quinidine,Procainamide,7
Quinidine,Doxepin,3
Quinidine,Vernakalant,7
Quinidine,Ajmaline,4
Quinidine,Chlorobutanol,3
Quinidine,Carvedilol,3
Quinidine,Flecainide,7
Quinidine,Encainide,4
Quinidine,Fosphenytoin,4
Quinidine,Isavuconazole,7
Quinidine,Zonisamide,4
Quinidine,Potassium nitrate,3
Quinidine,Dronedarone,7
Quinidine,Pitolisant,3
Quinidine,Quinidine barbiturate,4
Quinidine,Clarithromycin,3
Quinidine,Halofantrine,3
Quinidine,Tocainide,4
Quinidine,Sertindole,3
Quinidine,Pentoxyverine,3
Quinidine,Propafenone,7
Quinidine,Nefazodone,3
Quinidine,Perhexiline,3
Quinidine,Ketoconazole,3
Quinidine,Pimozide,3
Quinidine,Terazosin,3
Quinidine,Bepridil,4
Zonisamide,Trichlormethiazide,2
Zonisamide,Larotrectinib,1
Zonisamide,Erdafitinib,1
Zonisamide,Procainamide,4
Zonisamide,Vernakalant,4
Zonisamide,Halothane,1
Zonisamide,Manidipine,2
Zonisamide,Regorafenib,1
Zonisamide,Selpercatinib,1
Zonisamide,Quinethazone,1
Zonisamide,Infigratinib,1
Zonisamide,Ouabain,1
Zonisamide,Fosphenytoin,4
Zonisamide,Manganese,1
Zonisamide,Pazopanib,1
Zonisamide,Isavuconazole,4
Zonisamide,Mycophenolic acid,1
Zonisamide,Dronedarone,4
Zonisamide,Quinidine barbiturate,4
Zonisamide,Nintedanib,1
Zonisamide,Tocainide,4
Zonisamide,Entrectinib,1
Zonisamide,Fostamatinib,3
Zonisamide,Propafenone,4
Zonisamide,Xanthinol,1
Zonisamide,Diazoxide,1
Zonisamide,Pemigatinib,1
Zonisamide,Ponatinib,1
Zonisamide,Dequalinium,1
Zonisamide,Diclofenamide,2
Zonisamide,Ajmaline,4
Zonisamide,Futibatinib,1
Zonisamide,Lenvatinib,1
Zonisamide,Flecainide,4
Zonisamide,Pralsetinib,1
Zonisamide,Encainide,4
Zonisamide,Lacosamide,5
Zonisamide,Phenacemide,6
Zonisamide,Brinzolamide,3
Zonisamide,Cannabidiol,2
Zonisamide,Sodium carbonate,2
Zonisamide,Sodium sulfate,1
Zonisamide,Nitrazepam,6
Zonisamide,Ethinamate,1
Zonisamide,Permethrin,6
Zonisamide,Amylmetacresol,1
Zonisamide,Metergoline,1
Zonisamide,Sulthiame,1
Zonisamide,Copper,1
Zonisamide,Voretigene neparvovec,1
Zonisamide,Palmitic Acid,1
Zonisamide,Rufinamide,2
Zonisamide,Methsuximide,2
Zonisamide,Phenazopyridine,6
Zonisamide,Hyaluronic acid,1
Zonisamide,Flunarizine,2
Zonisamide,Urea,1
Zonisamide,Cenegermin,1
Zonisamide,Bepridil,1
Paricalcitol,Dihydrotachysterol,1
Paricalcitol,Alfacalcidol,1
Paricalcitol,Vitamin D,1
Paricalcitol,Doxercalciferol,1
Paricalcitol,Calcipotriol,1
Paricalcitol,Cholesterol,1
Paricalcitol,Curcumin,1
Repaglinide,Glymidine,1
Repaglinide,Zinc chloride,1
Repaglinide,Zinc acetate,1
Repaglinide,Gliclazide,1
Repaglinide,Thiamylal,1
Repaglinide,Tolbutamide,1
Repaglinide,"Zinc sulfate, unspecified form",1
Repaglinide,Levosimendan,1
Repaglinide,Glipizide,1
Repaglinide,Zinc,1
Repaglinide,Isavuconazole,1
Repaglinide,Diazoxide,1
Repaglinide,Gliquidone,1
Phenformin,Levosimendan,2
Phenformin,Thiamylal,2
Phenformin,Glyburide,1
Phenformin,Gliquidone,2
Phenformin,Nicorandil,1
Amantadine,Levacetylmethadol,2
Amantadine,Pentolinium,2
Amantadine,Varenicline,2
Amantadine,Bupropion,2
Levosimendan,Glymidine,1
Levosimendan,Felodipine,3
Levosimendan,Zinc acetate,3
Levosimendan,Cilostazol,1
Levosimendan,Thiamylal,9
Levosimendan,Artenimol,1
Levosimendan,Tolbutamide,1
Levosimendan,Levamlodipine,1
Levosimendan,Nitrendipine,1
Levosimendan,Amrinone,1
Levosimendan,Nilvadipine,1
Levosimendan,Aminophylline,1
Levosimendan,Nifedipine,1
Levosimendan,Glipizide,1
Levosimendan,Zinc,3
Levosimendan,Isavuconazole,8
Levosimendan,Mavacamten,1
Levosimendan,Lauric acid,2
Levosimendan,Nicorandil,1
Levosimendan,Dronedarone,1
Levosimendan,Clevidipine,1
Levosimendan,Zinc chloride,3
Levosimendan,Etidronic acid,1
Levosimendan,Enoximone,1
Levosimendan,Gliclazide,1
Levosimendan,Oxtriphylline,1
Levosimendan,"Zinc sulfate, unspecified form",3
Levosimendan,Propiverine,1
Levosimendan,Glyburide,1
Levosimendan,Diazoxide,7
Levosimendan,Gliquidone,3
Levosimendan,Polyethylene glycol 400,1
Levosimendan,Bepridil,3
Phenoxybenzamine,Promethazine,3
Phenoxybenzamine,Felodipine,3
Phenoxybenzamine,Apraclonidine,1
Phenoxybenzamine,Calcium Phosphate,3
Phenoxybenzamine,Bromocriptine,1
Phenoxybenzamine,Melatonin,3
Phenoxybenzamine,Oxymetazoline,1
Phenoxybenzamine,Calcium phosphate dihydrate,3
Phenoxybenzamine,Calcium levulinate,3
Phenoxybenzamine,Carvedilol,1
Phenoxybenzamine,Yohimbine,1
Phenoxybenzamine,Rotigotine,1
Phenoxybenzamine,Quetiapine,1
Phenoxybenzamine,Metamfetamine,1
Phenoxybenzamine,Mianserin,1
Phenoxybenzamine,Nifedipine,3
Phenoxybenzamine,Methotrimeprazine,1
Phenoxybenzamine,Asenapine,1
Phenoxybenzamine,Calcium citrate,3
Phenoxybenzamine,Paliperidone,1
Phenoxybenzamine,Droxidopa,1
Phenoxybenzamine,Prenylamine,3
Phenoxybenzamine,Racepinephrine,1
Phenoxybenzamine,Dronedarone,1
Phenoxybenzamine,Guanfacine,1
Phenoxybenzamine,Xylometazoline,1
Phenoxybenzamine,Aripiprazole lauroxil,1
Phenoxybenzamine,Aripiprazole,1
Phenoxybenzamine,Celiprolol,1
Phenoxybenzamine,Flunarizine,3
Phenoxybenzamine,Pizotifen,1
Phenoxybenzamine,Pimozide,3
Phenoxybenzamine,Dequalinium,3
Phenoxybenzamine,Bepridil,3
Azacitidine,Decitabine,1
Azacitidine,Procainamide,1
Azacitidine,Flucytosine,1
Oxymetazoline,Apraclonidine,1
Oxymetazoline,Bromocriptine,1
Oxymetazoline,Carvedilol,1
Oxymetazoline,Rotigotine,1
Oxymetazoline,Yohimbine,1
Oxymetazoline,Metamfetamine,1
Oxymetazoline,Quetiapine,1
Oxymetazoline,Mianserin,1
Oxymetazoline,Methotrimeprazine,1
Oxymetazoline,Asenapine,1
Oxymetazoline,Paliperidone,1
Oxymetazoline,Racepinephrine,1
Oxymetazoline,Dronedarone,1
Oxymetazoline,Guanfacine,1
Oxymetazoline,Xylometazoline,1
Oxymetazoline,Aripiprazole lauroxil,1
Oxymetazoline,Aripiprazole,1
Oxymetazoline,Celiprolol,1
Oxymetazoline,Pizotifen,1
Oxymetazoline,Droxidopa,1
Salicylic acid,Glycol salicylate,1
Salicylic acid,Oxaprozin,1
Salicylic acid,Loxoprofen,1
Salicylic acid,Lumiracoxib,1
Salicylic acid,Dexketoprofen,1
Salicylic acid,Phenyl salicylate,1
Salicylic acid,Ketoprofen,1
Salicylic acid,Ibuprofen,1
Salicylic acid,Lornoxicam,1
Salicylic acid,Tiaprofenic acid,1
Salicylic acid,Dexibuprofen,1
Salicylic acid,Trolamine salicylate,1
Salicylic acid,Metamizole,1
Salicylic acid,Antipyrine,1
Salicylic acid,Balsalazide,1
Salicylic acid,Cannabidiol,1
Salicylic acid,Bendazac,1
Salicylic acid,Acemetacin,1
Salicylic acid,Salsalate,1
Salicylic acid,Choline magnesium trisalicylate,1
Salicylic acid,Tolfenamic acid,1
Salicylic acid,Acetylsalicylic acid,1
Salicylic acid,Flufenamic acid,1
Salicylic acid,Meclofenamic acid,1
Salicylic acid,Bromfenac,1
Salicylic acid,Antrafenine,1
Salicylic acid,Aceclofenac,1
Salicylic acid,Nepafenac,1
Salicylic acid,Menthyl salicylate,1
Salicylic acid,Bufexamac,1
Salicylic acid,Triflusal,1
Meclofenamic acid,Glycol salicylate,1
Meclofenamic acid,Oxaprozin,1
Meclofenamic acid,Loxoprofen,1
Meclofenamic acid,Lumiracoxib,1
Meclofenamic acid,Dexketoprofen,1
Meclofenamic acid,Phenyl salicylate,1
Meclofenamic acid,Ketoprofen,1
Meclofenamic acid,Ibuprofen,1
Meclofenamic acid,Lornoxicam,1
Meclofenamic acid,Tiaprofenic acid,1
Meclofenamic acid,Dexibuprofen,1
Meclofenamic acid,Trolamine salicylate,1
Meclofenamic acid,Metamizole,1
Meclofenamic acid,Antipyrine,1
Meclofenamic acid,Balsalazide,1
Meclofenamic acid,Cannabidiol,1
Meclofenamic acid,Bendazac,1
Meclofenamic acid,Acemetacin,1
Meclofenamic acid,Salsalate,1
Meclofenamic acid,Choline magnesium trisalicylate,1
Meclofenamic acid,Tolfenamic acid,1
Meclofenamic acid,Acetylsalicylic acid,1
Meclofenamic acid,Flufenamic acid,1
Meclofenamic acid,Bromfenac,1
Meclofenamic acid,Antrafenine,1
Meclofenamic acid,Aceclofenac,1
Meclofenamic acid,Nepafenac,1
Meclofenamic acid,Menthyl salicylate,1
Meclofenamic acid,Bufexamac,1
Meclofenamic acid,Triflusal,1
Acetylsalicylic acid,Erdafitinib,1
Acetylsalicylic acid,Tremelimumab,1
Acetylsalicylic acid,Acetylcysteine,2
Acetylsalicylic acid,Dexketoprofen,1
Acetylsalicylic acid,Lumiracoxib,1
Acetylsalicylic acid,Flavin mononucleotide,1
Acetylsalicylic acid,Sodium ferric gluconate complex,1
Acetylsalicylic acid,Tiaprofenic acid,1
Acetylsalicylic acid,Dexibuprofen,1
Acetylsalicylic acid,Metamizole,1
Acetylsalicylic acid,Ferrous succinate,2
Acetylsalicylic acid,Zinc chloride,4
Acetylsalicylic acid,Fostamatinib,6
Acetylsalicylic acid,Heparin,1
Acetylsalicylic acid,Tolfenamic acid,1
Acetylsalicylic acid,Nepafenac,1
Acetylsalicylic acid,Aceclofenac,1
Acetylsalicylic acid,Tivozanib,1
Acetylsalicylic acid,Ponatinib,2
Acetylsalicylic acid,Idelalisib,1
Acetylsalicylic acid,Glycol salicylate,1
Acetylsalicylic acid,Duvelisib,1
Acetylsalicylic acid,Abatacept,1
Acetylsalicylic acid,Foreskin fibroblast (neonatal),1
Acetylsalicylic acid,Ferrous ascorbate,2
Acetylsalicylic acid,Roxadustat,1
Acetylsalicylic acid,Leflunomide,1
Acetylsalicylic acid,Ferrous sulfate anhydrous,1
Acetylsalicylic acid,Lornoxicam,1
Acetylsalicylic acid,Zinc,4
Acetylsalicylic acid,Pentaerythritol tetranitrate,1
Acetylsalicylic acid,Bendazac,1
Acetylsalicylic acid,Balsalazide,1
Acetylsalicylic acid,Acemetacin,1
Acetylsalicylic acid,Salsalate,1
Acetylsalicylic acid,Copper,1
Acetylsalicylic acid,Dasatinib,1
Acetylsalicylic acid,Choline magnesium trisalicylate,1
Acetylsalicylic acid,Iron,2
Acetylsalicylic acid,Umbralisib,1
Acetylsalicylic acid,Zanubrutinib,1
Acetylsalicylic acid,Ferrous fumarate,2
Acetylsalicylic acid,Bromfenac,1
Acetylsalicylic acid,Menthyl salicylate,1
Acetylsalicylic acid,Ipilimumab,1
Acetylsalicylic acid,Zinc acetate,4
Acetylsalicylic acid,Voxelotor,1
Acetylsalicylic acid,Regorafenib,2
Acetylsalicylic acid,Loxoprofen,1
Acetylsalicylic acid,Phenyl salicylate,1
Acetylsalicylic acid,Selpercatinib,2
Acetylsalicylic acid,Infigratinib,1
Acetylsalicylic acid,Eflornithine,1
Acetylsalicylic acid,Pazopanib,3
Acetylsalicylic acid,Trolamine salicylate,1
Acetylsalicylic acid,Ferric derisomaltose,1
Acetylsalicylic acid,Arsenic trioxide,2
Acetylsalicylic acid,Nintedanib,3
Acetylsalicylic acid,Nitrous acid,1
Acetylsalicylic acid,Foreskin keratinocyte (neonatal),1
Acetylsalicylic acid,Sunitinib,1
Acetylsalicylic acid,Ferric pyrophosphate citrate,1
Acetylsalicylic acid,Bufexamac,1
Acetylsalicylic acid,Ambrisentan,4
Acetylsalicylic acid,Pemigatinib,1
Acetylsalicylic acid,Sitaxentan,4
Acetylsalicylic acid,Oxaprozin,1
Acetylsalicylic acid,Teriflunomide,1
Acetylsalicylic acid,Futibatinib,1
Acetylsalicylic acid,Atovaquone,1
Acetylsalicylic acid,Lenvatinib,2
Acetylsalicylic acid,Ketoprofen,1
Acetylsalicylic acid,Pralsetinib,1
Acetylsalicylic acid,Ibuprofen,1
Acetylsalicylic acid,Copanlisib,1
Acetylsalicylic acid,Cannabidiol,1
Acetylsalicylic acid,Antipyrine,1
Acetylsalicylic acid,Macitentan,4
Acetylsalicylic acid,"Zinc sulfate, unspecified form",4
Acetylsalicylic acid,Axitinib,1
Acetylsalicylic acid,Flufenamic acid,1
Acetylsalicylic acid,Antrafenine,1
Acetylsalicylic acid,Ferrous gluconate,2
Acetylsalicylic acid,Ferrous glycine sulfate,2
Acetylsalicylic acid,Triflusal,1
Acetylsalicylic acid,Auranofin,2
Phenprocoumon,Acenocoumarol,1
Felbamate,Halothane,2
Felbamate,Artenimol,1
Felbamate,Thiamylal,1
Felbamate,Acetylcysteine,5
Felbamate,Ziconotide,1
Felbamate,Memantine,1
Felbamate,Orphenadrine,1
Felbamate,Everolimus,1
Felbamate,Zopiclone,1
Felbamate,Dalfampridine,1
Felbamate,Phenobarbital,1
Felbamate,Zaleplon,1
Felbamate,Taurine,4
Felbamate,Quinidine barbiturate,1
Felbamate,Propanoic acid,1
Felbamate,Ginkgo biloba,1
Felbamate,Butobarbital,1
Felbamate,Methoxyflurane,1
Felbamate,Carboxymethylcellulose,1
Felbamate,Fostamatinib,1
Felbamate,Flumazenil,1
Felbamate,Glutethimide,1
Felbamate,Lumateperone,4
Felbamate,D-Serine,1
Felbamate,Amobarbital,1
Felbamate,Bioallethrin,1
Felbamate,Esketamine,4
Felbamate,Methyprylon,1
Felbamate,Temsirolimus,1
Felbamate,Bepridil,1
Methylprednisolone,Fluticasone furoate,1
Methylprednisolone,Prednicarbate,1
Methylprednisolone,Ulipristal,1
Methylprednisolone,Fluoxymesterone,1
Methylprednisolone,Hydrocortisone acetate,1
Methylprednisolone,Ciclesonide,1
Methylprednisolone,Mometasone furoate,1
Methylprednisolone,Clobetasol propionate,1
Methylprednisolone,Difluprednate,1
Methylprednisolone,Hydrocortisone phosphate,1
Methylprednisolone,Gestrinone,1
Methylprednisolone,Desonide,1
Methylprednisolone,Betamethasone phosphate,1
Methylprednisolone,Segesterone acetate,1
Methylprednisolone,Hydrocortisone cypionate,1
Methylprednisolone,Hydrocortisone probutate,1
Methylprednisolone,Clobetasone,1
Methylprednisolone,Hydrocortisone valerate,1
Methylprednisolone,Prednisolone phosphate,1
Methylprednisolone,Cortisone acetate,1
Methylprednisolone,Drospirenone,1
Methylprednisolone,Dexamethasone,1
Methylprednisolone,Hydrocortisone butyrate,1
Methylprednisolone,Prednisolone acetate,1
Methylprednisolone,Dexamethasone acetate,1
Methylprednisolone,Difluocortolone,1
Methylprednisolone,Fluocinonide,1
Methylprednisolone,Budesonide,1
Methylprednisolone,Deflazacort,1
Methylprednisolone,Fluticasone,1
Methylprednisolone,Tixocortol,1
Zaleplon,Thiamylal,1
Zaleplon,Artenimol,1
Zaleplon,Halothane,1
Zaleplon,Acetylcysteine,1
Zaleplon,Ziconotide,1
Zaleplon,Memantine,1
Zaleplon,Orphenadrine,1
Zaleplon,Everolimus,1
Zaleplon,Zopiclone,1
Zaleplon,Dalfampridine,1
Zaleplon,Phenobarbital,1
Zaleplon,Taurine,1
Zaleplon,Quinidine barbiturate,1
Zaleplon,Propanoic acid,1
Zaleplon,Ginkgo biloba,1
Zaleplon,Butobarbital,1
Zaleplon,Methoxyflurane,1
Zaleplon,Carboxymethylcellulose,1
Zaleplon,Fostamatinib,1
Zaleplon,Flumazenil,1
Zaleplon,Glutethimide,1
Zaleplon,Lumateperone,1
Zaleplon,D-Serine,1
Zaleplon,Amobarbital,1
Zaleplon,Bioallethrin,1
Zaleplon,Esketamine,1
Zaleplon,Methyprylon,1
Zaleplon,Temsirolimus,1
Zaleplon,Bepridil,1
Bromfenac,Glycol salicylate,1
Bromfenac,Oxaprozin,1
Bromfenac,Loxoprofen,1
Bromfenac,Lumiracoxib,1
Bromfenac,Dexketoprofen,1
Bromfenac,Phenyl salicylate,1
Bromfenac,Ketoprofen,1
Bromfenac,Ibuprofen,1
Bromfenac,Lornoxicam,1
Bromfenac,Tiaprofenic acid,1
Bromfenac,Dexibuprofen,1
Bromfenac,Trolamine salicylate,1
Bromfenac,Metamizole,1
Bromfenac,Antipyrine,1
Bromfenac,Balsalazide,1
Bromfenac,Cannabidiol,1
Bromfenac,Bendazac,1
Bromfenac,Acemetacin,1
Bromfenac,Salsalate,1
Bromfenac,Choline magnesium trisalicylate,1
Bromfenac,Tolfenamic acid,1
Bromfenac,Flufenamic acid,1
Bromfenac,Antrafenine,1
Bromfenac,Aceclofenac,1
Bromfenac,Nepafenac,1
Bromfenac,Menthyl salicylate,1
Bromfenac,Bufexamac,1
Bromfenac,Triflusal,1
Apraclonidine,Bromocriptine,1
Apraclonidine,Carvedilol,1
Apraclonidine,Rotigotine,1
Apraclonidine,Yohimbine,1
Apraclonidine,Metamfetamine,1
Apraclonidine,Quetiapine,1
Apraclonidine,Mianserin,1
Apraclonidine,Methotrimeprazine,1
Apraclonidine,Asenapine,1
Apraclonidine,Paliperidone,1
Apraclonidine,Racepinephrine,1
Apraclonidine,Dronedarone,1
Apraclonidine,Guanfacine,1
Apraclonidine,Xylometazoline,1
Apraclonidine,Aripiprazole lauroxil,1
Apraclonidine,Aripiprazole,1
Apraclonidine,Celiprolol,1
Apraclonidine,Pizotifen,1
Apraclonidine,Droxidopa,1
Methyldopa,Benserazide,1
Dipyridamole,Teplizumab,1
Dipyridamole,Mosunetuzumab,1
Dipyridamole,Blinatumomab,1
Dipyridamole,Fostamatinib,2
Dipyridamole,Tofacitinib,2
Dipyridamole,Catumaxomab,1
Dipyridamole,Abrocitinib,2
Dipyridamole,Zanubrutinib,2
Dipyridamole,Baricitinib,2
Dipyridamole,Triflusal,2
Dipyridamole,Papaverine,2
Dipyridamole,Ruxolitinib,2
Dopamine,Zinc chloride,2
Dopamine,Zinc acetate,2
Dopamine,Flavin adenine dinucleotide,1
Dopamine,Benzoic acid,1
Dopamine,Zinc,2
Dopamine,Copper,1
Dopamine,Artenimol,1
Dopamine,Cannabidiol,2
Dopamine,"Zinc sulfate, unspecified form",2
Dopamine,Fostamatinib,1
Dopamine,Isoprenaline,2
Oxaprozin,Glycol salicylate,1
Oxaprozin,Loxoprofen,1
Oxaprozin,Lumiracoxib,1
Oxaprozin,Dexketoprofen,1
Oxaprozin,Phenyl salicylate,1
Oxaprozin,Ketoprofen,1
Oxaprozin,Ibuprofen,1
Oxaprozin,Lornoxicam,1
Oxaprozin,Tiaprofenic acid,1
Oxaprozin,Dexibuprofen,1
Oxaprozin,Trolamine salicylate,1
Oxaprozin,Metamizole,1
Oxaprozin,Antipyrine,1
Oxaprozin,Balsalazide,1
Oxaprozin,Cannabidiol,1
Oxaprozin,Bendazac,1
Oxaprozin,Acemetacin,1
Oxaprozin,Salsalate,1
Oxaprozin,Choline magnesium trisalicylate,1
Oxaprozin,Tolfenamic acid,1
Oxaprozin,Flufenamic acid,1
Oxaprozin,Antrafenine,1
Oxaprozin,Aceclofenac,1
Oxaprozin,Nepafenac,1
Oxaprozin,Menthyl salicylate,1
Oxaprozin,Bufexamac,1
Oxaprozin,Triflusal,1
Azathioprine,Levetiracetam,1
Azathioprine,Zinc acetate,1
Azathioprine,Felodipine,1
Azathioprine,Insulin detemir,1
Azathioprine,Halothane,1
Azathioprine,Ziconotide,1
Azathioprine,Vigabatrin,1
Azathioprine,Flavin mononucleotide,1
Azathioprine,Nitrendipine,1
Azathioprine,Sevoflurane,1
Azathioprine,Eflornithine,1
Azathioprine,Brigatinib,1
Azathioprine,Gabapentin enacarbil,1
Azathioprine,Quinidine barbiturate,1
Azathioprine,Zinc chloride,1
Azathioprine,Insulin beef,1
Azathioprine,Methoxyflurane,1
Azathioprine,Fostamatinib,1
Azathioprine,D-Serine,1
Azathioprine,Nandrolone decanoate,1
Azathioprine,Desflurane,1
Azathioprine,Insulin aspart,1
Azathioprine,Insulin degludec,1
Azathioprine,Somatrem,1
Azathioprine,Gabapentin,1
Azathioprine,Zinc,1
Azathioprine,Zopiclone,1
Azathioprine,Cannabidiol,1
Azathioprine,Taurine,1
Azathioprine,Ginkgo biloba,1
Azathioprine,Mecasermin rinfabate,1
Azathioprine,Mecasermin,1
Azathioprine,Butobarbital,1
Azathioprine,Copper,1
Azathioprine,Carboxymethylcellulose,1
Azathioprine,"Zinc sulfate, unspecified form",1
Azathioprine,Flumazenil,1
Azathioprine,Teprotumumab,1
Azathioprine,Amobarbital,1
Azathioprine,Bepridil,1
Neomycin,Cinacalcet,4
Neomycin,Calcium Phosphate,4
Neomycin,Calcium citrate,4
Neomycin,Etelcalcetide,4
Neomycin,Calcium phosphate dihydrate,4
Auranofin,Arsenic trioxide,2
Auranofin,Nintedanib,1
Auranofin,Duvelisib,1
Auranofin,Tremelimumab,1
Auranofin,Abatacept,1
Auranofin,Acetylcysteine,2
Auranofin,Dasatinib,1
Auranofin,Fostamatinib,2
Auranofin,Pazopanib,1
Auranofin,Umbralisib,1
Auranofin,Zanubrutinib,1
Auranofin,Copanlisib,1
Auranofin,Ponatinib,1
Auranofin,Ipilimumab,1
Auranofin,Idelalisib,1
Gabapentin,Erdafitinib,1
Gabapentin,Levetiracetam,1
Gabapentin,Zinc acetate,1
Gabapentin,Felodipine,4
Gabapentin,Insulin detemir,1
Gabapentin,Halothane,1
Gabapentin,Artenimol,1
Gabapentin,Ziconotide,2
Gabapentin,Vigabatrin,1
Gabapentin,Flavin mononucleotide,1
Gabapentin,Selpercatinib,1
Gabapentin,Nitrendipine,4
Gabapentin,Sevoflurane,1
Gabapentin,Infigratinib,1
Gabapentin,Eflornithine,1
Gabapentin,Brigatinib,1
Gabapentin,Aluminum chloride,1
Gabapentin,Pazopanib,1
Gabapentin,Gabapentin enacarbil,4
Gabapentin,Quinidine barbiturate,1
Gabapentin,Nintedanib,1
Gabapentin,Zinc chloride,1
Gabapentin,Insulin beef,1
Gabapentin,Methoxyflurane,1
Gabapentin,Fostamatinib,2
Gabapentin,D-Serine,1
Gabapentin,Nandrolone decanoate,1
Gabapentin,Pemigatinib,1
Gabapentin,Ponatinib,1
Gabapentin,Desflurane,1
Gabapentin,Insulin aspart,1
Gabapentin,Insulin degludec,1
Gabapentin,Somatrem,1
Gabapentin,Futibatinib,1
Gabapentin,Lenvatinib,1
Gabapentin,Ezogabine,1
Gabapentin,Zinc,1
Gabapentin,Zopiclone,1
Gabapentin,Cannabidiol,1
Gabapentin,Taurine,1
Gabapentin,Ginkgo biloba,2
Gabapentin,Mecasermin rinfabate,1
Gabapentin,Mecasermin,1
Gabapentin,Butobarbital,1
Gabapentin,Copper,2
Gabapentin,Carboxymethylcellulose,1
Gabapentin,"Zinc sulfate, unspecified form",1
Gabapentin,Flumazenil,2
Gabapentin,Teprotumumab,1
Gabapentin,Amobarbital,1
Gabapentin,Bioallethrin,1
Gabapentin,Bepridil,4
Hydrochlorothiazide,Quinethazone,1
Hydrochlorothiazide,Trichlormethiazide,1
Hydrochlorothiazide,Polythiazide,1
Ketoprofen,Glycol salicylate,1
Ketoprofen,Loxoprofen,1
Ketoprofen,Lumiracoxib,1
Ketoprofen,Dexketoprofen,1
Ketoprofen,Phenyl salicylate,1
Ketoprofen,Ibuprofen,1
Ketoprofen,Lornoxicam,1
Ketoprofen,Tiaprofenic acid,1
Ketoprofen,Dexibuprofen,1
Ketoprofen,Trolamine salicylate,1
Ketoprofen,Metamizole,1
Ketoprofen,Antipyrine,1
Ketoprofen,Balsalazide,1
Ketoprofen,Cannabidiol,1
Ketoprofen,Bendazac,1
Ketoprofen,Acemetacin,1
Ketoprofen,Salsalate,1
Ketoprofen,Choline magnesium trisalicylate,1
Ketoprofen,Tolfenamic acid,1
Ketoprofen,Flufenamic acid,1
Ketoprofen,Antrafenine,1
Ketoprofen,Aceclofenac,1
Ketoprofen,Nepafenac,1
Ketoprofen,Menthyl salicylate,1
Ketoprofen,Bufexamac,1
Ketoprofen,Triflusal,1
Metyrapone,Osilodrostat,2
Metyrapone,Levoketoconazole,2
Cinacalcet,Calcium Phosphate,4
Cinacalcet,Calcium citrate,4
Cinacalcet,Etelcalcetide,4
Cinacalcet,Calcium phosphate dihydrate,4
Clobetasol propionate,Felodipine,2
Clobetasol propionate,Testosterone enanthate,2
Clobetasol propionate,Mometasone furoate,1
Clobetasol propionate,Betamethasone phosphate,1
Clobetasol propionate,Segesterone acetate,1
Clobetasol propionate,Hydrocortisone valerate,1
Clobetasol propionate,Finerenone,2
Clobetasol propionate,Drospirenone,3
Clobetasol propionate,Cortisone acetate,1
Clobetasol propionate,Difluocortolone,1
Clobetasol propionate,Fluticasone,3
Clobetasol propionate,Deflazacort,1
Clobetasol propionate,Tixocortol,1
Clobetasol propionate,Fluticasone furoate,3
Clobetasol propionate,Prednicarbate,1
Clobetasol propionate,Ulipristal,1
Clobetasol propionate,Fluoxymesterone,1
Clobetasol propionate,Hydrocortisone acetate,1
Clobetasol propionate,Ciclesonide,1
Clobetasol propionate,Difluprednate,1
Clobetasol propionate,Testosterone cypionate,2
Clobetasol propionate,Hydrocortisone phosphate,1
Clobetasol propionate,Gestrinone,1
Clobetasol propionate,Desonide,1
Clobetasol propionate,Hydrocortisone cypionate,1
Clobetasol propionate,Hydrocortisone probutate,1
Clobetasol propionate,Clobetasone,1
Clobetasol propionate,Prednisolone phosphate,1
Clobetasol propionate,Prednisolone acetate,1
Clobetasol propionate,Hydrocortisone butyrate,1
Clobetasol propionate,Dexamethasone,1
Clobetasol propionate,Dexamethasone acetate,1
Clobetasol propionate,Desoxycorticosterone acetate,2
Clobetasol propionate,Fluocinonide,1
Clobetasol propionate,Budesonide,1
Balsalazide,Glycol salicylate,1
Balsalazide,Loxoprofen,1
Balsalazide,Lumiracoxib,1
Balsalazide,Dexketoprofen,1
Balsalazide,Phenyl salicylate,1
Balsalazide,Ibuprofen,1
Balsalazide,Lornoxicam,1
Balsalazide,Tiaprofenic acid,1
Balsalazide,Dexibuprofen,1
Balsalazide,Trolamine salicylate,1
Balsalazide,Metamizole,1
Balsalazide,Antipyrine,1
Balsalazide,Cannabidiol,1
Balsalazide,Bendazac,1
Balsalazide,Acemetacin,1
Balsalazide,Salsalate,1
Balsalazide,Choline magnesium trisalicylate,1
Balsalazide,Tolfenamic acid,1
Balsalazide,Flufenamic acid,1
Balsalazide,Antrafenine,1
Balsalazide,Aceclofenac,1
Balsalazide,Nepafenac,1
Balsalazide,Menthyl salicylate,1
Balsalazide,Bufexamac,1
Balsalazide,Triflusal,1
Glyburide,Tezacaftor,4
Glyburide,Duvelisib,1
Glyburide,Thiamylal,1
Glyburide,Ivacaftor,4
Glyburide,Fostamatinib,1
Glyburide,Sulfinpyrazone,1
Glyburide,Ibuprofen,4
Glyburide,Umbralisib,1
Glyburide,Dexibuprofen,4
Glyburide,Aprotinin,1
Glyburide,Crofelemer,4
Glyburide,Copanlisib,1
Glyburide,Lumacaftor,4
Glyburide,Perhexiline,1
Glyburide,Gliquidone,1
Glyburide,Elexacaftor,4
Glyburide,Nicorandil,1
Glyburide,Idelalisib,1
Minocycline,Zinc chloride,1
Minocycline,Zinc acetate,1
Minocycline,Captopril,1
Minocycline,Zinc,1
Minocycline,"Zinc sulfate, unspecified form",1
Guanfacine,Bromocriptine,1
Guanfacine,Carvedilol,1
Guanfacine,Rotigotine,1
Guanfacine,Yohimbine,1
Guanfacine,Metamfetamine,1
Guanfacine,Quetiapine,1
Guanfacine,Mianserin,1
Guanfacine,Methotrimeprazine,1
Guanfacine,Asenapine,1
Guanfacine,Paliperidone,1
Guanfacine,Racepinephrine,1
Guanfacine,Dronedarone,1
Guanfacine,Xylometazoline,1
Guanfacine,Aripiprazole lauroxil,1
Guanfacine,Aripiprazole,1
Guanfacine,Celiprolol,1
Guanfacine,Pizotifen,1
Guanfacine,Droxidopa,1
Trichlormethiazide,Potassium,1
Trichlormethiazide,Aluminium,1
Trichlormethiazide,Halothane,1
Trichlormethiazide,Aluminium phosphate,1
Trichlormethiazide,Potassium sulfate,1
Trichlormethiazide,Deslanoside,1
Trichlormethiazide,Quinethazone,2
Trichlormethiazide,Ouabain,1
Trichlormethiazide,Manganese,1
Trichlormethiazide,Mycophenolic acid,1
Trichlormethiazide,Magnesium cation,1
Trichlormethiazide,Fostamatinib,1
Trichlormethiazide,Polythiazide,1
Trichlormethiazide,Xanthinol,1
Trichlormethiazide,Diazoxide,2
Trichlormethiazide,Dequalinium,1
Trichlormethiazide,Bretylium,1
Trichlormethiazide,Magnesium acetate,1
Trichlormethiazide,Diclofenamide,2
Trichlormethiazide,Digitoxin,1
Trichlormethiazide,Potassium cation,1
Trichlormethiazide,Brinzolamide,2
Trichlormethiazide,Sodium carbonate,2
Trichlormethiazide,Almitrine,1
Trichlormethiazide,Sodium sulfate,1
Trichlormethiazide,Ciclopirox,1
Trichlormethiazide,Ethinamate,1
Trichlormethiazide,Potassium acetate,1
Trichlormethiazide,Aluminum acetate,1
Trichlormethiazide,Sulthiame,1
Trichlormethiazide,Copper,1
Trichlormethiazide,Voretigene neparvovec,1
Trichlormethiazide,Palmitic Acid,1
Trichlormethiazide,Hyaluronic acid,1
Trichlormethiazide,Urea,1
Trichlormethiazide,Bepridil,1
Phylloquinone,Coagulation Factor IX Human,2
Phylloquinone,Anisindione,2
Phylloquinone,Kappadione,2
Felodipine,Erdafitinib,1
Felodipine,Levetiracetam,1
Felodipine,Melatonin,3
Felodipine,Vigabatrin,1
Felodipine,Flavin mononucleotide,1
Felodipine,Testosterone enanthate,2
Felodipine,Brigatinib,1
Felodipine,Aluminum chloride,1
Felodipine,Quinidine barbiturate,1
Felodipine,Zinc chloride,1
Felodipine,Insulin beef,1
Felodipine,Fostamatinib,2
Felodipine,Finerenone,2
Felodipine,Drospirenone,2
Felodipine,D-Serine,1
Felodipine,Nandrolone decanoate,1
Felodipine,Ponatinib,1
Felodipine,Calcium Phosphate,3
Felodipine,Insulin degludec,1
Felodipine,Somatrem,1
Felodipine,Nilvadipine,5
Felodipine,Nifedipine,8
Felodipine,Zinc,1
Felodipine,Zopiclone,1
Felodipine,Prenylamine,3
Felodipine,Taurine,1
Felodipine,Mecasermin,1
Felodipine,Copper,2
Felodipine,Propiverine,4
Felodipine,Flumazenil,2
Felodipine,Desoxycorticosterone acetate,2
Felodipine,Flunarizine,3
Felodipine,Bioallethrin,1
Felodipine,Bepridil,10
Felodipine,Zinc acetate,1
Felodipine,Insulin detemir,1
Felodipine,Halothane,1
Felodipine,Artenimol,2
Felodipine,Ziconotide,2
Felodipine,Calcium phosphate dihydrate,3
Felodipine,Levamlodipine,5
Felodipine,Selpercatinib,1
Felodipine,Nitrendipine,9
Felodipine,Sevoflurane,1
Felodipine,Infigratinib,1
Felodipine,Eflornithine,1
Felodipine,Pazopanib,1
Felodipine,Gabapentin enacarbil,4
Felodipine,Calcium citrate,3
Felodipine,Isavuconazole,4
Felodipine,Mavacamten,1
Felodipine,Dronedarone,5
Felodipine,Clevidipine,5
Felodipine,Nintedanib,1
Felodipine,Etidronic acid,1
Felodipine,Methoxyflurane,1
Felodipine,Fluticasone,2
Felodipine,Pemigatinib,1
Felodipine,Dequalinium,3
Felodipine,Desflurane,1
Felodipine,Promethazine,3
Felodipine,Insulin aspart,1
Felodipine,Fluticasone furoate,2
Felodipine,Calcium levulinate,3
Felodipine,Futibatinib,1
Felodipine,Lenvatinib,1
Felodipine,Testosterone cypionate,2
Felodipine,Cannabidiol,1
Felodipine,Ginkgo biloba,2
Felodipine,Mecasermin rinfabate,1
Felodipine,Butobarbital,1
Felodipine,Carboxymethylcellulose,1
Felodipine,"Zinc sulfate, unspecified form",1
Felodipine,Teprotumumab,1
Felodipine,Amobarbital,1
Felodipine,Pimozide,3
Mycophenolic acid,Diclofenamide,1
Mycophenolic acid,Halothane,1
Mycophenolic acid,Copper,1
Mycophenolic acid,Fostamatinib,1
Mycophenolic acid,Voretigene neparvovec,2
Mycophenolic acid,Palmitic Acid,1
Mycophenolic acid,Manganese,1
Mycophenolic acid,Hyaluronic acid,1
Mycophenolic acid,Brinzolamide,1
Mycophenolic acid,Xanthinol,1
Mycophenolic acid,Sodium carbonate,1
Mycophenolic acid,Dequalinium,1
Ketoconazole,Terazosin,3
Ketoconazole,Procainamide,3
Ketoconazole,Doxepin,3
Ketoconazole,Vernakalant,3
Ketoconazole,Chlorobutanol,3
Ketoconazole,Carvedilol,3
Ketoconazole,Flecainide,3
Ketoconazole,Isavuconazole,3
Ketoconazole,Abiraterone,3
Ketoconazole,Cannabidiol,3
Ketoconazole,Potassium nitrate,3
Ketoconazole,Dronedarone,3
Ketoconazole,Pitolisant,3
Ketoconazole,Levoketoconazole,3
Ketoconazole,Clarithromycin,3
Ketoconazole,Halofantrine,3
Ketoconazole,Sertindole,3
Ketoconazole,Pentoxyverine,3
Ketoconazole,Propafenone,3
Ketoconazole,Nefazodone,3
Ketoconazole,Perhexiline,3
Ketoconazole,Pimozide,3
Ketoconazole,Bepridil,3
Methoxyflurane,Levetiracetam,1
Methoxyflurane,Zinc acetate,1
Methoxyflurane,Insulin detemir,1
Methoxyflurane,Thiamylal,1
Methoxyflurane,Artenimol,1
Methoxyflurane,Halothane,2
Methoxyflurane,Acetylcysteine,1
Methoxyflurane,Ziconotide,2
Methoxyflurane,Vigabatrin,1
Methoxyflurane,Flavin mononucleotide,1
Methoxyflurane,Memantine,1
Methoxyflurane,Nitrendipine,1
Methoxyflurane,Sevoflurane,1
Methoxyflurane,Eflornithine,1
Methoxyflurane,Brigatinib,1
Methoxyflurane,Orphenadrine,1
Methoxyflurane,Everolimus,1
Methoxyflurane,Gabapentin enacarbil,1
Methoxyflurane,Dalfampridine,2
Methoxyflurane,Quinidine barbiturate,2
Methoxyflurane,Propanoic acid,1
Methoxyflurane,Zinc chloride,1
Methoxyflurane,Insulin beef,1
Methoxyflurane,Fostamatinib,2
Methoxyflurane,D-Serine,2
Methoxyflurane,Nandrolone decanoate,1
Methoxyflurane,Amifampridine,1
Methoxyflurane,Esketamine,1
Methoxyflurane,Methyprylon,1
Methoxyflurane,Desflurane,2
Methoxyflurane,Insulin aspart,1
Methoxyflurane,Insulin degludec,1
Methoxyflurane,Somatrem,1
Methoxyflurane,Zinc,1
Methoxyflurane,Zopiclone,2
Methoxyflurane,Cannabidiol,1
Methoxyflurane,Phenobarbital,1
Methoxyflurane,Taurine,2
Methoxyflurane,Ginkgo biloba,2
Methoxyflurane,Mecasermin rinfabate,1
Methoxyflurane,Mecasermin,1
Methoxyflurane,Butobarbital,2
Methoxyflurane,Copper,1
Methoxyflurane,Carboxymethylcellulose,2
Methoxyflurane,"Zinc sulfate, unspecified form",1
Methoxyflurane,Flumazenil,2
Methoxyflurane,Glutethimide,1
Methoxyflurane,Teprotumumab,1
Methoxyflurane,Lumateperone,1
Methoxyflurane,Amobarbital,2
Methoxyflurane,Bioallethrin,1
Methoxyflurane,Temsirolimus,1
Methoxyflurane,Bepridil,2
Ethinamate,Diclofenamide,1
Ethinamate,Sulthiame,1
Ethinamate,Quinethazone,1
Ethinamate,Brinzolamide,1
Ethinamate,Urea,1
Ethinamate,Diazoxide,1
Ethinamate,Sodium carbonate,1
Ethinamate,Sodium sulfate,1
Mercaptopurine,5-O-phosphono-alpha-D-ribofuranosyl diphosphate,2
Procainamide,Doxepin,3
Procainamide,Vernakalant,7
Procainamide,Fosphenytoin,4
Procainamide,Isavuconazole,7
Procainamide,Decitabine,1
Procainamide,Dronedarone,7
Procainamide,Pitolisant,3
Procainamide,Quinidine barbiturate,4
Procainamide,Halofantrine,3
Procainamide,Tocainide,4
Procainamide,Pentoxyverine,3
Procainamide,Propafenone,7
Procainamide,Nefazodone,3
Procainamide,Chlorobutanol,3
Procainamide,Ajmaline,4
Procainamide,Carvedilol,3
Procainamide,Flecainide,7
Procainamide,Encainide,4
Procainamide,Potassium nitrate,3
Procainamide,Clarithromycin,3
Procainamide,Sertindole,3
Procainamide,Flucytosine,1
Procainamide,Perhexiline,3
Procainamide,Pimozide,3
Procainamide,Terazosin,3
Procainamide,Bepridil,4
Memantine,Thiamylal,1
Memantine,Artenimol,1
Memantine,Halothane,1
Memantine,Acetylcysteine,3
Memantine,Ziconotide,1
Memantine,Orphenadrine,3
Memantine,Everolimus,1
Memantine,Zopiclone,1
Memantine,Dalfampridine,1
Memantine,Phenobarbital,1
Memantine,Taurine,1
Memantine,Quinidine barbiturate,1
Memantine,Propanoic acid,1
Memantine,Ginkgo biloba,1
Memantine,Butobarbital,1
Memantine,Carboxymethylcellulose,1
Memantine,Fostamatinib,1
Memantine,Flumazenil,1
Memantine,Glutethimide,1
Memantine,Lumateperone,1
Memantine,D-Serine,3
Memantine,Amobarbital,1
Memantine,Bioallethrin,1
Memantine,Esketamine,1
Memantine,Methyprylon,1
Memantine,Temsirolimus,1
Memantine,Bepridil,1
Fluocinonide,Erdafitinib,1
Fluocinonide,Glasdegib,2
Fluocinonide,Regorafenib,1
Fluocinonide,Artenimol,1
Fluocinonide,Selpercatinib,1
Fluocinonide,Mometasone furoate,1
Fluocinonide,Halcinonide,2
Fluocinonide,Infigratinib,1
Fluocinonide,Betamethasone phosphate,1
Fluocinonide,Segesterone acetate,1
Fluocinonide,Nintedanib,1
Fluocinonide,Foreskin keratinocyte (neonatal),1
Fluocinonide,Hydrocortisone valerate,1
Fluocinonide,Fostamatinib,1
Fluocinonide,Alpelisib,1
Fluocinonide,Heparin,1
Fluocinonide,Drospirenone,1
Fluocinonide,Cortisone acetate,1
Fluocinonide,Difluocortolone,1
Fluocinonide,Fluticasone,1
Fluocinonide,Deflazacort,1
Fluocinonide,Vismodegib,2
Fluocinonide,Tixocortol,1
Fluocinonide,Pemigatinib,1
Fluocinonide,Ponatinib,1
Fluocinonide,Fluticasone furoate,1
Fluocinonide,Prednicarbate,1
Fluocinonide,Ulipristal,1
Fluocinonide,Fluoxymesterone,1
Fluocinonide,Hydrocortisone acetate,1
Fluocinonide,Foreskin fibroblast (neonatal),1
Fluocinonide,Ciclesonide,1
Fluocinonide,Futibatinib,1
Fluocinonide,Lenvatinib,1
Fluocinonide,Pralsetinib,1
Fluocinonide,Difluprednate,1
Fluocinonide,Copanlisib,1
Fluocinonide,Hydrocortisone phosphate,1
Fluocinonide,Gestrinone,1
Fluocinonide,Desonide,1
Fluocinonide,Hydrocortisone cypionate,1
Fluocinonide,Hydrocortisone probutate,1
Fluocinonide,Clobetasone,1
Fluocinonide,Prednisolone phosphate,1
Fluocinonide,Prednisolone acetate,1
Fluocinonide,Hydrocortisone butyrate,1
Fluocinonide,Dexamethasone,1
Fluocinonide,Dexamethasone acetate,1
Fluocinonide,Sonidegib,2
Fluocinonide,Budesonide,1
Ibuprofen,Loxoprofen,1
Ibuprofen,Lumiracoxib,1
Ibuprofen,Dexketoprofen,1
Ibuprofen,Phenyl salicylate,1
Ibuprofen,Tiaprofenic acid,1
Ibuprofen,Dexibuprofen,8
Ibuprofen,Trolamine salicylate,1
Ibuprofen,Aprotinin,1
Ibuprofen,Crofelemer,4
Ibuprofen,Metamizole,1
Ibuprofen,Ivacaftor,4
Ibuprofen,Fostamatinib,1
Ibuprofen,Sulfinpyrazone,1
Ibuprofen,Tolfenamic acid,1
Ibuprofen,Nepafenac,1
Ibuprofen,Aceclofenac,1
Ibuprofen,Bufexamac,1
Ibuprofen,Lumacaftor,4
Ibuprofen,Idelalisib,1
Ibuprofen,Tezacaftor,4
Ibuprofen,Glycol salicylate,1
Ibuprofen,Duvelisib,1
Ibuprofen,Lornoxicam,1
Ibuprofen,Copanlisib,1
Ibuprofen,Cannabidiol,1
Ibuprofen,Antipyrine,1
Ibuprofen,Bendazac,1
Ibuprofen,Acemetacin,1
Ibuprofen,Salsalate,1
Ibuprofen,Choline magnesium trisalicylate,1
Ibuprofen,Umbralisib,1
Ibuprofen,Flufenamic acid,1
Ibuprofen,Antrafenine,1
Ibuprofen,Menthyl salicylate,1
Ibuprofen,Elexacaftor,4
Ibuprofen,Triflusal,1
Nitrendipine,Erdafitinib,1
Nitrendipine,Levetiracetam,1
Nitrendipine,Zinc acetate,1
Nitrendipine,Insulin detemir,1
Nitrendipine,Halothane,1
Nitrendipine,Artenimol,2
Nitrendipine,Ziconotide,2
Nitrendipine,Vigabatrin,1
Nitrendipine,Levamlodipine,5
Nitrendipine,Flavin mononucleotide,1
Nitrendipine,Selpercatinib,1
Nitrendipine,Sevoflurane,1
Nitrendipine,Infigratinib,1
Nitrendipine,Eflornithine,1
Nitrendipine,Brigatinib,1
Nitrendipine,Aluminum chloride,1
Nitrendipine,Pazopanib,1
Nitrendipine,Gabapentin enacarbil,4
Nitrendipine,Isavuconazole,4
Nitrendipine,Mavacamten,1
Nitrendipine,Dronedarone,5
Nitrendipine,Quinidine barbiturate,1
Nitrendipine,Clevidipine,5
Nitrendipine,Nintedanib,1
Nitrendipine,Zinc chloride,1
Nitrendipine,Etidronic acid,1
Nitrendipine,Insulin beef,1
Nitrendipine,Fostamatinib,2
Nitrendipine,D-Serine,1
Nitrendipine,Nandrolone decanoate,1
Nitrendipine,Pemigatinib,1
Nitrendipine,Ponatinib,1
Nitrendipine,Desflurane,1
Nitrendipine,Insulin aspart,1
Nitrendipine,Insulin degludec,1
Nitrendipine,Somatrem,1
Nitrendipine,Futibatinib,1
Nitrendipine,Lenvatinib,1
Nitrendipine,Nilvadipine,5
Nitrendipine,Nifedipine,5
Nitrendipine,Zinc,1
Nitrendipine,Zopiclone,1
Nitrendipine,Cannabidiol,1
Nitrendipine,Taurine,1
Nitrendipine,Ginkgo biloba,2
Nitrendipine,Mecasermin rinfabate,1
Nitrendipine,Mecasermin,1
Nitrendipine,Butobarbital,1
Nitrendipine,Copper,2
Nitrendipine,Carboxymethylcellulose,1
Nitrendipine,Propiverine,4
Nitrendipine,Flumazenil,2
Nitrendipine,"Zinc sulfate, unspecified form",1
Nitrendipine,Teprotumumab,1
Nitrendipine,Amobarbital,1
Nitrendipine,Bioallethrin,1
Nitrendipine,Bepridil,5
Tocainide,Quinidine barbiturate,4
Tocainide,Vernakalant,4
Tocainide,Ajmaline,4
Tocainide,Propafenone,4
Tocainide,Flecainide,4
Tocainide,Encainide,4
Tocainide,Fosphenytoin,4
Tocainide,Isavuconazole,4
Tocainide,Dronedarone,4
Tocainide,Bepridil,1
Isoprenaline,Zinc chloride,2
Isoprenaline,Zinc acetate,2
Isoprenaline,Flavin adenine dinucleotide,1
Isoprenaline,Benzoic acid,1
Isoprenaline,Zinc,2
Isoprenaline,Copper,1
Isoprenaline,Artenimol,1
Isoprenaline,Cannabidiol,2
Isoprenaline,"Zinc sulfate, unspecified form",2
Isoprenaline,Fostamatinib,1
Melatonin,Promethazine,3
Melatonin,Calcium Phosphate,3
Melatonin,Calcium phosphate dihydrate,3
Melatonin,Calcium levulinate,3
Melatonin,Nifedipine,3
Melatonin,Calcium citrate,3
Melatonin,Flunarizine,3
Melatonin,Prenylamine,3
Melatonin,Pimozide,3
Melatonin,Dequalinium,3
Melatonin,Bepridil,3
Glipizide,Glymidine,1
Glipizide,Zinc chloride,1
Glipizide,Zinc acetate,1
Glipizide,Gliclazide,1
Glipizide,Thiamylal,1
Glipizide,Tolbutamide,1
Glipizide,"Zinc sulfate, unspecified form",1
Glipizide,Zinc,1
Glipizide,Isavuconazole,1
Glipizide,Diazoxide,1
Glipizide,Gliquidone,1
Promethazine,Calcium Phosphate,3
Promethazine,Calcium phosphate dihydrate,3
Promethazine,Calcium levulinate,3
Promethazine,Nifedipine,3
Promethazine,Calcium citrate,3
Promethazine,Flunarizine,3
Promethazine,Prenylamine,3
Promethazine,Pimozide,3
Promethazine,Dequalinium,3
Promethazine,Bepridil,3
Dihydrotachysterol,Alfacalcidol,1
Dihydrotachysterol,Vitamin D,1
Dihydrotachysterol,Doxercalciferol,1
Dihydrotachysterol,Calcipotriol,1
Dihydrotachysterol,Cholesterol,1
Dihydrotachysterol,Curcumin,1
Fludarabine,Carfilzomib,1
Fludarabine,Mifamurtide,1
Fludarabine,Rilonacept,1
Fludarabine,Tasonermin,1
Fludarabine,Nelarabine,1
Perhexiline,Doxepin,3
Perhexiline,Vernakalant,3
Perhexiline,Chlorobutanol,3
Perhexiline,Carvedilol,3
Perhexiline,Flecainide,3
Perhexiline,Isavuconazole,3
Perhexiline,Potassium nitrate,3
Perhexiline,Dronedarone,3
Perhexiline,Pitolisant,3
Perhexiline,Clarithromycin,3
Perhexiline,Halofantrine,3
Perhexiline,Sertindole,3
Perhexiline,Pentoxyverine,3
Perhexiline,Propafenone,3
Perhexiline,Nefazodone,3
Perhexiline,Pimozide,3
Perhexiline,Terazosin,3
Perhexiline,Bepridil,3
Etidronic acid,Clevidipine,1
Etidronic acid,Artenimol,1
Etidronic acid,Levamlodipine,1
Etidronic acid,Propiverine,1
Etidronic acid,Nilvadipine,1
Etidronic acid,Nifedipine,1
Etidronic acid,Isavuconazole,1
Etidronic acid,Mavacamten,1
Etidronic acid,Dronedarone,1
Etidronic acid,Bepridil,1
Leflunomide,Sitaxentan,1
Leflunomide,Erdafitinib,1
Leflunomide,Teriflunomide,2
Leflunomide,Nintedanib,1
Leflunomide,Foreskin keratinocyte (neonatal),1
Leflunomide,Regorafenib,1
Leflunomide,Macitentan,1
Leflunomide,Foreskin fibroblast (neonatal),1
Leflunomide,Selpercatinib,1
Leflunomide,Flavin mononucleotide,2
Leflunomide,Futibatinib,1
Leflunomide,Fostamatinib,1
Leflunomide,Lenvatinib,1
Leflunomide,Atovaquone,2
Leflunomide,Heparin,1
Leflunomide,Infigratinib,1
Leflunomide,Pralsetinib,1
Leflunomide,Pazopanib,1
Leflunomide,Ambrisentan,1
Leflunomide,Pemigatinib,1
Leflunomide,Ponatinib,1
Deslanoside,Magnesium acetate,1
Deslanoside,Digitoxin,1
Deslanoside,Potassium,1
Deslanoside,Potassium acetate,1
Deslanoside,Aluminium,1
Deslanoside,Aluminum acetate,1
Deslanoside,Potassium cation,1
Deslanoside,Aluminium phosphate,1
Deslanoside,Potassium sulfate,1
Deslanoside,Ouabain,1
Deslanoside,Diazoxide,1
Deslanoside,Almitrine,1
Deslanoside,Ciclopirox,1
Deslanoside,Magnesium cation,1
Deslanoside,Bretylium,1
Deslanoside,Bepridil,1
Vigabatrin,Levetiracetam,1
Vigabatrin,Zinc acetate,1
Vigabatrin,Insulin detemir,1
Vigabatrin,Halothane,1
Vigabatrin,Ziconotide,1
Vigabatrin,Flavin mononucleotide,1
Vigabatrin,Sevoflurane,1
Vigabatrin,Eflornithine,1
Vigabatrin,Brigatinib,1
Vigabatrin,Gabapentin enacarbil,1
Vigabatrin,Quinidine barbiturate,1
Vigabatrin,Zinc chloride,1
Vigabatrin,Insulin beef,1
Vigabatrin,Fostamatinib,1
Vigabatrin,D-Serine,1
Vigabatrin,Nandrolone decanoate,1
Vigabatrin,Desflurane,1
Vigabatrin,Insulin aspart,1
Vigabatrin,Insulin degludec,1
Vigabatrin,Somatrem,1
Vigabatrin,Zinc,1
Vigabatrin,Zopiclone,1
Vigabatrin,Cannabidiol,1
Vigabatrin,Taurine,1
Vigabatrin,Ginkgo biloba,1
Vigabatrin,Mecasermin rinfabate,1
Vigabatrin,Mecasermin,1
Vigabatrin,Butobarbital,1
Vigabatrin,Copper,1
Vigabatrin,Carboxymethylcellulose,1
Vigabatrin,"Zinc sulfate, unspecified form",1
Vigabatrin,Flumazenil,1
Vigabatrin,Teprotumumab,1
Vigabatrin,Amobarbital,1
Vigabatrin,Bepridil,1
Iloprost,Crisaborole,2
Pentolinium,Levacetylmethadol,2
Pentolinium,Varenicline,2
Pentolinium,Bupropion,2
Ouabain,Magnesium acetate,1
Ouabain,Digitoxin,1
Ouabain,Potassium,1
Ouabain,Aluminium,1
Ouabain,Ziconotide,1
Ouabain,Potassium cation,1
Ouabain,Aluminium phosphate,1
Ouabain,Potassium sulfate,1
Ouabain,Almitrine,1
Ouabain,Ciclopirox,1
Ouabain,Magnesium cation,1
Ouabain,Amylmetacresol,1
Ouabain,Potassium acetate,1
Ouabain,Aluminum acetate,1
Ouabain,Metergoline,1
Ouabain,Bioallethrin,1
Ouabain,Diazoxide,1
Ouabain,Bretylium,1
Ouabain,Bepridil,2
Flucytosine,Decitabine,1
Pimozide,Doxepin,3
Pimozide,Vernakalant,3
Pimozide,Calcium Phosphate,3
Pimozide,Chlorobutanol,3
Pimozide,Calcium phosphate dihydrate,3
Pimozide,Calcium levulinate,3
Pimozide,Carvedilol,3
Pimozide,Flecainide,3
Pimozide,Nifedipine,3
Pimozide,Calcium citrate,3
Pimozide,Isavuconazole,3
Pimozide,Prenylamine,3
Pimozide,Potassium nitrate,3
Pimozide,Dronedarone,3
Pimozide,Pitolisant,3
Pimozide,Clarithromycin,3
Pimozide,Halofantrine,3
Pimozide,Sertindole,3
Pimozide,Pentoxyverine,3
Pimozide,Propafenone,3
Pimozide,Nefazodone,3
Pimozide,Flunarizine,3
Pimozide,Terazosin,3
Pimozide,Dequalinium,3
Pimozide,Bepridil,6
Methyprylon,Thiamylal,1
Methyprylon,Artenimol,1
Methyprylon,Halothane,1
Methyprylon,Acetylcysteine,1
Methyprylon,Ziconotide,1
Methyprylon,Orphenadrine,1
Methyprylon,Everolimus,1
Methyprylon,Zopiclone,1
Methyprylon,Dalfampridine,1
Methyprylon,Phenobarbital,1
Methyprylon,Taurine,1
Methyprylon,Quinidine barbiturate,1
Methyprylon,Propanoic acid,1
Methyprylon,Ginkgo biloba,1
Methyprylon,Butobarbital,1
Methyprylon,Carboxymethylcellulose,1
Methyprylon,Fostamatinib,1
Methyprylon,Flumazenil,1
Methyprylon,Glutethimide,1
Methyprylon,Lumateperone,1
Methyprylon,D-Serine,1
Methyprylon,Amobarbital,1
Methyprylon,Bioallethrin,1
Methyprylon,Esketamine,1
Methyprylon,Temsirolimus,1
Methyprylon,Bepridil,1
Heparin,Ganirelix,1
Heparin,Erdafitinib,16
Heparin,Glasdegib,1
Heparin,Coagulation factor VII human,2
Heparin,Regorafenib,16
Heparin,Artenimol,2
Heparin,Calcium phosphate dihydrate,1
Heparin,Flavin mononucleotide,1
Heparin,Selpercatinib,16
Heparin,Bemiparin,3
Heparin,Enoxaparin,3
Heparin,Halcinonide,1
Heparin,Nonacog beta pegol,2
Heparin,Triptorelin,1
Heparin,Infigratinib,16
Heparin,Pazopanib,1
Heparin,Calcium citrate,1
Heparin,Danazol,1
Heparin,Anti-inhibitor coagulant complex,2
Heparin,Turoctocog alfa pegol,2
Heparin,Degarelix,1
Heparin,Albutrepenonacog alfa,2
Heparin,Danaparoid,1
Heparin,Nintedanib,16
Heparin,Foreskin keratinocyte (neonatal),10
Heparin,Elagolix,1
Heparin,Protein S human,2
Heparin,Relugolix,1
Heparin,Fostamatinib,17
Heparin,Alpelisib,1
Heparin,Betrixaban,2
Heparin,Coagulation Factor IX Human,2
Heparin,Protamine sulfate,3
Heparin,Buserelin,1
Heparin,Apixaban,2
Heparin,Dalteparin,1
Heparin,Turoctocog alfa,2
Heparin,Ambrisentan,1
Heparin,Tivozanib,8
Heparin,Rivaroxaban,2
Heparin,Vismodegib,1
Heparin,Pemigatinib,16
Heparin,Ponatinib,16
Heparin,Sitaxentan,1
Heparin,Teriflunomide,1
Heparin,Moroctocog alfa,2
Heparin,Calcium Phosphate,1
Heparin,Lonoctocog alfa,2
Heparin,Emicizumab,2
Heparin,Foreskin fibroblast (neonatal),10
Heparin,Futibatinib,16
Heparin,Atovaquone,1
Heparin,Lenvatinib,16
Heparin,Antithrombin III human,1
Heparin,Pralsetinib,16
Heparin,Ezogabine,1
Heparin,Flavone,1
Heparin,Copanlisib,1
Heparin,Gestrinone,1
Heparin,Tinzaparin,1
Heparin,Histrelin,1
Heparin,Kappadione,2
Heparin,Linzagolix,1
Heparin,Edoxaban,2
Heparin,Sulodexide,1
Heparin,Macitentan,1
Heparin,Copper,3
Heparin,Nadroparin,1
Heparin,Sonidegib,1
Heparin,Antithrombin Alfa,2
Heparin,Antihemophilic factor human,2
Papaverine,Triflusal,2
Nifedipine,Calcium Phosphate,3
Nifedipine,Artenimol,1
Nifedipine,Calcium phosphate dihydrate,3
Nifedipine,Calcium levulinate,3
Nifedipine,Levamlodipine,5
Nifedipine,Nilvadipine,5
Nifedipine,Calcium citrate,3
Nifedipine,Isavuconazole,4
Nifedipine,Prenylamine,3
Nifedipine,Mavacamten,1
Nifedipine,Dronedarone,5
Nifedipine,Clevidipine,5
Nifedipine,Propiverine,4
Nifedipine,Flunarizine,3
Nifedipine,Dequalinium,3
Nifedipine,Bepridil,4
Atovaquone,Sitaxentan,1
Atovaquone,Erdafitinib,1
Atovaquone,Teriflunomide,2
Atovaquone,Nintedanib,1
Atovaquone,Foreskin keratinocyte (neonatal),1
Atovaquone,Regorafenib,1
Atovaquone,Macitentan,1
Atovaquone,Foreskin fibroblast (neonatal),1
Atovaquone,Selpercatinib,1
Atovaquone,Flavin mononucleotide,2
Atovaquone,Futibatinib,1
Atovaquone,Fostamatinib,1
Atovaquone,Lenvatinib,1
Atovaquone,Infigratinib,1
Atovaquone,Pralsetinib,1
Atovaquone,Pazopanib,1
Atovaquone,Ambrisentan,1
Atovaquone,Pemigatinib,1
Atovaquone,Ponatinib,1
Diazoxide,Glymidine,1
Diazoxide,Magnesium acetate,1
Diazoxide,Diclofenamide,1
Diazoxide,Zinc acetate,3
Diazoxide,Digitoxin,1
Diazoxide,Potassium,1
Diazoxide,Thiamylal,7
Diazoxide,Aluminium,1
Diazoxide,Potassium cation,1
Diazoxide,Tolbutamide,1
Diazoxide,Aluminium phosphate,1
Diazoxide,Potassium sulfate,1
Diazoxide,Quinethazone,1
Diazoxide,Brinzolamide,1
Diazoxide,Zinc,3
Diazoxide,Isavuconazole,7
Diazoxide,Sodium carbonate,1
Diazoxide,Lauric acid,2
Diazoxide,Almitrine,1
Diazoxide,Sodium sulfate,1
Diazoxide,Ciclopirox,1
Diazoxide,Magnesium cation,1
Diazoxide,Zinc chloride,3
Diazoxide,Gliclazide,1
Diazoxide,Potassium acetate,1
Diazoxide,Aluminum acetate,1
Diazoxide,Sulthiame,1
Diazoxide,"Zinc sulfate, unspecified form",3
Diazoxide,Urea,1
Diazoxide,Gliquidone,1
Diazoxide,Polyethylene glycol 400,1
Diazoxide,Bretylium,1
Diazoxide,Bepridil,1
Gliclazide,Glymidine,1
Gliclazide,Zinc chloride,1
Gliclazide,Zinc acetate,1
Gliclazide,Thiamylal,1
Gliclazide,Tolbutamide,1
Gliclazide,"Zinc sulfate, unspecified form",1
Gliclazide,Zinc,1
Gliclazide,Isavuconazole,1
Gliclazide,Gliquidone,1
Phenacemide,Permethrin,6
Phenacemide,Nitrazepam,6
Phenacemide,Phenazopyridine,6
Proflavine,Dabigatran etexilate,2
Proflavine,Zinc acetate,2
Proflavine,Human C1-esterase inhibitor,2
Proflavine,Copper,2
Proflavine,Enoxaparin,2
Proflavine,Coagulation Factor IX Human,2
Proflavine,Thrombomodulin Alfa,2
Proflavine,Zinc,2
Proflavine,Turoctocog alfa,2
Proflavine,Conestat alfa,2
Proflavine,Anti-inhibitor coagulant complex,2
Proflavine,Antithrombin Alfa,2
Proflavine,Turoctocog alfa pegol,2
Proflavine,Kappadione,2
Proflavine,Ximelagatran,2
Tolbutamide,Glymidine,2
Tolbutamide,Zinc chloride,1
Tolbutamide,Zinc acetate,1
Tolbutamide,Thiamylal,1
Tolbutamide,"Zinc sulfate, unspecified form",1
Tolbutamide,Zinc,1
Tolbutamide,Isavuconazole,1
Tolbutamide,Gliquidone,1
Anisindione,Coagulation Factor IX Human,2
Anisindione,Kappadione,2
Dutasteride,Finasteride,1
Prednicarbate,Fluticasone furoate,1
Prednicarbate,Ulipristal,1
Prednicarbate,Fluoxymesterone,1
Prednicarbate,Hydrocortisone acetate,1
Prednicarbate,Ciclesonide,1
Prednicarbate,Mometasone furoate,1
Prednicarbate,Difluprednate,1
Prednicarbate,Hydrocortisone phosphate,1
Prednicarbate,Gestrinone,1
Prednicarbate,Desonide,1
Prednicarbate,Betamethasone phosphate,1
Prednicarbate,Segesterone acetate,1
Prednicarbate,Hydrocortisone cypionate,1
Prednicarbate,Hydrocortisone probutate,1
Prednicarbate,Clobetasone,1
Prednicarbate,Hydrocortisone valerate,1
Prednicarbate,Prednisolone phosphate,1
Prednicarbate,Cortisone acetate,1
Prednicarbate,Drospirenone,1
Prednicarbate,Dexamethasone,1
Prednicarbate,Hydrocortisone butyrate,1
Prednicarbate,Prednisolone acetate,1
Prednicarbate,Dexamethasone acetate,1
Prednicarbate,Difluocortolone,1
Prednicarbate,Budesonide,1
Prednicarbate,Deflazacort,1
Prednicarbate,Fluticasone,1
Prednicarbate,Tixocortol,1
Carvedilol,Doxepin,3
Carvedilol,Zinc acetate,1
Carvedilol,Vernakalant,3
Carvedilol,Yohimbine,1
Carvedilol,Quetiapine,1
Carvedilol,Mianserin,1
Carvedilol,Methotrimeprazine,1
Carvedilol,Paliperidone,1
Carvedilol,Isavuconazole,3
Carvedilol,Pitolisant,3
Carvedilol,Dronedarone,4
Carvedilol,Zinc chloride,1
Carvedilol,Halofantrine,3
Carvedilol,Aripiprazole lauroxil,1
Carvedilol,Pentoxyverine,3
Carvedilol,Propafenone,3
Carvedilol,Nefazodone,3
Carvedilol,Celiprolol,1
Carvedilol,Pizotifen,1
Carvedilol,Droxidopa,1
Carvedilol,Chlorobutanol,3
Carvedilol,Bromocriptine,1
Carvedilol,Rotigotine,1
Carvedilol,Metamfetamine,1
Carvedilol,Flecainide,3
Carvedilol,Asenapine,1
Carvedilol,Zinc,1
Carvedilol,Potassium nitrate,3
Carvedilol,Racepinephrine,1
Carvedilol,Clarithromycin,3
Carvedilol,Xylometazoline,1
Carvedilol,Sertindole,3
Carvedilol,Copper,1
Carvedilol,"Zinc sulfate, unspecified form",1
Carvedilol,Aripiprazole,1
Carvedilol,Terazosin,3
Carvedilol,Bepridil,3
Sulfinpyrazone,Tezacaftor,1
Sulfinpyrazone,Dexibuprofen,1
Sulfinpyrazone,Crofelemer,1
Sulfinpyrazone,Ivacaftor,1
Sulfinpyrazone,Lumacaftor,1
Sulfinpyrazone,Elexacaftor,1
Doxepin,Vernakalant,3
Doxepin,Chlorobutanol,3
Doxepin,Flecainide,3
Doxepin,Isavuconazole,3
Doxepin,Potassium nitrate,3
Doxepin,Dronedarone,3
Doxepin,Pitolisant,3
Doxepin,Clarithromycin,3
Doxepin,Halofantrine,3
Doxepin,Sertindole,3
Doxepin,Pentoxyverine,3
Doxepin,Propafenone,3
Doxepin,Nefazodone,3
Doxepin,Terazosin,3
Doxepin,Bepridil,3
Diclofenamide,Halothane,1
Diclofenamide,Quinethazone,1
Diclofenamide,Manganese,1
Diclofenamide,Brinzolamide,2
Diclofenamide,Sodium carbonate,2
Diclofenamide,Sodium sulfate,1
Diclofenamide,Sulthiame,1
Diclofenamide,Copper,1
Diclofenamide,Fostamatinib,1
Diclofenamide,Palmitic Acid,1
Diclofenamide,Voretigene neparvovec,1
Diclofenamide,Hyaluronic acid,1
Diclofenamide,Xanthinol,1
Diclofenamide,Urea,1
Diclofenamide,Dequalinium,1
Nefazodone,Vernakalant,3
Nefazodone,Chlorobutanol,3
Nefazodone,Flecainide,3
Nefazodone,Isavuconazole,3
Nefazodone,Potassium nitrate,3
Nefazodone,Dronedarone,3
Nefazodone,Pitolisant,3
Nefazodone,Clarithromycin,3
Nefazodone,Halofantrine,3
Nefazodone,Sertindole,3
Nefazodone,Pentoxyverine,3
Nefazodone,Propafenone,3
Nefazodone,Terazosin,3
Nefazodone,Bepridil,3
Thiamylal,Zinc acetate,3
Thiamylal,Artenimol,1
Thiamylal,Halothane,1
Thiamylal,Acetylcysteine,1
Thiamylal,Ziconotide,1
Thiamylal,Orphenadrine,1
Thiamylal,Everolimus,1
Thiamylal,Isavuconazole,7
Thiamylal,Dalfampridine,1
Thiamylal,Nicorandil,1
Thiamylal,Quinidine barbiturate,1
Thiamylal,Propanoic acid,1
Thiamylal,Zinc chloride,3
Thiamylal,Fostamatinib,1
Thiamylal,Gliquidone,3
Thiamylal,D-Serine,1
Thiamylal,Esketamine,1
Thiamylal,Glymidine,1
Thiamylal,Zinc,3
Thiamylal,Zopiclone,1
Thiamylal,Lauric acid,2
Thiamylal,Phenobarbital,1
Thiamylal,Taurine,1
Thiamylal,Ginkgo biloba,1
Thiamylal,Butobarbital,1
Thiamylal,Carboxymethylcellulose,1
Thiamylal,"Zinc sulfate, unspecified form",3
Thiamylal,Flumazenil,1
Thiamylal,Glutethimide,1
Thiamylal,Lumateperone,1
Thiamylal,Amobarbital,1
Thiamylal,Bioallethrin,1
Thiamylal,Polyethylene glycol 400,1
Thiamylal,Temsirolimus,1
Thiamylal,Bepridil,1
Bupropion,Levacetylmethadol,2
Bupropion,Varenicline,2
Bretylium,Magnesium acetate,1
Bretylium,Digitoxin,1
Bretylium,Potassium,1
Bretylium,Potassium acetate,1
Bretylium,Aluminium,1
Bretylium,Aluminum acetate,1
Bretylium,Potassium cation,1
Bretylium,Aluminium phosphate,1
Bretylium,Potassium sulfate,1
Bretylium,Almitrine,1
Bretylium,Ciclopirox,1
Bretylium,Magnesium cation,1
Bretylium,Bepridil,1
Halothane,Levetiracetam,1
Halothane,Acetylcysteine,2
Halothane,Temsirolimus,1
Halothane,Flavin mononucleotide,1
Halothane,Brigatinib,1
Halothane,Manganese,1
Halothane,Orphenadrine,1
Halothane,Everolimus,1
Halothane,Dalfampridine,1
Halothane,Quinidine barbiturate,2
Halothane,Propanoic acid,1
Halothane,Zinc chloride,1
Halothane,Insulin beef,1
Halothane,Fostamatinib,7
Halothane,D-Serine,2
Halothane,Nandrolone decanoate,1
Halothane,Esketamine,1
Halothane,Insulin degludec,1
Halothane,Somatrem,1
Halothane,Zinc,1
Halothane,Zopiclone,2
Halothane,Sodium carbonate,1
Halothane,Phenobarbital,1
Halothane,Taurine,2
Halothane,Mecasermin,1
Halothane,Copper,2
Halothane,Voretigene neparvovec,1
Halothane,Flumazenil,2
Halothane,Palmitic Acid,3
Halothane,Glutethimide,1
Halothane,Lumateperone,1
Halothane,Bioallethrin,1
Halothane,Bepridil,2
Halothane,Zinc acetate,1
Halothane,Insulin detemir,1
Halothane,Artenimol,1
Halothane,Ziconotide,2
Halothane,Sevoflurane,1
Halothane,Eflornithine,1
Halothane,Gabapentin enacarbil,1
Halothane,Dronedarone,1
Halothane,Clevidipine,1
Halothane,Xanthinol,1
Halothane,Dequalinium,1
Halothane,Desflurane,1
Halothane,Insulin aspart,1
Halothane,Brinzolamide,1
Halothane,Cannabidiol,1
Halothane,Ginkgo biloba,2
Halothane,Mecasermin rinfabate,1
Halothane,Butobarbital,2
Halothane,Carboxymethylcellulose,2
Halothane,"Zinc sulfate, unspecified form",1
Halothane,Teprotumumab,1
Halothane,Belzutifan,2
Halothane,Hyaluronic acid,1
Halothane,Amobarbital,2
Terazosin,Vernakalant,3
Terazosin,Chlorobutanol,3
Terazosin,Hyaluronidase (human recombinant),1
Terazosin,Foreskin fibroblast (neonatal),1
Terazosin,Flecainide,3
Terazosin,Isavuconazole,3
Terazosin,Potassium nitrate,3
Terazosin,Dronedarone,3
Terazosin,Pitolisant,3
Terazosin,Clarithromycin,3
Terazosin,Foreskin keratinocyte (neonatal),1
Terazosin,Halofantrine,3
Terazosin,Sertindole,3
Terazosin,Pentoxyverine,3
Terazosin,Propafenone,3
Terazosin,Hyaluronidase,1
Terazosin,Bepridil,3
Cilostazol,Aminophylline,1
Cilostazol,Enoximone,1
Cilostazol,Oxtriphylline,1
Cilostazol,Amrinone,1
Levetiracetam,Zinc acetate,1
Levetiracetam,Insulin detemir,1
Levetiracetam,Ziconotide,2
Levetiracetam,Flavin mononucleotide,1
Levetiracetam,Sevoflurane,1
Levetiracetam,Eflornithine,1
Levetiracetam,Brigatinib,1
Levetiracetam,Gabapentin enacarbil,1
Levetiracetam,Quinidine barbiturate,1
Levetiracetam,Zinc chloride,1
Levetiracetam,Insulin beef,1
Levetiracetam,Fostamatinib,1
Levetiracetam,D-Serine,1
Levetiracetam,Nandrolone decanoate,1
Levetiracetam,Desflurane,1
Levetiracetam,Insulin aspart,1
Levetiracetam,Insulin degludec,1
Levetiracetam,Somatrem,1
Levetiracetam,Zinc,1
Levetiracetam,Zopiclone,1
Levetiracetam,Cannabidiol,1
Levetiracetam,Taurine,1
Levetiracetam,Ginkgo biloba,1
Levetiracetam,Mecasermin rinfabate,1
Levetiracetam,Mecasermin,1
Levetiracetam,Butobarbital,1
Levetiracetam,Copper,1
Levetiracetam,Carboxymethylcellulose,1
Levetiracetam,"Zinc sulfate, unspecified form",1
Levetiracetam,Flumazenil,1
Levetiracetam,Teprotumumab,1
Levetiracetam,Amobarbital,1
Levetiracetam,Bepridil,1
Arsenic trioxide,Nintedanib,1
Arsenic trioxide,Duvelisib,1
Arsenic trioxide,Tremelimumab,1
Arsenic trioxide,Abatacept,1
Arsenic trioxide,Acetylcysteine,2
Arsenic trioxide,Dasatinib,1
Arsenic trioxide,Fostamatinib,2
Arsenic trioxide,Pazopanib,1
Arsenic trioxide,Umbralisib,1
Arsenic trioxide,Zanubrutinib,1
Arsenic trioxide,Copanlisib,1
Arsenic trioxide,Ponatinib,1
Arsenic trioxide,Ipilimumab,1
Arsenic trioxide,Idelalisib,1
Orphenadrine,Artenimol,1
Orphenadrine,Acetylcysteine,4
Orphenadrine,Ziconotide,1
Orphenadrine,Everolimus,1
Orphenadrine,Zopiclone,1
Orphenadrine,Dalfampridine,1
Orphenadrine,Phenobarbital,1
Orphenadrine,Taurine,1
Orphenadrine,Quinidine barbiturate,1
Orphenadrine,Propanoic acid,1
Orphenadrine,Ginkgo biloba,1
Orphenadrine,Butobarbital,1
Orphenadrine,Carboxymethylcellulose,1
Orphenadrine,Fostamatinib,1
Orphenadrine,Flumazenil,1
Orphenadrine,Glutethimide,1
Orphenadrine,Lumateperone,1
Orphenadrine,D-Serine,3
Orphenadrine,Amobarbital,1
Orphenadrine,Bioallethrin,1
Orphenadrine,Esketamine,1
Orphenadrine,Temsirolimus,1
Orphenadrine,Bepridil,1
Phenobarbital,Artenimol,1
Phenobarbital,Acetylcysteine,1
Phenobarbital,Ziconotide,1
Phenobarbital,Everolimus,1
Phenobarbital,Zopiclone,1
Phenobarbital,Dalfampridine,1
Phenobarbital,Taurine,1
Phenobarbital,Quinidine barbiturate,3
Phenobarbital,Propanoic acid,1
Phenobarbital,Ginkgo biloba,1
Phenobarbital,Butobarbital,4
Phenobarbital,Carboxymethylcellulose,1
Phenobarbital,Fostamatinib,1
Phenobarbital,Flumazenil,1
Phenobarbital,Glutethimide,1
Phenobarbital,Lumateperone,1
Phenobarbital,Fluciclovine (18F),2
Phenobarbital,D-Serine,1
Phenobarbital,Amobarbital,4
Phenobarbital,Bioallethrin,1
Phenobarbital,Esketamine,1
Phenobarbital,Temsirolimus,1
Phenobarbital,Bepridil,1
Podofilox,Cabazitaxel,1
Rescinnamine,Cilazapril,2
Rescinnamine,Captopril,2
Rescinnamine,Spirapril,2
Rescinnamine,Zofenopril,2
Rescinnamine,Enalaprilat,2
Propafenone,Vernakalant,7
Propafenone,Ajmaline,4
Propafenone,Chlorobutanol,3
Propafenone,Flecainide,7
Propafenone,Encainide,4
Propafenone,Fosphenytoin,4
Propafenone,Isavuconazole,7
Propafenone,Potassium nitrate,3
Propafenone,Dronedarone,7
Propafenone,Pitolisant,3
Propafenone,Quinidine barbiturate,4
Propafenone,Clarithromycin,3
Propafenone,Halofantrine,3
Propafenone,Sertindole,3
Propafenone,Pentoxyverine,3
Propafenone,Bepridil,4
Fluoxymesterone,Fluticasone furoate,1
Fluoxymesterone,Ulipristal,1
Fluoxymesterone,Hydrocortisone acetate,2
Fluoxymesterone,Ciclesonide,1
Fluoxymesterone,Mometasone furoate,1
Fluoxymesterone,Difluprednate,1
Fluoxymesterone,Hydrocortisone phosphate,2
Fluoxymesterone,Gestrinone,1
Fluoxymesterone,Desonide,1
Fluoxymesterone,Betamethasone phosphate,1
Fluoxymesterone,Segesterone acetate,1
Fluoxymesterone,Hydrocortisone cypionate,2
Fluoxymesterone,Hydrocortisone probutate,2
Fluoxymesterone,Clobetasone,1
Fluoxymesterone,Hydrocortisone valerate,2
Fluoxymesterone,Prednisolone phosphate,1
Fluoxymesterone,Cortisone acetate,1
Fluoxymesterone,Drospirenone,1
Fluoxymesterone,Dexamethasone,1
Fluoxymesterone,Hydrocortisone butyrate,2
Fluoxymesterone,Prednisolone acetate,1
Fluoxymesterone,Dexamethasone acetate,1
Fluoxymesterone,Difluocortolone,1
Fluoxymesterone,Budesonide,1
Fluoxymesterone,Deflazacort,1
Fluoxymesterone,Fluticasone,1
Fluoxymesterone,Tixocortol,1
Ciclopirox,Magnesium acetate,1
Ciclopirox,Digitoxin,1
Ciclopirox,Potassium,1
Ciclopirox,Potassium acetate,1
Ciclopirox,Aluminium,1
Ciclopirox,Aluminum acetate,1
Ciclopirox,Potassium cation,1
Ciclopirox,Aluminium phosphate,1
Ciclopirox,Potassium sulfate,1
Ciclopirox,Almitrine,1
Ciclopirox,Magnesium cation,1
Ciclopirox,Bepridil,1
Desflurane,Zinc acetate,1
Desflurane,Insulin detemir,1
Desflurane,Ziconotide,1
Desflurane,Flavin mononucleotide,1
Desflurane,Sevoflurane,1
Desflurane,Eflornithine,1
Desflurane,Brigatinib,1
Desflurane,Gabapentin enacarbil,1
Desflurane,Dalfampridine,1
Desflurane,Quinidine barbiturate,1
Desflurane,Zinc chloride,1
Desflurane,Insulin beef,1
Desflurane,Fostamatinib,1
Desflurane,D-Serine,1
Desflurane,Nandrolone decanoate,1
Desflurane,Amifampridine,1
Desflurane,Insulin aspart,1
Desflurane,Insulin degludec,1
Desflurane,Somatrem,1
Desflurane,Zinc,1
Desflurane,Zopiclone,1
Desflurane,Cannabidiol,1
Desflurane,Taurine,1
Desflurane,Ginkgo biloba,1
Desflurane,Mecasermin rinfabate,1
Desflurane,Mecasermin,1
Desflurane,Butobarbital,1
Desflurane,Copper,1
Desflurane,Carboxymethylcellulose,1
Desflurane,"Zinc sulfate, unspecified form",1
Desflurane,Flumazenil,1
Desflurane,Teprotumumab,1
Desflurane,Amobarbital,1
Desflurane,Bepridil,1
Brinzolamide,Quinethazone,1
Brinzolamide,Manganese,1
Brinzolamide,Sodium carbonate,2
Brinzolamide,Sodium sulfate,1
Brinzolamide,Sulthiame,1
Brinzolamide,Copper,1
Brinzolamide,Fostamatinib,1
Brinzolamide,Palmitic Acid,1
Brinzolamide,Voretigene neparvovec,1
Brinzolamide,Hyaluronic acid,1
Brinzolamide,Xanthinol,1
Brinzolamide,Urea,1
Brinzolamide,Dequalinium,1
Flecainide,Vernakalant,7
Flecainide,Ajmaline,4
Flecainide,Chlorobutanol,3
Flecainide,Encainide,4
Flecainide,Fosphenytoin,4
Flecainide,Isavuconazole,7
Flecainide,Potassium nitrate,3
Flecainide,Dronedarone,7
Flecainide,Pitolisant,3
Flecainide,Quinidine barbiturate,4
Flecainide,Clarithromycin,3
Flecainide,Halofantrine,3
Flecainide,Tetracaine,1
Flecainide,Sertindole,3
Flecainide,Pentoxyverine,3
Flecainide,Bepridil,4
Captopril,Cilazapril,2
Captopril,Zinc chloride,1
Captopril,Zinc acetate,1
Captopril,"Zinc sulfate, unspecified form",1
Captopril,Spirapril,2
Captopril,Zinc,1
Captopril,Zofenopril,2
Captopril,Enalaprilat,2
Zopiclone,Zinc acetate,1
Zopiclone,Insulin detemir,1
Zopiclone,Artenimol,1
Zopiclone,Acetylcysteine,1
Zopiclone,Ziconotide,2
Zopiclone,Flavin mononucleotide,1
Zopiclone,Sevoflurane,1
Zopiclone,Eflornithine,1
Zopiclone,Brigatinib,1
Zopiclone,Everolimus,1
Zopiclone,Gabapentin enacarbil,1
Zopiclone,Dalfampridine,1
Zopiclone,Quinidine barbiturate,2
Zopiclone,Propanoic acid,1
Zopiclone,Zinc chloride,1
Zopiclone,Insulin beef,1
Zopiclone,Fostamatinib,2
Zopiclone,D-Serine,2
Zopiclone,Nandrolone decanoate,1
Zopiclone,Esketamine,1
Zopiclone,Insulin aspart,1
Zopiclone,Insulin degludec,1
Zopiclone,Somatrem,1
Zopiclone,Zinc,1
Zopiclone,Cannabidiol,1
Zopiclone,Taurine,2
Zopiclone,Ginkgo biloba,2
Zopiclone,Mecasermin rinfabate,1
Zopiclone,Mecasermin,1
Zopiclone,Butobarbital,2
Zopiclone,Copper,1
Zopiclone,Carboxymethylcellulose,2
Zopiclone,"Zinc sulfate, unspecified form",1
Zopiclone,Flumazenil,2
Zopiclone,Glutethimide,1
Zopiclone,Teprotumumab,1
Zopiclone,Lumateperone,1
Zopiclone,Amobarbital,2
Zopiclone,Bioallethrin,1
Zopiclone,Temsirolimus,1
Zopiclone,Bepridil,2
Bromocriptine,Rotigotine,1
Bromocriptine,Yohimbine,1
Bromocriptine,Metamfetamine,1
Bromocriptine,Quetiapine,1
Bromocriptine,Mianserin,1
Bromocriptine,Methotrimeprazine,1
Bromocriptine,Asenapine,1
Bromocriptine,Paliperidone,1
Bromocriptine,Racepinephrine,1
Bromocriptine,Dronedarone,1
Bromocriptine,Xylometazoline,1
Bromocriptine,Aripiprazole lauroxil,1
Bromocriptine,Aripiprazole,1
Bromocriptine,Celiprolol,1
Bromocriptine,Pizotifen,1
Bromocriptine,Droxidopa,1
Flumazenil,Erdafitinib,1
Flumazenil,Zinc acetate,1
Flumazenil,Insulin detemir,1
Flumazenil,Artenimol,2
Flumazenil,Acetylcysteine,1
Flumazenil,Ziconotide,2
Flumazenil,Flavin mononucleotide,1
Flumazenil,Selpercatinib,1
Flumazenil,Sevoflurane,1
Flumazenil,Infigratinib,1
Flumazenil,Eflornithine,1
Flumazenil,Brigatinib,1
Flumazenil,Aluminum chloride,1
Flumazenil,Everolimus,1
Flumazenil,Pazopanib,1
Flumazenil,Gabapentin enacarbil,2
Flumazenil,Dalfampridine,1
Flumazenil,Quinidine barbiturate,2
Flumazenil,Propanoic acid,1
Flumazenil,Nintedanib,1
Flumazenil,Zinc chloride,1
Flumazenil,Insulin beef,1
Flumazenil,Fostamatinib,3
Flumazenil,D-Serine,2
Flumazenil,Nandrolone decanoate,1
Flumazenil,Pemigatinib,1
Flumazenil,Ponatinib,1
Flumazenil,Esketamine,1
Flumazenil,Insulin aspart,1
Flumazenil,Insulin degludec,1
Flumazenil,Somatrem,1
Flumazenil,Futibatinib,1
Flumazenil,Lenvatinib,1
Flumazenil,Zinc,1
Flumazenil,Cannabidiol,1
Flumazenil,Taurine,2
Flumazenil,Ginkgo biloba,4
Flumazenil,Mecasermin rinfabate,1
Flumazenil,Mecasermin,1
Flumazenil,Butobarbital,2
Flumazenil,Copper,2
Flumazenil,Carboxymethylcellulose,2
Flumazenil,"Zinc sulfate, unspecified form",1
Flumazenil,Glutethimide,1
Flumazenil,Teprotumumab,1
Flumazenil,Lumateperone,1
Flumazenil,Amobarbital,2
Flumazenil,Bioallethrin,1
Flumazenil,Temsirolimus,1
Flumazenil,Bepridil,3
Clarithromycin,Vernakalant,3
Clarithromycin,Chlorobutanol,3
Clarithromycin,Isavuconazole,3
Clarithromycin,Potassium nitrate,3
Clarithromycin,Dronedarone,3
Clarithromycin,Pitolisant,3
Clarithromycin,Halofantrine,3
Clarithromycin,Sertindole,3
Clarithromycin,Pentoxyverine,3
Clarithromycin,Bepridil,3
Fomepizole,Cannabidiol,1
Fomepizole,Benzoyl peroxide,1
Halofantrine,Vernakalant,3
Halofantrine,Chlorobutanol,3
Halofantrine,Isavuconazole,3
Halofantrine,Potassium nitrate,3
Halofantrine,Dronedarone,3
Halofantrine,Pitolisant,3
Halofantrine,Sertindole,3
Halofantrine,Pentoxyverine,3
Halofantrine,Bepridil,3
Dantrolene,Tetracaine,3
Budesonide,Fluticasone furoate,1
Budesonide,Ulipristal,1
Budesonide,Hydrocortisone acetate,1
Budesonide,Ciclesonide,1
Budesonide,Mometasone furoate,1
Budesonide,Difluprednate,1
Budesonide,Hydrocortisone phosphate,1
Budesonide,Gestrinone,1
Budesonide,Desonide,1
Budesonide,Betamethasone phosphate,1
Budesonide,Segesterone acetate,1
Budesonide,Hydrocortisone cypionate,1
Budesonide,Hydrocortisone probutate,1
Budesonide,Clobetasone,1
Budesonide,Hydrocortisone valerate,1
Budesonide,Prednisolone phosphate,1
Budesonide,Cortisone acetate,1
Budesonide,Drospirenone,1
Budesonide,Dexamethasone,1
Budesonide,Hydrocortisone butyrate,1
Budesonide,Prednisolone acetate,1
Budesonide,Dexamethasone acetate,1
Budesonide,Difluocortolone,1
Budesonide,Deflazacort,1
Budesonide,Fluticasone,1
Budesonide,Tixocortol,1
Aminophylline,Enoximone,1
Aminophylline,Oxtriphylline,1
Aminophylline,Amrinone,1
Quetiapine,Rotigotine,1
Quetiapine,Yohimbine,1
Quetiapine,Metamfetamine,1
Quetiapine,Mianserin,1
Quetiapine,Methotrimeprazine,1
Quetiapine,Asenapine,1
Quetiapine,Paliperidone,1
Quetiapine,Racepinephrine,1
Quetiapine,Dronedarone,1
Quetiapine,Xylometazoline,1
Quetiapine,Aripiprazole lauroxil,1
Quetiapine,Aripiprazole,1
Quetiapine,Celiprolol,1
Quetiapine,Pizotifen,1
Quetiapine,Droxidopa,1
Enoxaparin,Moroctocog alfa,2
Enoxaparin,Zinc acetate,2
Enoxaparin,Emicizumab,2
Enoxaparin,Coagulation factor VII human,2
Enoxaparin,Lonoctocog alfa,2
Enoxaparin,Bemiparin,3
Enoxaparin,Antithrombin III human,1
Enoxaparin,Nonacog beta pegol,2
Enoxaparin,Zinc,2
Enoxaparin,Conestat alfa,2
Enoxaparin,Anti-inhibitor coagulant complex,4
Enoxaparin,Turoctocog alfa pegol,4
Enoxaparin,Tinzaparin,1
Enoxaparin,Kappadione,4
Enoxaparin,Albutrepenonacog alfa,2
Enoxaparin,Danaparoid,1
Enoxaparin,Dabigatran etexilate,2
Enoxaparin,Edoxaban,2
Enoxaparin,Human C1-esterase inhibitor,2
Enoxaparin,Sulodexide,1
Enoxaparin,Protein S human,2
Enoxaparin,Copper,3
Enoxaparin,Betrixaban,2
Enoxaparin,Coagulation Factor IX Human,4
Enoxaparin,Nadroparin,1
Enoxaparin,Protamine sulfate,3
Enoxaparin,Apixaban,2
Enoxaparin,Dalteparin,1
Enoxaparin,Thrombomodulin Alfa,2
Enoxaparin,Turoctocog alfa,4
Enoxaparin,Antithrombin Alfa,4
Enoxaparin,Rivaroxaban,2
Enoxaparin,Antihemophilic factor human,2
Enoxaparin,Ximelagatran,2
Levacetylmethadol,Varenicline,2
Encainide,Quinidine barbiturate,4
Encainide,Vernakalant,4
Encainide,Ajmaline,4
Encainide,Fosphenytoin,4
Encainide,Isavuconazole,4
Encainide,Dronedarone,4
Encainide,Bepridil,1
Dexamethasone,Tetracosactide,1
Dexamethasone,Mometasone furoate,1
Dexamethasone,Betamethasone phosphate,1
Dexamethasone,Segesterone acetate,1
Dexamethasone,Hydrocortisone valerate,1
Dexamethasone,Bremelanotide,1
Dexamethasone,Corticotropin,1
Dexamethasone,Cortisone acetate,1
Dexamethasone,Drospirenone,1
Dexamethasone,Difluocortolone,1
Dexamethasone,Xanthinol,1
Dexamethasone,Fluticasone,1
Dexamethasone,Deflazacort,1
Dexamethasone,Tixocortol,1
Dexamethasone,Fluticasone furoate,1
Dexamethasone,Ulipristal,1
Dexamethasone,Hydrocortisone acetate,1
Dexamethasone,Ciclesonide,1
Dexamethasone,Difluprednate,1
Dexamethasone,Hydrocortisone phosphate,1
Dexamethasone,Gestrinone,1
Dexamethasone,Desonide,1
Dexamethasone,Hydrocortisone cypionate,1
Dexamethasone,Hydrocortisone probutate,1
Dexamethasone,Clobetasone,1
Dexamethasone,Prednisolone phosphate,1
Dexamethasone,Prednisolone acetate,1
Dexamethasone,Hydrocortisone butyrate,1
Dexamethasone,Dexamethasone acetate,3
Dexamethasone,Seractide acetate,1
Sevoflurane,Zinc acetate,1
Sevoflurane,Insulin detemir,1
Sevoflurane,Ziconotide,1
Sevoflurane,Flavin mononucleotide,1
Sevoflurane,Eflornithine,1
Sevoflurane,Brigatinib,1
Sevoflurane,Gabapentin enacarbil,1
Sevoflurane,Quinidine barbiturate,1
Sevoflurane,Zinc chloride,1
Sevoflurane,Insulin beef,1
Sevoflurane,Fostamatinib,1
Sevoflurane,D-Serine,1
Sevoflurane,Nandrolone decanoate,1
Sevoflurane,Insulin aspart,1
Sevoflurane,Insulin degludec,1
Sevoflurane,Somatrem,1
Sevoflurane,Zinc,1
Sevoflurane,Cannabidiol,1
Sevoflurane,Taurine,1
Sevoflurane,Ginkgo biloba,1
Sevoflurane,Mecasermin rinfabate,1
Sevoflurane,Mecasermin,1
Sevoflurane,Butobarbital,1
Sevoflurane,Copper,1
Sevoflurane,Carboxymethylcellulose,1
Sevoflurane,"Zinc sulfate, unspecified form",1
Sevoflurane,Teprotumumab,1
Sevoflurane,Amobarbital,1
Sevoflurane,Bepridil,1
Aripiprazole,Rotigotine,1
Aripiprazole,Yohimbine,1
Aripiprazole,Metamfetamine,1
Aripiprazole,Mianserin,1
Aripiprazole,Methotrimeprazine,1
Aripiprazole,Asenapine,1
Aripiprazole,Paliperidone,1
Aripiprazole,Racepinephrine,1
Aripiprazole,Dronedarone,1
Aripiprazole,Xylometazoline,1
Aripiprazole,Aripiprazole lauroxil,1
Aripiprazole,Celiprolol,1
Aripiprazole,Pizotifen,1
Aripiprazole,Droxidopa,1
Bepridil,Erdafitinib,1
Bepridil,Vernakalant,4
Bepridil,Potassium,1
Bepridil,Acetylcysteine,1
Bepridil,Temsirolimus,1
Bepridil,Flavin mononucleotide,1
Bepridil,Potassium sulfate,1
Bepridil,Brigatinib,1
Bepridil,Aluminum chloride,1
Bepridil,Everolimus,1
Bepridil,Dalfampridine,1
Bepridil,Pitolisant,3
Bepridil,Quinidine barbiturate,3
Bepridil,Propanoic acid,1
Bepridil,Zinc chloride,1
Bepridil,Insulin beef,1
Bepridil,Fostamatinib,3
Bepridil,D-Serine,2
Bepridil,Nandrolone decanoate,1
Bepridil,Ponatinib,1
Bepridil,Esketamine,1
Bepridil,Digitoxin,1
Bepridil,Chlorobutanol,3
Bepridil,Calcium Phosphate,3
Bepridil,Insulin degludec,1
Bepridil,Potassium cation,1
Bepridil,Somatrem,1
Bepridil,Nilvadipine,1
Bepridil,Zinc,1
Bepridil,Prenylamine,3
Bepridil,Taurine,2
Bepridil,Mecasermin,1
Bepridil,Copper,2
Bepridil,Propiverine,1
Bepridil,Glutethimide,1
Bepridil,Lumateperone,1
Bepridil,Flunarizine,3
Bepridil,Bioallethrin,3
Bepridil,Zinc acetate,1
Bepridil,Insulin detemir,1
Bepridil,Aluminium,1
Bepridil,Artenimol,3
Bepridil,Ziconotide,4
Bepridil,Calcium phosphate dihydrate,3
Bepridil,Selpercatinib,1
Bepridil,Levamlodipine,1
Bepridil,Aluminium phosphate,1
Bepridil,Infigratinib,1
Bepridil,Eflornithine,1
Bepridil,Fosphenytoin,1
Bepridil,Pazopanib,1
Bepridil,Gabapentin enacarbil,4
Bepridil,Calcium citrate,3
Bepridil,Isavuconazole,6
Bepridil,Mavacamten,1
Bepridil,Dronedarone,6
Bepridil,Magnesium cation,1
Bepridil,Clevidipine,1
Bepridil,Nintedanib,1
Bepridil,Pentoxyverine,3
Bepridil,Pemigatinib,1
Bepridil,Dequalinium,3
Bepridil,Magnesium acetate,1
Bepridil,Insulin aspart,1
Bepridil,Ajmaline,1
Bepridil,Calcium levulinate,3
Bepridil,Futibatinib,1
Bepridil,Lenvatinib,1
Bepridil,Cannabidiol,1
Bepridil,Almitrine,1
Bepridil,Potassium nitrate,3
Bepridil,Ginkgo biloba,3
Bepridil,Mecasermin rinfabate,1
Bepridil,Potassium acetate,1
Bepridil,Butobarbital,2
Bepridil,Sertindole,3
Bepridil,Aluminum acetate,1
Bepridil,Carboxymethylcellulose,2
Bepridil,"Zinc sulfate, unspecified form",1
Bepridil,Teprotumumab,1
Bepridil,Amobarbital,2
Gliquidone,Glymidine,1
Gliquidone,Zinc chloride,1
Gliquidone,Zinc acetate,1
Gliquidone,"Zinc sulfate, unspecified form",1
Gliquidone,Zinc,1
Gliquidone,Isavuconazole,1
Gliquidone,Nicorandil,1
Mecasermin,Insulin detemir,5
Mecasermin,Zinc acetate,1
Mecasermin,Ziconotide,1
Mecasermin,Chromic chloride,3
Mecasermin,Flavin mononucleotide,1
Mecasermin,Eflornithine,1
Mecasermin,Brigatinib,5
Mecasermin,Gabapentin enacarbil,1
Mecasermin,Quinidine barbiturate,1
Mecasermin,Zinc chloride,1
Mecasermin,Insulin beef,5
Mecasermin,Fostamatinib,4
Mecasermin,D-Serine,1
Mecasermin,Nandrolone decanoate,2
Mecasermin,Insulin aspart,5
Mecasermin,Insulin degludec,5
Mecasermin,Somatrem,2
Mecasermin,Zinc,1
Mecasermin,Cannabidiol,1
Mecasermin,Taurine,1
Mecasermin,Ginkgo biloba,1
Mecasermin,Mecasermin rinfabate,5
Mecasermin,Butobarbital,1
Mecasermin,Copper,1
Mecasermin,Carboxymethylcellulose,1
Mecasermin,"Zinc sulfate, unspecified form",1
Mecasermin,Teprotumumab,2
Mecasermin,Amobarbital,1
Dasatinib,Erdafitinib,10
Dasatinib,Duvelisib,1
Dasatinib,Zinc acetate,1
Dasatinib,Tremelimumab,2
Dasatinib,Ibrutinib,2
Dasatinib,Ancestim,4
Dasatinib,Regorafenib,16
Dasatinib,Abatacept,2
Dasatinib,Acetylcysteine,1
Dasatinib,Bosutinib,5
Dasatinib,Acalabrutinib,2
Dasatinib,Foreskin fibroblast (neonatal),6
Dasatinib,Lenvatinib,4
Dasatinib,Citric acid,1
Dasatinib,Olaratumab,1
Dasatinib,Pralsetinib,6
Dasatinib,Pazopanib,11
Dasatinib,Brigatinib,4
Dasatinib,Tirbanibulin,1
Dasatinib,Zinc,1
Dasatinib,Copanlisib,1
Dasatinib,Ripretinib,10
Dasatinib,Avapritinib,4
Dasatinib,Asciminib,4
Dasatinib,Nilotinib,8
Dasatinib,Nintedanib,10
Dasatinib,Foreskin keratinocyte (neonatal),1
Dasatinib,Midostaurin,10
Dasatinib,Sunitinib,10
Dasatinib,Fostamatinib,22
Dasatinib,Polatuzumab vedotin,1
Dasatinib,Copper,1
Dasatinib,Umbralisib,5
Dasatinib,Zanubrutinib,4
Dasatinib,Tivozanib,10
Dasatinib,Pexidartinib,10
Dasatinib,Ponatinib,11
Dasatinib,Ipilimumab,2
Dasatinib,Idelalisib,1
Eculizumab,Zinc chloride,1
Eculizumab,Zinc acetate,1
Eculizumab,Zinc,1
Eculizumab,"Zinc sulfate, unspecified form",1
Eculizumab,Copper,1
Eculizumab,Ravulizumab,1
Lapatinib,Neratinib,1
Lapatinib,Foreskin keratinocyte (neonatal),1
Lapatinib,Fostamatinib,1
Lapatinib,Dacomitinib,1
Lapatinib,Necitumumab,1
Lapatinib,Vandetanib,1
Lapatinib,Brigatinib,1
Lapatinib,Mobocertinib,1
Lapatinib,Zanubrutinib,1
Lapatinib,Panitumumab,1
Lapatinib,Afatinib,1
Lapatinib,Osimertinib,1
Lapatinib,Amivantamab,1
Desonide,Fluticasone furoate,1
Desonide,Ulipristal,1
Desonide,Hydrocortisone acetate,1
Desonide,Ciclesonide,1
Desonide,Mometasone furoate,1
Desonide,Difluprednate,1
Desonide,Hydrocortisone phosphate,1
Desonide,Gestrinone,1
Desonide,Betamethasone phosphate,1
Desonide,Segesterone acetate,1
Desonide,Hydrocortisone cypionate,1
Desonide,Hydrocortisone probutate,1
Desonide,Clobetasone,1
Desonide,Hydrocortisone valerate,1
Desonide,Prednisolone phosphate,1
Desonide,Cortisone acetate,1
Desonide,Drospirenone,1
Desonide,Hydrocortisone butyrate,1
Desonide,Prednisolone acetate,1
Desonide,Dexamethasone acetate,1
Desonide,Difluocortolone,1
Desonide,Deflazacort,1
Desonide,Fluticasone,1
Desonide,Tixocortol,1
Paliperidone,Rotigotine,1
Paliperidone,Yohimbine,1
Paliperidone,Metamfetamine,1
Paliperidone,Mianserin,1
Paliperidone,Methotrimeprazine,1
Paliperidone,Asenapine,1
Paliperidone,Racepinephrine,1
Paliperidone,Dronedarone,1
Paliperidone,Xylometazoline,1
Paliperidone,Aripiprazole lauroxil,1
Paliperidone,Celiprolol,1
Paliperidone,Pizotifen,1
Paliperidone,Droxidopa,1
Sunitinib,Erdafitinib,11
Sunitinib,Zinc acetate,2
Sunitinib,Ancestim,4
Sunitinib,Voxelotor,1
Sunitinib,Aluminium,1
Sunitinib,Regorafenib,11
Sunitinib,Selpercatinib,1
Sunitinib,Flutemetamol (18F),1
Sunitinib,Aluminium phosphate,1
Sunitinib,Olaratumab,1
Sunitinib,Pazopanib,11
Sunitinib,Sodium ferric gluconate complex,1
Sunitinib,Brigatinib,3
Sunitinib,Ferric derisomaltose,1
Sunitinib,Avapritinib,4
Sunitinib,Ferrous succinate,1
Sunitinib,Amivantamab,3
Sunitinib,Nilotinib,4
Sunitinib,Nintedanib,8
Sunitinib,Zinc chloride,2
Sunitinib,Nitrous acid,1
Sunitinib,Foreskin keratinocyte (neonatal),1
Sunitinib,Dimercaprol,1
Sunitinib,Fostamatinib,15
Sunitinib,Florbetaben (18F),1
Sunitinib,Ferric pyrophosphate citrate,1
Sunitinib,Tivozanib,14
Sunitinib,Pexidartinib,11
Sunitinib,Ponatinib,4
Sunitinib,Aducanumab,1
Sunitinib,Cabozantinib,3
Sunitinib,Foreskin fibroblast (neonatal),6
Sunitinib,Ferrous ascorbate,1
Sunitinib,Lenvatinib,5
Sunitinib,Ferrous sulfate anhydrous,1
Sunitinib,Pralsetinib,6
Sunitinib,Zinc,2
Sunitinib,Tepotinib,3
Sunitinib,Pentaerythritol tetranitrate,1
Sunitinib,Ripretinib,10
Sunitinib,Capmatinib,3
Sunitinib,Florbetapir (18F),1
Sunitinib,Midostaurin,10
Sunitinib,Aluminum acetate,1
Sunitinib,Copper,2
Sunitinib,"Zinc sulfate, unspecified form",2
Sunitinib,Axitinib,1
Sunitinib,Iron,1
Sunitinib,Tromethamine,1
Sunitinib,Ferrous fumarate,1
Sunitinib,Crizotinib,3
Sunitinib,Ferrous gluconate,1
Sunitinib,Ferrous glycine sulfate,1
Panitumumab,Neratinib,1
Panitumumab,Foreskin keratinocyte (neonatal),1
Panitumumab,Fostamatinib,1
Panitumumab,Dacomitinib,1
Panitumumab,Necitumumab,1
Panitumumab,Vandetanib,1
Panitumumab,Brigatinib,1
Panitumumab,Mobocertinib,1
Panitumumab,Zanubrutinib,1
Panitumumab,Afatinib,1
Panitumumab,Osimertinib,1
Panitumumab,Amivantamab,1
Insulin detemir,Zinc acetate,1
Insulin detemir,Ziconotide,1
Insulin detemir,Chromic chloride,3
Insulin detemir,Flavin mononucleotide,1
Insulin detemir,Eflornithine,1
Insulin detemir,Brigatinib,5
Insulin detemir,Gabapentin enacarbil,1
Insulin detemir,Quinidine barbiturate,1
Insulin detemir,Zinc chloride,1
Insulin detemir,Insulin beef,5
Insulin detemir,Fostamatinib,4
Insulin detemir,D-Serine,1
Insulin detemir,Nandrolone decanoate,2
Insulin detemir,Insulin aspart,5
Insulin detemir,Insulin degludec,5
Insulin detemir,Somatrem,2
Insulin detemir,Zinc,1
Insulin detemir,Cannabidiol,1
Insulin detemir,Taurine,1
Insulin detemir,Ginkgo biloba,1
Insulin detemir,Mecasermin rinfabate,5
Insulin detemir,Butobarbital,1
Insulin detemir,Copper,1
Insulin detemir,Carboxymethylcellulose,1
Insulin detemir,"Zinc sulfate, unspecified form",1
Insulin detemir,Teprotumumab,2
Insulin detemir,Amobarbital,1
Nelarabine,Carfilzomib,1
Nelarabine,Mifamurtide,1
Nelarabine,Rilonacept,1
Nelarabine,Tasonermin,1
Abatacept,Inebilizumab,1
Abatacept,Duvelisib,1
Abatacept,Tremelimumab,5
Abatacept,Ibrutinib,1
Abatacept,Acetylcysteine,1
Abatacept,Acalabrutinib,1
Abatacept,Brexucabtagene autoleucel,1
Abatacept,Tisagenlecleucel,1
Abatacept,Pazopanib,1
Abatacept,Loncastuximab tesirine,1
Abatacept,Copanlisib,1
Abatacept,Lisocabtagene maraleucel,1
Abatacept,Axicabtagene ciloleucel,1
Abatacept,Nintedanib,1
Abatacept,Tafasitamab,1
Abatacept,Blinatumomab,1
Abatacept,Fostamatinib,2
Abatacept,Umbralisib,1
Abatacept,Zanubrutinib,2
Abatacept,Ponatinib,1
Abatacept,Ipilimumab,5
Abatacept,Idelalisib,1
Lumiracoxib,Glycol salicylate,1
Lumiracoxib,Loxoprofen,1
Lumiracoxib,Dexketoprofen,1
Lumiracoxib,Phenyl salicylate,1
Lumiracoxib,Lornoxicam,1
Lumiracoxib,Tiaprofenic acid,1
Lumiracoxib,Dexibuprofen,1
Lumiracoxib,Trolamine salicylate,1
Lumiracoxib,Metamizole,1
Lumiracoxib,Antipyrine,1
Lumiracoxib,Cannabidiol,1
Lumiracoxib,Bendazac,1
Lumiracoxib,Acemetacin,1
Lumiracoxib,Salsalate,1
Lumiracoxib,Choline magnesium trisalicylate,1
Lumiracoxib,Tolfenamic acid,1
Lumiracoxib,Flufenamic acid,1
Lumiracoxib,Antrafenine,1
Lumiracoxib,Aceclofenac,1
Lumiracoxib,Nepafenac,1
Lumiracoxib,Menthyl salicylate,1
Lumiracoxib,Bufexamac,1
Lumiracoxib,Triflusal,1
Tetracosactide,Dexamethasone acetate,1
Tetracosactide,Seractide acetate,1
Tetracosactide,Xanthinol,1
Tetracosactide,Bremelanotide,1
Tetracosactide,Corticotropin,1
Corticotropin,Dexamethasone acetate,1
Corticotropin,Seractide acetate,1
Corticotropin,Xanthinol,1
Corticotropin,Bremelanotide,1
Oxtriphylline,Enoximone,1
Oxtriphylline,Amrinone,1
Insulin aspart,Zinc acetate,1
Insulin aspart,Ziconotide,1
Insulin aspart,Chromic chloride,3
Insulin aspart,Flavin mononucleotide,1
Insulin aspart,Eflornithine,1
Insulin aspart,Brigatinib,5
Insulin aspart,Gabapentin enacarbil,1
Insulin aspart,Quinidine barbiturate,1
Insulin aspart,Zinc chloride,1
Insulin aspart,Insulin beef,5
Insulin aspart,Fostamatinib,4
Insulin aspart,D-Serine,1
Insulin aspart,Nandrolone decanoate,2
Insulin aspart,Insulin degludec,5
Insulin aspart,Somatrem,2
Insulin aspart,Zinc,1
Insulin aspart,Cannabidiol,1
Insulin aspart,Taurine,1
Insulin aspart,Ginkgo biloba,1
Insulin aspart,Mecasermin rinfabate,5
Insulin aspart,Butobarbital,1
Insulin aspart,Copper,1
Insulin aspart,Carboxymethylcellulose,1
Insulin aspart,"Zinc sulfate, unspecified form",1
Insulin aspart,Teprotumumab,2
Insulin aspart,Amobarbital,1
Fosphenytoin,Quinidine barbiturate,4
Fosphenytoin,Vernakalant,4
Fosphenytoin,Ajmaline,4
Fosphenytoin,Isavuconazole,4
Fosphenytoin,Dronedarone,4
Polythiazide,Quinethazone,1
Quinethazone,Sodium carbonate,1
Quinethazone,Sodium sulfate,1
Quinethazone,Sulthiame,1
Quinethazone,Piretanide,1
Quinethazone,Urea,1
Cilazapril,Spirapril,2
Cilazapril,Zofenopril,2
Cilazapril,Enalaprilat,2
Potassium cation,Magnesium acetate,1
Potassium cation,Digitoxin,1
Potassium cation,Potassium,1
Potassium cation,Potassium acetate,1
Potassium cation,Aluminium,1
Potassium cation,Aluminum acetate,1
Potassium cation,Aluminium phosphate,1
Potassium cation,Potassium sulfate,1
Potassium cation,Almitrine,1
Potassium cation,Magnesium cation,1
Quinidine barbiturate,Vernakalant,4
Quinidine barbiturate,Acetylcysteine,1
Quinidine barbiturate,Temsirolimus,1
Quinidine barbiturate,Flavin mononucleotide,1
Quinidine barbiturate,Brigatinib,1
Quinidine barbiturate,Everolimus,1
Quinidine barbiturate,Dalfampridine,1
Quinidine barbiturate,Propanoic acid,1
Quinidine barbiturate,Zinc chloride,1
Quinidine barbiturate,Insulin beef,1
Quinidine barbiturate,Fostamatinib,2
Quinidine barbiturate,D-Serine,2
Quinidine barbiturate,Nandrolone decanoate,1
Quinidine barbiturate,Esketamine,1
Quinidine barbiturate,Insulin degludec,1
Quinidine barbiturate,Somatrem,1
Quinidine barbiturate,Zinc,1
Quinidine barbiturate,Taurine,2
Quinidine barbiturate,Copper,1
Quinidine barbiturate,Glutethimide,1
Quinidine barbiturate,Lumateperone,1
Quinidine barbiturate,Bioallethrin,1
Quinidine barbiturate,Zinc acetate,1
Quinidine barbiturate,Artenimol,1
Quinidine barbiturate,Ziconotide,2
Quinidine barbiturate,Eflornithine,1
Quinidine barbiturate,Gabapentin enacarbil,1
Quinidine barbiturate,Isavuconazole,4
Quinidine barbiturate,Dronedarone,4
Quinidine barbiturate,Fluciclovine (18F),2
Quinidine barbiturate,Ajmaline,4
Quinidine barbiturate,Cannabidiol,1
Quinidine barbiturate,Ginkgo biloba,2
Quinidine barbiturate,Mecasermin rinfabate,1
Quinidine barbiturate,Butobarbital,4
Quinidine barbiturate,Carboxymethylcellulose,2
Quinidine barbiturate,"Zinc sulfate, unspecified form",1
Quinidine barbiturate,Teprotumumab,1
Quinidine barbiturate,Amobarbital,4
Spirapril,Zofenopril,2
Spirapril,Enalaprilat,2
Amobarbital,Zinc acetate,1
Amobarbital,Artenimol,1
Amobarbital,Ziconotide,2
Amobarbital,Acetylcysteine,1
Amobarbital,Flavin mononucleotide,1
Amobarbital,Eflornithine,1
Amobarbital,Brigatinib,1
Amobarbital,Everolimus,1
Amobarbital,Gabapentin enacarbil,1
Amobarbital,Dalfampridine,1
Amobarbital,Propanoic acid,1
Amobarbital,Zinc chloride,1
Amobarbital,Insulin beef,1
Amobarbital,Fostamatinib,2
Amobarbital,Fluciclovine (18F),2
Amobarbital,D-Serine,2
Amobarbital,Nandrolone decanoate,1
Amobarbital,Esketamine,1
Amobarbital,Insulin degludec,1
Amobarbital,Somatrem,1
Amobarbital,Zinc,1
Amobarbital,Cannabidiol,1
Amobarbital,Taurine,2
Amobarbital,Ginkgo biloba,2
Amobarbital,Mecasermin rinfabate,1
Amobarbital,Butobarbital,5
Amobarbital,Copper,1
Amobarbital,Carboxymethylcellulose,2
Amobarbital,"Zinc sulfate, unspecified form",1
Amobarbital,Glutethimide,1
Amobarbital,Teprotumumab,1
Amobarbital,Lumateperone,1
Amobarbital,Bioallethrin,1
Amobarbital,Temsirolimus,1
Butobarbital,Zinc acetate,1
Butobarbital,Artenimol,1
Butobarbital,Ziconotide,2
Butobarbital,Acetylcysteine,1
Butobarbital,Flavin mononucleotide,1
Butobarbital,Eflornithine,1
Butobarbital,Brigatinib,1
Butobarbital,Everolimus,1
Butobarbital,Gabapentin enacarbil,1
Butobarbital,Dalfampridine,1
Butobarbital,Propanoic acid,1
Butobarbital,Zinc chloride,1
Butobarbital,Insulin beef,1
Butobarbital,Fostamatinib,2
Butobarbital,Fluciclovine (18F),2
Butobarbital,D-Serine,2
Butobarbital,Nandrolone decanoate,1
Butobarbital,Esketamine,1
Butobarbital,Insulin degludec,1
Butobarbital,Somatrem,1
Butobarbital,Zinc,1
Butobarbital,Cannabidiol,1
Butobarbital,Taurine,2
Butobarbital,Ginkgo biloba,2
Butobarbital,Mecasermin rinfabate,1
Butobarbital,Copper,1
Butobarbital,Carboxymethylcellulose,2
Butobarbital,"Zinc sulfate, unspecified form",1
Butobarbital,Glutethimide,1
Butobarbital,Teprotumumab,1
Butobarbital,Lumateperone,1
Butobarbital,Bioallethrin,1
Butobarbital,Temsirolimus,1
Aluminium,Erdafitinib,1
Aluminium,Magnesium acetate,1
Aluminium,Zinc acetate,3
Aluminium,Aducanumab,2
Aluminium,Digitoxin,1
Aluminium,Potassium,1
Aluminium,Migalastat,1
Aluminium,Flutemetamol (18F),2
Aluminium,Aluminium phosphate,4
Aluminium,Ferrous ascorbate,1
Aluminium,Potassium sulfate,1
Aluminium,Manganese,1
Aluminium,Zinc,3
Aluminium,Florbetapir (18F),2
Aluminium,Almitrine,1
Aluminium,Ferrous succinate,1
Aluminium,Magnesium cation,1
Aluminium,Zinc chloride,3
Aluminium,Potassium acetate,1
Aluminium,Dimercaprol,2
Aluminium,Aluminum acetate,4
Aluminium,"Zinc sulfate, unspecified form",3
Aluminium,Fostamatinib,1
Aluminium,Copper,3
Aluminium,Florbetaben (18F),2
Aluminium,Iron,1
Aluminium,Tromethamine,2
Aluminium,Ferrous fumarate,1
Aluminium,Pexidartinib,1
Aluminium,Ferrous gluconate,1
Aluminium,Ferrous glycine sulfate,1
Magnesium cation,Magnesium acetate,1
Magnesium cation,Digitoxin,1
Magnesium cation,Potassium,1
Magnesium cation,Potassium acetate,1
Magnesium cation,Aluminum acetate,1
Magnesium cation,Aluminium phosphate,1
Magnesium cation,Potassium sulfate,1
Magnesium cation,Almitrine,1
Cortisone acetate,Fluticasone furoate,1
Cortisone acetate,Ulipristal,1
Cortisone acetate,Hydrocortisone acetate,1
Cortisone acetate,Ciclesonide,1
Cortisone acetate,Mometasone furoate,1
Cortisone acetate,Difluprednate,1
Cortisone acetate,Hydrocortisone phosphate,1
Cortisone acetate,Gestrinone,1
Cortisone acetate,Betamethasone phosphate,1
Cortisone acetate,Segesterone acetate,1
Cortisone acetate,Hydrocortisone cypionate,1
Cortisone acetate,Hydrocortisone probutate,1
Cortisone acetate,Clobetasone,1
Cortisone acetate,Hydrocortisone valerate,1
Cortisone acetate,Prednisolone phosphate,1
Cortisone acetate,Drospirenone,1
Cortisone acetate,Hydrocortisone butyrate,1
Cortisone acetate,Prednisolone acetate,1
Cortisone acetate,Dexamethasone acetate,1
Cortisone acetate,Difluocortolone,1
Cortisone acetate,Deflazacort,1
Cortisone acetate,Fluticasone,1
Cortisone acetate,Tixocortol,1
Ginkgo biloba,Erdafitinib,1
Ginkgo biloba,Zinc acetate,1
Ginkgo biloba,Artenimol,2
Ginkgo biloba,Ziconotide,2
Ginkgo biloba,Acetylcysteine,1
Ginkgo biloba,Flavin mononucleotide,1
Ginkgo biloba,Selpercatinib,1
Ginkgo biloba,Infigratinib,1
Ginkgo biloba,Eflornithine,1
Ginkgo biloba,Brigatinib,1
Ginkgo biloba,Aluminum chloride,1
Ginkgo biloba,Everolimus,1
Ginkgo biloba,Pazopanib,1
Ginkgo biloba,Gabapentin enacarbil,2
Ginkgo biloba,Dalfampridine,1
Ginkgo biloba,Propanoic acid,1
Ginkgo biloba,Nintedanib,1
Ginkgo biloba,Zinc chloride,1
Ginkgo biloba,Insulin beef,1
Ginkgo biloba,Fostamatinib,3
Ginkgo biloba,D-Serine,2
Ginkgo biloba,Nandrolone decanoate,1
Ginkgo biloba,Pemigatinib,1
Ginkgo biloba,Ponatinib,1
Ginkgo biloba,Esketamine,1
Ginkgo biloba,Fospropofol,1
Ginkgo biloba,Insulin degludec,1
Ginkgo biloba,Somatrem,1
Ginkgo biloba,Futibatinib,1
Ginkgo biloba,Lenvatinib,1
Ginkgo biloba,Zinc,1
Ginkgo biloba,Cannabidiol,1
Ginkgo biloba,Taurine,2
Ginkgo biloba,Mecasermin rinfabate,1
Ginkgo biloba,Copper,2
Ginkgo biloba,Carboxymethylcellulose,2
Ginkgo biloba,"Zinc sulfate, unspecified form",1
Ginkgo biloba,Glutethimide,1
Ginkgo biloba,Teprotumumab,1
Ginkgo biloba,Lumateperone,1
Ginkgo biloba,Bioallethrin,1
Ginkgo biloba,Temsirolimus,1
Glymidine,Zinc chloride,1
Glymidine,Zinc acetate,1
Glymidine,"Zinc sulfate, unspecified form",1
Glymidine,Zinc,1
Glymidine,Isavuconazole,1
Yohimbine,Rotigotine,1
Yohimbine,Metamfetamine,1
Yohimbine,Mianserin,1
Yohimbine,Methotrimeprazine,1
Yohimbine,Asenapine,1
Yohimbine,Racepinephrine,1
Yohimbine,Dronedarone,1
Yohimbine,Xylometazoline,1
Yohimbine,Aripiprazole lauroxil,1
Yohimbine,Celiprolol,1
Yohimbine,Pizotifen,1
Yohimbine,Droxidopa,1
Drospirenone,Testosterone enanthate,2
Drospirenone,Mometasone furoate,1
Drospirenone,Betamethasone phosphate,1
Drospirenone,Segesterone acetate,1
Drospirenone,Hydrocortisone valerate,1
Drospirenone,Finerenone,2
Drospirenone,Difluocortolone,1
Drospirenone,Fluticasone,3
Drospirenone,Deflazacort,1
Drospirenone,Tixocortol,1
Drospirenone,Fluticasone furoate,3
Drospirenone,Ulipristal,1
Drospirenone,Hydrocortisone acetate,1
Drospirenone,Ciclesonide,1
Drospirenone,Difluprednate,1
Drospirenone,Testosterone cypionate,2
Drospirenone,Hydrocortisone phosphate,1
Drospirenone,Gestrinone,1
Drospirenone,Hydrocortisone cypionate,1
Drospirenone,Hydrocortisone probutate,1
Drospirenone,Clobetasone,1
Drospirenone,Prednisolone phosphate,1
Drospirenone,Prednisolone acetate,1
Drospirenone,Hydrocortisone butyrate,1
Drospirenone,Dexamethasone acetate,1
Drospirenone,Desoxycorticosterone acetate,2
Digitoxin,Magnesium acetate,1
Digitoxin,Potassium,1
Digitoxin,Potassium acetate,1
Digitoxin,Aluminum acetate,1
Digitoxin,Aluminium phosphate,1
Digitoxin,Potassium sulfate,1
Digitoxin,Almitrine,1
Salsalate,Glycol salicylate,1
Salsalate,Loxoprofen,1
Salsalate,Dexketoprofen,1
Salsalate,Phenyl salicylate,1
Salsalate,Lornoxicam,1
Salsalate,Tiaprofenic acid,1
Salsalate,Dexibuprofen,1
Salsalate,Trolamine salicylate,1
Salsalate,Metamizole,1
Salsalate,Antipyrine,1
Salsalate,Cannabidiol,1
Salsalate,Bendazac,1
Salsalate,Acemetacin,1
Salsalate,Choline magnesium trisalicylate,1
Salsalate,Tolfenamic acid,1
Salsalate,Flufenamic acid,1
Salsalate,Antrafenine,1
Salsalate,Aceclofenac,1
Salsalate,Nepafenac,1
Salsalate,Menthyl salicylate,1
Salsalate,Bufexamac,1
Salsalate,Triflusal,1
Choline magnesium trisalicylate,Glycol salicylate,1
Choline magnesium trisalicylate,Loxoprofen,1
Choline magnesium trisalicylate,Dexketoprofen,1
Choline magnesium trisalicylate,Phenyl salicylate,1
Choline magnesium trisalicylate,Lornoxicam,1
Choline magnesium trisalicylate,Tiaprofenic acid,1
Choline magnesium trisalicylate,Dexibuprofen,1
Choline magnesium trisalicylate,Trolamine salicylate,1
Choline magnesium trisalicylate,Metamizole,1
Choline magnesium trisalicylate,Antipyrine,1
Choline magnesium trisalicylate,Cannabidiol,1
Choline magnesium trisalicylate,Bendazac,1
Choline magnesium trisalicylate,Acemetacin,1
Choline magnesium trisalicylate,Tolfenamic acid,1
Choline magnesium trisalicylate,Flufenamic acid,1
Choline magnesium trisalicylate,Antrafenine,1
Choline magnesium trisalicylate,Aceclofenac,1
Choline magnesium trisalicylate,Nepafenac,1
Choline magnesium trisalicylate,Menthyl salicylate,1
Choline magnesium trisalicylate,Bufexamac,1
Choline magnesium trisalicylate,Triflusal,1
Methotrimeprazine,Rotigotine,1
Methotrimeprazine,Metamfetamine,1
Methotrimeprazine,Mianserin,1
Methotrimeprazine,Asenapine,1
Methotrimeprazine,Racepinephrine,1
Methotrimeprazine,Dronedarone,1
Methotrimeprazine,Xylometazoline,1
Methotrimeprazine,Aripiprazole lauroxil,1
Methotrimeprazine,Celiprolol,1
Methotrimeprazine,Pizotifen,1
Methotrimeprazine,Droxidopa,1
Danazol,Ganirelix,1
Danazol,Erdafitinib,1
Danazol,Regorafenib,1
Danazol,Selpercatinib,1
Danazol,Futibatinib,1
Danazol,Lenvatinib,1
Danazol,Triptorelin,1
Danazol,Infigratinib,1
Danazol,Pralsetinib,1
Danazol,Degarelix,1
Danazol,Gestrinone,1
Danazol,Histrelin,1
Danazol,Linzagolix,1
Danazol,Nintedanib,1
Danazol,Elagolix,1
Danazol,Copper,1
Danazol,Relugolix,1
Danazol,Fostamatinib,1
Danazol,Pemigatinib,1
Danazol,Buserelin,1
Danazol,Tivozanib,1
Danazol,Ponatinib,1
Ciclesonide,Fluticasone furoate,1
Ciclesonide,Ulipristal,1
Ciclesonide,Hydrocortisone acetate,1
Ciclesonide,Mometasone furoate,1
Ciclesonide,Difluprednate,1
Ciclesonide,Hydrocortisone phosphate,1
Ciclesonide,Gestrinone,1
Ciclesonide,Betamethasone phosphate,1
Ciclesonide,Segesterone acetate,1
Ciclesonide,Hydrocortisone cypionate,1
Ciclesonide,Hydrocortisone probutate,1
Ciclesonide,Clobetasone,1
Ciclesonide,Hydrocortisone valerate,1
Ciclesonide,Prednisolone phosphate,1
Ciclesonide,Hydrocortisone butyrate,1
Ciclesonide,Prednisolone acetate,1
Ciclesonide,Dexamethasone acetate,1
Ciclesonide,Difluocortolone,1
Ciclesonide,Deflazacort,1
Ciclesonide,Fluticasone,1
Ciclesonide,Tixocortol,1
Antrafenine,Glycol salicylate,1
Antrafenine,Loxoprofen,1
Antrafenine,Dexketoprofen,1
Antrafenine,Phenyl salicylate,1
Antrafenine,Lornoxicam,1
Antrafenine,Tiaprofenic acid,1
Antrafenine,Dexibuprofen,1
Antrafenine,Trolamine salicylate,1
Antrafenine,Metamizole,1
Antrafenine,Antipyrine,1
Antrafenine,Cannabidiol,1
Antrafenine,Bendazac,1
Antrafenine,Acemetacin,1
Antrafenine,Tolfenamic acid,1
Antrafenine,Flufenamic acid,1
Antrafenine,Aceclofenac,1
Antrafenine,Nepafenac,1
Antrafenine,Menthyl salicylate,1
Antrafenine,Bufexamac,1
Antrafenine,Triflusal,1
Ajmaline,Vernakalant,4
Ajmaline,Isavuconazole,4
Ajmaline,Dronedarone,4
Amrinone,Enoximone,1
Almitrine,Magnesium acetate,1
Almitrine,Potassium,1
Almitrine,Potassium acetate,1
Almitrine,Aluminum acetate,1
Almitrine,Aluminium phosphate,1
Almitrine,Potassium sulfate,1
Antipyrine,Glycol salicylate,1
Antipyrine,Loxoprofen,1
Antipyrine,Dexketoprofen,1
Antipyrine,Phenyl salicylate,1
Antipyrine,Lornoxicam,1
Antipyrine,Tiaprofenic acid,1
Antipyrine,Dexibuprofen,1
Antipyrine,Trolamine salicylate,1
Antipyrine,Metamizole,1
Antipyrine,Cannabidiol,1
Antipyrine,Bendazac,1
Antipyrine,Acemetacin,1
Antipyrine,Tolfenamic acid,1
Antipyrine,Flufenamic acid,1
Antipyrine,Aceclofenac,1
Antipyrine,Nepafenac,1
Antipyrine,Menthyl salicylate,1
Antipyrine,Bufexamac,1
Antipyrine,Triflusal,1
Alfacalcidol,Vitamin D,1
Alfacalcidol,Doxercalciferol,1
Alfacalcidol,Calcipotriol,1
Alfacalcidol,Cholesterol,1
Alfacalcidol,Curcumin,1
Glutethimide,Artenimol,1
Glutethimide,Acetylcysteine,1
Glutethimide,Ziconotide,1
Glutethimide,Everolimus,1
Glutethimide,Dalfampridine,1
Glutethimide,Taurine,1
Glutethimide,Propanoic acid,1
Glutethimide,Carboxymethylcellulose,1
Glutethimide,Fostamatinib,1
Glutethimide,Lumateperone,1
Glutethimide,D-Serine,1
Glutethimide,Bioallethrin,1
Glutethimide,Esketamine,1
Glutethimide,Temsirolimus,1
Phenazopyridine,Permethrin,6
Phenazopyridine,Nitrazepam,6
gamma-Hydroxybutyric acid,Sodium oxybate,1
Metamfetamine,Rotigotine,1
Metamfetamine,Mianserin,1
Metamfetamine,Asenapine,1
Metamfetamine,Racepinephrine,1
Metamfetamine,Dronedarone,1
Metamfetamine,Xylometazoline,1
Metamfetamine,Aripiprazole lauroxil,1
Metamfetamine,Celiprolol,1
Metamfetamine,Pizotifen,1
Metamfetamine,Droxidopa,1
Liotrix,Eflornithine,1
Liotrix,"Thyroid, porcine",10
Liotrix,Dronedarone,5
Everolimus,Artenimol,1
Everolimus,Acetylcysteine,1
Everolimus,Ziconotide,1
Everolimus,Dalfampridine,1
Everolimus,Taurine,1
Everolimus,Propanoic acid,1
Everolimus,Carboxymethylcellulose,1
Everolimus,Fostamatinib,3
Everolimus,Lumateperone,1
Everolimus,D-Serine,1
Everolimus,Bioallethrin,1
Everolimus,Esketamine,1
Everolimus,Temsirolimus,3
Iron,Erdafitinib,1
Iron,Zinc acetate,13
Iron,Voxelotor,9
Iron,Regorafenib,2
Iron,Cabozantinib,1
Iron,Selpercatinib,2
Iron,Peginesatide,1
Iron,Ferrous ascorbate,21
Iron,Lenvatinib,2
Iron,Roxadustat,6
Iron,Aluminium phosphate,1
Iron,Carboxin,1
Iron,Ferrous sulfate anhydrous,9
Iron,Pazopanib,1
Iron,Sodium ferric gluconate complex,9
Iron,Pralsetinib,1
Iron,Manganese,1
Iron,Zinc,13
Iron,Ferric derisomaltose,9
Iron,Ubidecarenone,1
Iron,Pentaerythritol tetranitrate,9
Iron,Ferrous succinate,21
Iron,Nintedanib,1
Iron,Zinc chloride,13
Iron,Nitrous acid,9
Iron,Aluminum acetate,1
Iron,Copper,10
Iron,"Zinc sulfate, unspecified form",13
Iron,Axitinib,1
Iron,Fostamatinib,2
Iron,Carboxymethylcellulose,1
Iron,Ferric pyrophosphate citrate,10
Iron,Vandetanib,1
Iron,Belzutifan,1
Iron,Methoxy polyethylene glycol-epoetin beta,1
Iron,Ferrous fumarate,21
Iron,Tivozanib,1
Iron,Vorinostat,2
Iron,Ferrous gluconate,21
Iron,Ferrous glycine sulfate,21
Iron,Ponatinib,1
Zinc,Erdafitinib,1
Zinc,Ocriplasmin,1
Zinc,Flavin mononucleotide,1
Zinc,Flutemetamol (18F),2
Zinc,Peginesatide,1
Zinc,Bemiparin,1
Zinc,Brigatinib,1
Zinc,Sodium ferric gluconate complex,11
Zinc,Manganese,1
Zinc,Benzoic acid,1
Zinc,Anti-inhibitor coagulant complex,8
Zinc,Turoctocog alfa pegol,2
Zinc,Volanesorsen,1
Zinc,Ferrous succinate,13
Zinc,Zinc chloride,69
Zinc,Human C1-esterase inhibitor,10
Zinc,Insulin beef,1
Zinc,Pegcetacoplan,6
Zinc,Fostamatinib,5
Zinc,Florbetaben (18F),2
Zinc,Ethanolamine oleate,3
Zinc,Prothrombin,6
Zinc,Turoctocog alfa,2
Zinc,Tivozanib,1
Zinc,D-Serine,1
Zinc,Nandrolone decanoate,1
Zinc,Aducanumab,2
Zinc,Flavin adenine dinucleotide,1
Zinc,Calcium Phosphate,1
Zinc,Insulin degludec,1
Zinc,Migalastat,1
Zinc,Somatrem,1
Zinc,Ferrous ascorbate,13
Zinc,Roxadustat,1
Zinc,Ferrous sulfate anhydrous,9
Zinc,Conestat alfa,10
Zinc,Pentaerythritol tetranitrate,11
Zinc,Florbetapir (18F),2
Zinc,Kappadione,2
Zinc,Taurine,1
Zinc,Copper,62
Zinc,Zanubrutinib,1
Zinc,Ferrous fumarate,13
Zinc,Zinc acetate,114
Zinc,Voxelotor,9
Zinc,Regorafenib,1
Zinc,Artenimol,10
Zinc,Calcium phosphate dihydrate,1
Zinc,Acalabrutinib,1
Zinc,Ziconotide,1
Zinc,Selpercatinib,1
Zinc,Aluminium phosphate,3
Zinc,Eflornithine,1
Zinc,Thrombin,7
Zinc,Pazopanib,1
Zinc,Gabapentin enacarbil,1
Zinc,Calcium citrate,1
Zinc,Ferric derisomaltose,9
Zinc,Isavuconazole,3
Zinc,Dabigatran etexilate,2
Zinc,Nintedanib,1
Zinc,Nitrous acid,11
Zinc,Dimercaprol,2
Zinc,Polatuzumab vedotin,1
Zinc,Ferric pyrophosphate citrate,11
Zinc,Lanadelumab,1
Zinc,Coagulation Factor IX Human,2
Zinc,Ribostamycin,1
Zinc,Thrombomodulin Alfa,2
Zinc,Pexidartinib,1
Zinc,Vorinostat,2
Zinc,Tafamidis,2
Zinc,Ibrutinib,1
Zinc,Lenvatinib,1
Zinc,Sutimlimab,3
Zinc,Human thrombin,7
Zinc,Thrombin alfa,5
Zinc,Cannabidiol,3
Zinc,Lauric acid,2
Zinc,Ravulizumab,1
Zinc,Mecasermin rinfabate,1
Zinc,Sulodexide,1
Zinc,Ancrod,5
Zinc,Aluminum acetate,3
Zinc,"Zinc sulfate, unspecified form",69
Zinc,Axitinib,1
Zinc,Carboxymethylcellulose,1
Zinc,Tromethamine,2
Zinc,Teprotumumab,1
Zinc,Methoxy polyethylene glycol-epoetin beta,1
Zinc,Berotralstat,1
Zinc,Antithrombin Alfa,2
Zinc,Ferrous gluconate,13
Zinc,Ferrous glycine sulfate,13
Zinc,Ximelagatran,2
Nitrazepam,Permethrin,6
Tiaprofenic acid,Glycol salicylate,1
Tiaprofenic acid,Loxoprofen,1
Tiaprofenic acid,Dexketoprofen,1
Tiaprofenic acid,Phenyl salicylate,1
Tiaprofenic acid,Lornoxicam,1
Tiaprofenic acid,Dexibuprofen,1
Tiaprofenic acid,Trolamine salicylate,1
Tiaprofenic acid,Metamizole,1
Tiaprofenic acid,Cannabidiol,1
Tiaprofenic acid,Bendazac,1
Tiaprofenic acid,Acemetacin,1
Tiaprofenic acid,Tolfenamic acid,1
Tiaprofenic acid,Flufenamic acid,1
Tiaprofenic acid,Aceclofenac,1
Tiaprofenic acid,Nepafenac,1
Tiaprofenic acid,Menthyl salicylate,1
Tiaprofenic acid,Bufexamac,1
Tiaprofenic acid,Triflusal,1
Erythrityl tetranitrate,Nesiritide,1
Erythrityl tetranitrate,Vosoritide,1
5-O-phosphono-alpha-D-ribofuranosyl diphosphate,Citric acid,2
Taurine,Zinc acetate,1
Taurine,Artenimol,1
Taurine,Ziconotide,2
Taurine,Acetylcysteine,4
Taurine,Flavin mononucleotide,1
Taurine,Eflornithine,1
Taurine,Brigatinib,1
Taurine,Gabapentin enacarbil,1
Taurine,Dalfampridine,1
Taurine,Propanoic acid,1
Taurine,Zinc chloride,1
Taurine,Insulin beef,1
Taurine,Fostamatinib,2
Taurine,D-Serine,2
Taurine,Nandrolone decanoate,1
Taurine,Esketamine,4
Taurine,Insulin degludec,1
Taurine,Somatrem,1
Taurine,Cannabidiol,1
Taurine,Mecasermin rinfabate,1
Taurine,Copper,1
Taurine,Carboxymethylcellulose,2
Taurine,"Zinc sulfate, unspecified form",1
Taurine,Teprotumumab,1
Taurine,Lumateperone,4
Taurine,Bioallethrin,1
Taurine,Temsirolimus,1
Flufenamic acid,Glycol salicylate,1
Flufenamic acid,Loxoprofen,1
Flufenamic acid,Dexketoprofen,1
Flufenamic acid,Phenyl salicylate,1
Flufenamic acid,Lornoxicam,1
Flufenamic acid,Dexibuprofen,1
Flufenamic acid,Trolamine salicylate,1
Flufenamic acid,Metamizole,1
Flufenamic acid,Cannabidiol,1
Flufenamic acid,Bendazac,1
Flufenamic acid,Acemetacin,1
Flufenamic acid,Tolfenamic acid,1
Flufenamic acid,Aceclofenac,1
Flufenamic acid,Nepafenac,1
Flufenamic acid,Menthyl salicylate,1
Flufenamic acid,Bufexamac,1
Flufenamic acid,Triflusal,1
Calcipotriol,Vitamin D,1
Calcipotriol,Doxercalciferol,1
Calcipotriol,Cholesterol,1
Calcipotriol,Curcumin,1
Vorinostat,Zinc chloride,2
Vorinostat,Zinc acetate,2
Vorinostat,Ferrous ascorbate,2
Vorinostat,Ferrous fumarate,2
Vorinostat,Ferrous gluconate,2
Vorinostat,Ferrous glycine sulfate,2
Vorinostat,"Zinc sulfate, unspecified form",2
Vorinostat,Ferrous succinate,2
Terlipressin,Lypressin,3
Terlipressin,Atosiban,3
Terlipressin,Tolvaptan,3
Nicotinamide,Copper,1
Nicotinamide,Stiripentol,1
Nicotinamide,Artenimol,1
Lauric acid,Zinc chloride,2
Lauric acid,Zinc acetate,2
Lauric acid,Isavuconazole,2
Lauric acid,"Zinc sulfate, unspecified form",2
Glycolic acid,Artenimol,2
Flavin adenine dinucleotide,Zinc chloride,1
Flavin adenine dinucleotide,Zinc acetate,1
Flavin adenine dinucleotide,Artenimol,1
Flavin adenine dinucleotide,Flavin mononucleotide,3
Flavin adenine dinucleotide,"Zinc sulfate, unspecified form",1
Flavin adenine dinucleotide,Copper,2
Flavin adenine dinucleotide,Fostamatinib,1
Flavin adenine dinucleotide,Carboxin,7
Flavin adenine dinucleotide,Benzoic acid,1
Flavin adenine dinucleotide,Tegafur-uracil,1
Flavin adenine dinucleotide,Ubidecarenone,7
Flavin adenine dinucleotide,Gimeracil,1
Flavin adenine dinucleotide,Cannabidiol,1
Flavin adenine dinucleotide,Febuxostat,1
Urea,Sulthiame,1
Urea,Fostamatinib,1
Urea,Sodium carbonate,1
Urea,Sodium sulfate,1
D-Serine,Zinc acetate,1
D-Serine,Artenimol,1
D-Serine,Acetylcysteine,3
D-Serine,Ziconotide,2
D-Serine,Flavin mononucleotide,1
D-Serine,Eflornithine,1
D-Serine,Brigatinib,1
D-Serine,Gabapentin enacarbil,1
D-Serine,Dalfampridine,1
D-Serine,Propanoic acid,1
D-Serine,Zinc chloride,1
D-Serine,Insulin beef,1
D-Serine,Fostamatinib,2
D-Serine,Nandrolone decanoate,1
D-Serine,Esketamine,1
D-Serine,Insulin degludec,1
D-Serine,Somatrem,1
D-Serine,Cannabidiol,1
D-Serine,Mecasermin rinfabate,1
D-Serine,Copper,1
D-Serine,Carboxymethylcellulose,2
D-Serine,"Zinc sulfate, unspecified form",1
D-Serine,Teprotumumab,1
D-Serine,Lumateperone,1
D-Serine,Bioallethrin,1
D-Serine,Temsirolimus,1
Flavin mononucleotide,Erdafitinib,1
Flavin mononucleotide,Zinc acetate,1
Flavin mononucleotide,Regorafenib,1
Flavin mononucleotide,Ziconotide,1
Flavin mononucleotide,Selpercatinib,1
Flavin mononucleotide,Infigratinib,1
Flavin mononucleotide,Eflornithine,1
Flavin mononucleotide,Brigatinib,1
Flavin mononucleotide,Pazopanib,1
Flavin mononucleotide,Gabapentin enacarbil,1
Flavin mononucleotide,Tegafur-uracil,1
Flavin mononucleotide,Nintedanib,1
Flavin mononucleotide,Zinc chloride,1
Flavin mononucleotide,Foreskin keratinocyte (neonatal),1
Flavin mononucleotide,Insulin beef,1
Flavin mononucleotide,Fostamatinib,2
Flavin mononucleotide,Ambrisentan,1
Flavin mononucleotide,Nandrolone decanoate,1
Flavin mononucleotide,Pemigatinib,1
Flavin mononucleotide,Ponatinib,1
Flavin mononucleotide,Sitaxentan,1
Flavin mononucleotide,Teriflunomide,2
Flavin mononucleotide,Insulin degludec,1
Flavin mononucleotide,Foreskin fibroblast (neonatal),1
Flavin mononucleotide,Somatrem,1
Flavin mononucleotide,Futibatinib,1
Flavin mononucleotide,Lenvatinib,1
Flavin mononucleotide,Pralsetinib,1
Flavin mononucleotide,Gimeracil,1
Flavin mononucleotide,Cannabidiol,1
Flavin mononucleotide,Mecasermin rinfabate,1
Flavin mononucleotide,Macitentan,1
Flavin mononucleotide,Copper,1
Flavin mononucleotide,Carboxymethylcellulose,1
Flavin mononucleotide,"Zinc sulfate, unspecified form",1
Flavin mononucleotide,Teprotumumab,1
Phenol,Norelgestromin,1
Phenol,Guaiacol,1
Phenol,Artenimol,1
Phenol,Patent Blue,1
Phenol,Silver,1
Mecobalamin,Thimerosal,1
Ribostamycin,Zinc chloride,1
Ribostamycin,Zinc acetate,1
Ribostamycin,Calcium Phosphate,1
Ribostamycin,Calcium citrate,1
Ribostamycin,Artenimol,1
Ribostamycin,Calcium phosphate dihydrate,1
Ribostamycin,"Zinc sulfate, unspecified form",1
Ribostamycin,Copper,1
Tromethamine,Erdafitinib,1
Tromethamine,Zinc chloride,2
Tromethamine,Zinc acetate,2
Tromethamine,Aducanumab,2
Tromethamine,Dimercaprol,2
Tromethamine,Migalastat,1
Tromethamine,Aluminum acetate,2
Tromethamine,Flutemetamol (18F),2
Tromethamine,"Zinc sulfate, unspecified form",2
Tromethamine,Aluminium phosphate,2
Tromethamine,Fostamatinib,1
Tromethamine,Copper,2
Tromethamine,Florbetaben (18F),2
Tromethamine,Pexidartinib,1
Tromethamine,Florbetapir (18F),2
Propanoic acid,Artenimol,1
Propanoic acid,Acetylcysteine,1
Propanoic acid,Ziconotide,1
Propanoic acid,Dalfampridine,1
Propanoic acid,Carboxymethylcellulose,1
Propanoic acid,Fostamatinib,1
Propanoic acid,Lumateperone,1
Propanoic acid,Bioallethrin,1
Propanoic acid,Esketamine,1
Propanoic acid,Temsirolimus,1
Benzoic acid,Zinc chloride,1
Benzoic acid,Zinc acetate,1
Benzoic acid,Copper,1
Benzoic acid,Artenimol,1
Benzoic acid,Cannabidiol,1
Benzoic acid,"Zinc sulfate, unspecified form",1
Benzoic acid,Fostamatinib,1
Palmitic Acid,Manganese,1
Palmitic Acid,Oleic Acid,1
Palmitic Acid,Sodium carbonate,1
Palmitic Acid,Dronedarone,1
Palmitic Acid,Clevidipine,1
Palmitic Acid,Copper,1
Palmitic Acid,Fostamatinib,1
Palmitic Acid,Voretigene neparvovec,1
Palmitic Acid,Hyaluronic acid,1
Palmitic Acid,Xanthinol,1
Palmitic Acid,Dequalinium,1
Dequalinium,Calcium Phosphate,3
Dequalinium,Calcium phosphate dihydrate,3
Dequalinium,Calcium levulinate,3
Dequalinium,Manganese,1
Dequalinium,Calcium citrate,3
Dequalinium,Prenylamine,3
Dequalinium,Sodium carbonate,1
Dequalinium,Copper,1
Dequalinium,Fostamatinib,1
Dequalinium,Voretigene neparvovec,1
Dequalinium,Hyaluronic acid,1
Dequalinium,Xanthinol,1
Dequalinium,Flunarizine,3
Citric acid,Nintedanib,1
Citric acid,Tirbanibulin,1
Citric acid,Bosutinib,1
Citric acid,Fostamatinib,1
Citric acid,Ponatinib,1
Cholesterol,Vitamin D,1
Cholesterol,Doxercalciferol,1
Cholesterol,Curcumin,1
Carboxin,Erdafitinib,1
Carboxin,Regorafenib,1
Carboxin,Cabozantinib,1
Carboxin,Ponatinib,1
Carboxin,Selpercatinib,1
Carboxin,Fostamatinib,1
Carboxin,Roxadustat,1
Carboxin,Lenvatinib,1
Carboxin,Ferrous ascorbate,1
Carboxin,Vandetanib,1
Carboxin,Pralsetinib,1
Carboxin,Ferrous fumarate,1
Carboxin,Ubidecarenone,9
Carboxin,Ferrous gluconate,1
Carboxin,Ferrous glycine sulfate,1
Carboxin,Ferrous succinate,1
Metamizole,Glycol salicylate,1
Metamizole,Loxoprofen,1
Metamizole,Dexketoprofen,1
Metamizole,Phenyl salicylate,1
Metamizole,Lornoxicam,1
Metamizole,Dexibuprofen,1
Metamizole,Trolamine salicylate,1
Metamizole,Cannabidiol,1
Metamizole,Bendazac,1
Metamizole,Acemetacin,1
Metamizole,Tolfenamic acid,1
Metamizole,Aceclofenac,1
Metamizole,Nepafenac,1
Metamizole,Menthyl salicylate,1
Metamizole,Bufexamac,1
Metamizole,Triflusal,1
Prenylamine,Calcium Phosphate,3
Prenylamine,Calcium phosphate dihydrate,3
Prenylamine,Calcium levulinate,3
Prenylamine,Calcium citrate,3
Prenylamine,Flunarizine,3
Flunarizine,Calcium Phosphate,3
Flunarizine,Manidipine,2
Flunarizine,Calcium phosphate dihydrate,3
Flunarizine,Calcium levulinate,3
Flunarizine,Methsuximide,2
Flunarizine,Calcium citrate,3
Flunarizine,Cannabidiol,2
Celiprolol,Rotigotine,1
Celiprolol,Mianserin,1
Celiprolol,Asenapine,1
Celiprolol,Racepinephrine,1
Celiprolol,Dronedarone,1
Celiprolol,Xylometazoline,1
Celiprolol,Aripiprazole lauroxil,1
Celiprolol,Pizotifen,1
Celiprolol,Droxidopa,1
Roxadustat,Erdafitinib,1
Roxadustat,Zinc chloride,1
Roxadustat,Zinc acetate,1
Roxadustat,Regorafenib,1
Roxadustat,Cabozantinib,1
Roxadustat,Ponatinib,1
Roxadustat,Selpercatinib,1
Roxadustat,"Zinc sulfate, unspecified form",1
Roxadustat,Fostamatinib,1
Roxadustat,Ferrous ascorbate,6
Roxadustat,Lenvatinib,1
Roxadustat,Vandetanib,1
Roxadustat,Belzutifan,1
Roxadustat,Pralsetinib,1
Roxadustat,Ferrous fumarate,6
Roxadustat,Ubidecarenone,1
Roxadustat,Ferrous gluconate,6
Roxadustat,Ferrous glycine sulfate,6
Roxadustat,Ferrous succinate,6
Dronedarone,Vernakalant,7
Dronedarone,Pitolisant,3
Dronedarone,Droxidopa,1
Dronedarone,Chlorobutanol,3
Dronedarone,Nilvadipine,5
Dronedarone,Asenapine,1
Dronedarone,Xylometazoline,1
Dronedarone,Propiverine,4
Dronedarone,Artenimol,1
Dronedarone,Levamlodipine,5
Dronedarone,Mianserin,1
Dronedarone,Eflornithine,1
Dronedarone,Isavuconazole,12
Dronedarone,Mavacamten,1
Dronedarone,Clevidipine,6
Dronedarone,Aripiprazole lauroxil,1
Dronedarone,Pentoxyverine,3
Dronedarone,Pizotifen,1
Dronedarone,Rotigotine,1
Dronedarone,Potassium nitrate,3
Dronedarone,Racepinephrine,1
Dronedarone,Sertindole,3
Dronedarone,"Thyroid, porcine",5
Nilotinib,Erdafitinib,4
Nilotinib,Nintedanib,1
Nilotinib,Foreskin keratinocyte (neonatal),1
Nilotinib,Ancestim,4
Nilotinib,Midostaurin,4
Nilotinib,Regorafenib,8
Nilotinib,Bosutinib,4
Nilotinib,Fostamatinib,8
Nilotinib,Lenvatinib,4
Nilotinib,Olaratumab,1
Nilotinib,Pazopanib,4
Nilotinib,Brigatinib,4
Nilotinib,Umbralisib,4
Nilotinib,Tivozanib,4
Nilotinib,Ripretinib,4
Nilotinib,Avapritinib,4
Nilotinib,Pexidartinib,4
Nilotinib,Ponatinib,8
Nilotinib,Asciminib,4
Ximelagatran,Dabigatran etexilate,2
Ximelagatran,Zinc acetate,2
Ximelagatran,Human C1-esterase inhibitor,2
Ximelagatran,Copper,2
Ximelagatran,Coagulation Factor IX Human,2
Ximelagatran,Thrombomodulin Alfa,2
Ximelagatran,Turoctocog alfa,2
Ximelagatran,Conestat alfa,2
Ximelagatran,Anti-inhibitor coagulant complex,2
Ximelagatran,Antithrombin Alfa,2
Ximelagatran,Turoctocog alfa pegol,2
Ximelagatran,Kappadione,2
Nesiritide,Vosoritide,1
Clevidipine,Artenimol,1
Clevidipine,Levamlodipine,5
Clevidipine,Propiverine,4
Clevidipine,Nilvadipine,5
Clevidipine,Isavuconazole,4
Clevidipine,Mavacamten,1
Crofelemer,Tezacaftor,4
Crofelemer,Duvelisib,1
Crofelemer,Ivacaftor,4
Crofelemer,Fostamatinib,1
Crofelemer,Umbralisib,1
Crofelemer,Dexibuprofen,4
Crofelemer,Aprotinin,1
Crofelemer,Copanlisib,1
Crofelemer,Lumacaftor,4
Crofelemer,Elexacaftor,4
Crofelemer,Idelalisib,1
Ezogabine,Calcium citrate,1
Ezogabine,Calcium Phosphate,1
Ezogabine,Flavone,1
Ezogabine,Artenimol,1
Ezogabine,Calcium phosphate dihydrate,1
Ezogabine,Copper,1
Ezogabine,Fostamatinib,1
Ingenol mebutate,Fostamatinib,1
Migalastat,Zinc chloride,1
Migalastat,Zinc acetate,1
Migalastat,Aducanumab,1
Migalastat,Artenimol,1
Migalastat,Dimercaprol,1
Migalastat,Aluminum acetate,1
Migalastat,"Zinc sulfate, unspecified form",1
Migalastat,Copper,1
Migalastat,Flutemetamol (18F),1
Migalastat,Florbetaben (18F),1
Migalastat,Aluminium phosphate,1
Migalastat,Florbetapir (18F),1
Ancrod,Thrombin,5
Ancrod,Prothrombin,5
Ancrod,Zinc acetate,5
Ancrod,Zinc chloride,5
Ancrod,Human thrombin,5
Ancrod,Copper,2
Ancrod,Thrombin alfa,5
Ancrod,Anti-inhibitor coagulant complex,5
Ancrod,"Zinc sulfate, unspecified form",5
Cobimetinib,Adagrasib,1
Cobimetinib,Dabrafenib,1
Cobimetinib,Trametinib,1
Cobimetinib,Sotorasib,1
Cobimetinib,Fostamatinib,1
Cobimetinib,Vemurafenib,1
Cobimetinib,Encorafenib,1
Cobimetinib,Regorafenib,1
Cobimetinib,Bosutinib,1
Cobimetinib,Ripretinib,1
Cobimetinib,Selumetinib,1
Cobimetinib,Binimetinib,1
Methsuximide,Manidipine,2
Methsuximide,Cannabidiol,2
Rotigotine,Mianserin,1
Rotigotine,Asenapine,1
Rotigotine,Racepinephrine,1
Rotigotine,Xylometazoline,1
Rotigotine,Aripiprazole lauroxil,1
Rotigotine,Pizotifen,1
Rotigotine,Droxidopa,1
Vandetanib,Erdafitinib,5
Vandetanib,Neratinib,1
Vandetanib,Regorafenib,6
Vandetanib,Cabozantinib,5
Vandetanib,Selpercatinib,5
Vandetanib,Dacomitinib,1
Vandetanib,Lenvatinib,5
Vandetanib,Ferrous ascorbate,1
Vandetanib,Necitumumab,1
Vandetanib,Pralsetinib,5
Vandetanib,Brigatinib,1
Vandetanib,Mobocertinib,1
Vandetanib,Ubidecarenone,1
Vandetanib,Ripretinib,1
Vandetanib,Osimertinib,1
Vandetanib,Ferrous succinate,1
Vandetanib,Amivantamab,1
Vandetanib,Foreskin keratinocyte (neonatal),1
Vandetanib,Fostamatinib,7
Vandetanib,Zanubrutinib,1
Vandetanib,Ferrous fumarate,1
Vandetanib,Tivozanib,1
Vandetanib,Ferrous glycine sulfate,1
Vandetanib,Afatinib,1
Vandetanib,Ferrous gluconate,1
Vandetanib,Ponatinib,6
Romiplostim,Avatrombopag,2
Romiplostim,Lusutrombopag,2
Romiplostim,Eltrombopag,2
Levoketoconazole,Osilodrostat,2
Levoketoconazole,Abiraterone,3
Levoketoconazole,Cannabidiol,3
Thrombomodulin Alfa,Dabigatran etexilate,2
Thrombomodulin Alfa,Zinc acetate,2
Thrombomodulin Alfa,Human C1-esterase inhibitor,2
Thrombomodulin Alfa,Protein S human,2
Thrombomodulin Alfa,Copper,2
Thrombomodulin Alfa,Coagulation Factor IX Human,2
Thrombomodulin Alfa,Thrombin,2
Thrombomodulin Alfa,Human thrombin,2
Thrombomodulin Alfa,Conestat alfa,2
Thrombomodulin Alfa,Thrombin alfa,2
Thrombomodulin Alfa,Protein C,2
Thrombomodulin Alfa,Anti-inhibitor coagulant complex,4
Thrombomodulin Alfa,Turoctocog alfa,2
Thrombomodulin Alfa,Turoctocog alfa pegol,2
Thrombomodulin Alfa,Antithrombin Alfa,2
Thrombomodulin Alfa,Kappadione,2
Abiraterone,Cannabidiol,3
Olaratumab,Erdafitinib,1
Olaratumab,Nintedanib,1
Olaratumab,Foreskin keratinocyte (neonatal),1
Olaratumab,Ancestim,1
Olaratumab,Midostaurin,1
Olaratumab,Regorafenib,1
Olaratumab,Fostamatinib,1
Olaratumab,Lenvatinib,1
Olaratumab,Pazopanib,1
Olaratumab,Tivozanib,1
Olaratumab,Ripretinib,1
Olaratumab,Avapritinib,1
Olaratumab,Pexidartinib,1
Olaratumab,Ponatinib,1
Lumateperone,Artenimol,1
Lumateperone,Acetylcysteine,4
Lumateperone,Ziconotide,1
Lumateperone,Dalfampridine,1
Lumateperone,Carboxymethylcellulose,1
Lumateperone,Fostamatinib,1
Lumateperone,Bioallethrin,1
Lumateperone,Esketamine,4
Lumateperone,Temsirolimus,1
Tirbanibulin,Nintedanib,1
Tirbanibulin,Bosutinib,1
Tirbanibulin,Fostamatinib,1
Tirbanibulin,Ponatinib,1
Sertindole,Vernakalant,3
Sertindole,Chlorobutanol,3
Sertindole,Isavuconazole,3
Sertindole,Potassium nitrate,3
Sertindole,Pitolisant,3
Sertindole,Pentoxyverine,3
Mianserin,Asenapine,1
Mianserin,Racepinephrine,1
Mianserin,Xylometazoline,1
Mianserin,Aripiprazole lauroxil,1
Mianserin,Pizotifen,1
Mianserin,Droxidopa,1
Acetylcysteine,Tremelimumab,1
Acetylcysteine,Artenimol,1
Acetylcysteine,Ziconotide,1
Acetylcysteine,Temsirolimus,1
Acetylcysteine,Pazopanib,1
Acetylcysteine,Dalfampridine,1
Acetylcysteine,Nintedanib,1
Acetylcysteine,Fostamatinib,3
Acetylcysteine,Ponatinib,1
Acetylcysteine,Esketamine,4
Acetylcysteine,Idelalisib,1
Acetylcysteine,Duvelisib,1
Acetylcysteine,Copanlisib,1
Acetylcysteine,Copper,2
Acetylcysteine,Carboxymethylcellulose,1
Acetylcysteine,Umbralisib,1
Acetylcysteine,Zanubrutinib,1
Acetylcysteine,Bioallethrin,1
Acetylcysteine,Ipilimumab,1
Pizotifen,Asenapine,1
Pizotifen,Racepinephrine,1
Pizotifen,Xylometazoline,1
Pizotifen,Aripiprazole lauroxil,1
Pizotifen,Droxidopa,1
Pentaerythritol tetranitrate,Zinc acetate,11
Pentaerythritol tetranitrate,Voxelotor,9
Pentaerythritol tetranitrate,Regorafenib,1
Pentaerythritol tetranitrate,Selpercatinib,1
Pentaerythritol tetranitrate,Peginesatide,1
Pentaerythritol tetranitrate,Ferrous ascorbate,9
Pentaerythritol tetranitrate,Lenvatinib,1
Pentaerythritol tetranitrate,Ferrous sulfate anhydrous,9
Pentaerythritol tetranitrate,Pazopanib,1
Pentaerythritol tetranitrate,Sodium ferric gluconate complex,11
Pentaerythritol tetranitrate,Ferric derisomaltose,9
Pentaerythritol tetranitrate,Ferrous succinate,9
Pentaerythritol tetranitrate,Nintedanib,1
Pentaerythritol tetranitrate,Zinc chloride,11
Pentaerythritol tetranitrate,Nitrous acid,11
Pentaerythritol tetranitrate,Copper,11
Pentaerythritol tetranitrate,"Zinc sulfate, unspecified form",11
Pentaerythritol tetranitrate,Axitinib,1
Pentaerythritol tetranitrate,Fostamatinib,1
Pentaerythritol tetranitrate,Ferric pyrophosphate citrate,11
Pentaerythritol tetranitrate,Methoxy polyethylene glycol-epoetin beta,1
Pentaerythritol tetranitrate,Ferrous fumarate,9
Pentaerythritol tetranitrate,Tivozanib,1
Pentaerythritol tetranitrate,Ferrous gluconate,9
Pentaerythritol tetranitrate,Ferrous glycine sulfate,9
Rufinamide,Larotrectinib,1
Rufinamide,Pralsetinib,1
Rufinamide,Lacosamide,2
Rufinamide,Entrectinib,1
Rufinamide,Regorafenib,1
Rufinamide,Cenegermin,1
Rufinamide,Fostamatinib,1
Hyaluronidase (human recombinant),Foreskin keratinocyte (neonatal),1
Hyaluronidase (human recombinant),Foreskin fibroblast (neonatal),1
Hyaluronidase (human recombinant),Hyaluronidase,1
Eltrombopag,Avatrombopag,2
Eltrombopag,Lusutrombopag,2
Tolvaptan,Lypressin,3
Tolvaptan,Atosiban,3
Asenapine,Racepinephrine,1
Asenapine,Xylometazoline,1
Asenapine,Aripiprazole lauroxil,1
Asenapine,Droxidopa,1
Vernakalant,Chlorobutanol,3
Vernakalant,Isavuconazole,7
Vernakalant,Potassium nitrate,3
Vernakalant,Pitolisant,3
Vernakalant,Pentoxyverine,3
Lacosamide,Erdafitinib,1
Lacosamide,Larotrectinib,1
Lacosamide,Nintedanib,1
Lacosamide,Entrectinib,1
Lacosamide,Regorafenib,1
Lacosamide,Selpercatinib,1
Lacosamide,Futibatinib,1
Lacosamide,Fostamatinib,2
Lacosamide,Lenvatinib,1
Lacosamide,Infigratinib,1
Lacosamide,Pralsetinib,1
Lacosamide,Pazopanib,1
Lacosamide,Cenegermin,1
Lacosamide,Pemigatinib,1
Lacosamide,Ponatinib,1
Rivaroxaban,Edoxaban,2
Rivaroxaban,Moroctocog alfa,2
Rivaroxaban,Emicizumab,2
Rivaroxaban,Coagulation factor VII human,2
Rivaroxaban,Lonoctocog alfa,2
Rivaroxaban,Albutrepenonacog alfa,2
Rivaroxaban,Protein S human,2
Rivaroxaban,Bemiparin,2
Rivaroxaban,Betrixaban,2
Rivaroxaban,Nonacog beta pegol,2
Rivaroxaban,Coagulation Factor IX Human,2
Rivaroxaban,Protamine sulfate,2
Rivaroxaban,Apixaban,2
Rivaroxaban,Turoctocog alfa,2
Rivaroxaban,Anti-inhibitor coagulant complex,2
Rivaroxaban,Antithrombin Alfa,2
Rivaroxaban,Turoctocog alfa pegol,2
Rivaroxaban,Antihemophilic factor human,2
Rivaroxaban,Kappadione,2
Droxidopa,Racepinephrine,1
Droxidopa,Xylometazoline,1
Droxidopa,Aripiprazole lauroxil,1
Sitaxentan,Erdafitinib,1
Sitaxentan,Teriflunomide,1
Sitaxentan,Nintedanib,1
Sitaxentan,Foreskin keratinocyte (neonatal),1
Sitaxentan,Regorafenib,1
Sitaxentan,Macitentan,8
Sitaxentan,Foreskin fibroblast (neonatal),1
Sitaxentan,Selpercatinib,1
Sitaxentan,Futibatinib,1
Sitaxentan,Fostamatinib,1
Sitaxentan,Lenvatinib,1
Sitaxentan,Infigratinib,1
Sitaxentan,Eflornithine,1
Sitaxentan,Pralsetinib,1
Sitaxentan,Pazopanib,1
Sitaxentan,Ambrisentan,8
Sitaxentan,Pemigatinib,1
Sitaxentan,Ponatinib,1
Sulodexide,Zinc chloride,1
Sulodexide,Zinc acetate,1
Sulodexide,"Zinc sulfate, unspecified form",1
Sulodexide,Copper,2
Sulodexide,Bemiparin,2
Sulodexide,Nadroparin,1
Sulodexide,Antithrombin III human,1
Sulodexide,Protamine sulfate,1
Sulodexide,Dalteparin,1
Sulodexide,Tinzaparin,1
Sulodexide,Danaparoid,1
Doxercalciferol,Vitamin D,1
Doxercalciferol,Curcumin,1
Ziconotide,Zinc acetate,1
Ziconotide,Artenimol,1
Ziconotide,Eflornithine,1
Ziconotide,Brigatinib,1
Ziconotide,Gabapentin enacarbil,2
Ziconotide,Dalfampridine,1
Ziconotide,Zinc chloride,1
Ziconotide,Insulin beef,1
Ziconotide,Fostamatinib,2
Ziconotide,Nandrolone decanoate,1
Ziconotide,Esketamine,1
Ziconotide,Insulin degludec,1
Ziconotide,Somatrem,1
Ziconotide,Cannabidiol,1
Ziconotide,Mecasermin rinfabate,1
Ziconotide,Copper,1
Ziconotide,Carboxymethylcellulose,2
Ziconotide,"Zinc sulfate, unspecified form",1
Ziconotide,Teprotumumab,1
Ziconotide,Bioallethrin,3
Ziconotide,Temsirolimus,1
Temsirolimus,Artenimol,1
Temsirolimus,Dalfampridine,1
Temsirolimus,Carboxymethylcellulose,1
Temsirolimus,Fostamatinib,3
Temsirolimus,Bioallethrin,1
Temsirolimus,Esketamine,1
Rilonacept,Carfilzomib,1
Rilonacept,Mifamurtide,1
Rilonacept,Tasonermin,1
Ambrisentan,Erdafitinib,1
Ambrisentan,Teriflunomide,1
Ambrisentan,Nintedanib,1
Ambrisentan,Foreskin keratinocyte (neonatal),1
Ambrisentan,Regorafenib,1
Ambrisentan,Macitentan,8
Ambrisentan,Foreskin fibroblast (neonatal),1
Ambrisentan,Selpercatinib,1
Ambrisentan,Futibatinib,1
Ambrisentan,Fostamatinib,1
Ambrisentan,Lenvatinib,1
Ambrisentan,Infigratinib,1
Ambrisentan,Eflornithine,1
Ambrisentan,Pralsetinib,1
Ambrisentan,Pazopanib,1
Ambrisentan,Pemigatinib,1
Ambrisentan,Ponatinib,1
Human C1-esterase inhibitor,Zinc acetate,10
Human C1-esterase inhibitor,Sutimlimab,3
Human C1-esterase inhibitor,Thrombin,1
Human C1-esterase inhibitor,Human thrombin,1
Human C1-esterase inhibitor,Conestat alfa,11
Human C1-esterase inhibitor,Anti-inhibitor coagulant complex,2
Human C1-esterase inhibitor,Turoctocog alfa pegol,2
Human C1-esterase inhibitor,Kappadione,2
Human C1-esterase inhibitor,Dabigatran etexilate,2
Human C1-esterase inhibitor,Zinc chloride,6
Human C1-esterase inhibitor,Copper,6
Human C1-esterase inhibitor,"Zinc sulfate, unspecified form",6
Human C1-esterase inhibitor,Ethanolamine oleate,3
Human C1-esterase inhibitor,Coagulation Factor IX Human,3
Human C1-esterase inhibitor,Lanadelumab,1
Human C1-esterase inhibitor,Berotralstat,1
Human C1-esterase inhibitor,Turoctocog alfa,2
Human C1-esterase inhibitor,Antithrombin Alfa,2
Tyloxapol,Omega-3-carboxylic acids,2
Tyloxapol,Glycyrrhizic acid,2
Pazopanib,Erdafitinib,16
Pazopanib,Zinc acetate,1
Pazopanib,Tremelimumab,1
Pazopanib,Ancestim,4
Pazopanib,Voxelotor,1
Pazopanib,Regorafenib,13
Pazopanib,Artenimol,1
Pazopanib,Selpercatinib,7
Pazopanib,Infigratinib,6
Pazopanib,Sodium ferric gluconate complex,1
Pazopanib,Aluminum chloride,1
Pazopanib,Gabapentin enacarbil,1
Pazopanib,Ferric derisomaltose,1
Pazopanib,Avapritinib,4
Pazopanib,Ferrous succinate,1
Pazopanib,Dabrafenib,1
Pazopanib,Nintedanib,15
Pazopanib,Zinc chloride,1
Pazopanib,Nitrous acid,1
Pazopanib,Foreskin keratinocyte (neonatal),2
Pazopanib,Fostamatinib,20
Pazopanib,Ferric pyrophosphate citrate,1
Pazopanib,Tivozanib,11
Pazopanib,Pexidartinib,10
Pazopanib,Pemigatinib,6
Pazopanib,Ponatinib,11
Pazopanib,Idelalisib,1
Pazopanib,Teriflunomide,1
Pazopanib,Duvelisib,1
Pazopanib,Vemurafenib,1
Pazopanib,Foreskin fibroblast (neonatal),7
Pazopanib,Futibatinib,6
Pazopanib,Ferrous ascorbate,1
Pazopanib,Lenvatinib,11
Pazopanib,Ferrous sulfate anhydrous,1
Pazopanib,Pralsetinib,7
Pazopanib,Encorafenib,1
Pazopanib,Copanlisib,1
Pazopanib,Ripretinib,11
Pazopanib,Midostaurin,10
Pazopanib,Macitentan,1
Pazopanib,Copper,2
Pazopanib,"Zinc sulfate, unspecified form",1
Pazopanib,Axitinib,1
Pazopanib,Umbralisib,1
Pazopanib,Zanubrutinib,3
Pazopanib,Ferrous fumarate,1
Pazopanib,Ferrous gluconate,1
Pazopanib,Ferrous glycine sulfate,1
Pazopanib,Ipilimumab,1
Apixaban,Edoxaban,2
Apixaban,Moroctocog alfa,2
Apixaban,Emicizumab,2
Apixaban,Coagulation factor VII human,2
Apixaban,Lonoctocog alfa,2
Apixaban,Albutrepenonacog alfa,2
Apixaban,Protein S human,2
Apixaban,Bemiparin,2
Apixaban,Betrixaban,2
Apixaban,Nonacog beta pegol,2
Apixaban,Coagulation Factor IX Human,2
Apixaban,Protamine sulfate,2
Apixaban,Turoctocog alfa,2
Apixaban,Anti-inhibitor coagulant complex,2
Apixaban,Antithrombin Alfa,2
Apixaban,Turoctocog alfa pegol,2
Apixaban,Antihemophilic factor human,2
Apixaban,Kappadione,2
Teplizumab,Mosunetuzumab,2
Teplizumab,Blinatumomab,1
Teplizumab,Fostamatinib,1
Teplizumab,Tofacitinib,1
Teplizumab,Catumaxomab,2
Teplizumab,Abrocitinib,1
Teplizumab,Zanubrutinib,1
Teplizumab,Baricitinib,1
Teplizumab,Ruxolitinib,1
Catumaxomab,Benralizumab,1
Catumaxomab,Sarilumab,1
Catumaxomab,Mosunetuzumab,2
Catumaxomab,Blinatumomab,1
Catumaxomab,Fostamatinib,1
Catumaxomab,Tofacitinib,1
Catumaxomab,Hypromellose,2
Catumaxomab,Abrocitinib,1
Catumaxomab,Technetium Tc-99m nofetumomab merpentan,2
Catumaxomab,Baricitinib,1
Catumaxomab,Zanubrutinib,1
Catumaxomab,Amivantamab,1
Catumaxomab,Ruxolitinib,1
Bosutinib,Dabrafenib,1
Bosutinib,Nintedanib,1
Bosutinib,Vemurafenib,1
Bosutinib,Regorafenib,5
Bosutinib,Selumetinib,1
Bosutinib,Fostamatinib,6
Bosutinib,Trametinib,1
Bosutinib,Sotorasib,1
Bosutinib,Brigatinib,4
Bosutinib,Umbralisib,4
Bosutinib,Encorafenib,1
Bosutinib,Ripretinib,1
Bosutinib,Binimetinib,1
Bosutinib,Adagrasib,1
Bosutinib,Ponatinib,5
Bosutinib,Asciminib,4
Axitinib,Zinc acetate,1
Axitinib,Voxelotor,1
Axitinib,Regorafenib,1
Axitinib,Selpercatinib,1
Axitinib,Ferrous ascorbate,1
Axitinib,Lenvatinib,1
Axitinib,Ferrous sulfate anhydrous,1
Axitinib,Sodium ferric gluconate complex,1
Axitinib,Ferric derisomaltose,1
Axitinib,Ferrous succinate,1
Axitinib,Nintedanib,1
Axitinib,Zinc chloride,1
Axitinib,Nitrous acid,1
Axitinib,Copper,1
Axitinib,"Zinc sulfate, unspecified form",1
Axitinib,Fostamatinib,1
Axitinib,Ferric pyrophosphate citrate,1
Axitinib,Ferrous fumarate,1
Axitinib,Tivozanib,1
Axitinib,Ferrous gluconate,1
Axitinib,Ferrous glycine sulfate,1
Dalfampridine,Artenimol,1
Dalfampridine,Carboxymethylcellulose,1
Dalfampridine,Fostamatinib,1
Dalfampridine,Bioallethrin,1
Dalfampridine,Amifampridine,1
Dalfampridine,Esketamine,1
Ethanolamine oleate,Zinc acetate,3
Ethanolamine oleate,Conestat alfa,3
Ethanolamine oleate,Copper,1
Aprotinin,Tezacaftor,1
Aprotinin,Ivacaftor,1
Aprotinin,Copper,2
Aprotinin,Dexibuprofen,1
Aprotinin,Lumacaftor,1
Aprotinin,Elexacaftor,1
Xylometazoline,Racepinephrine,1
Xylometazoline,Aripiprazole lauroxil,1
Dabigatran etexilate,Zinc acetate,2
Dabigatran etexilate,Copper,2
Dabigatran etexilate,Coagulation Factor IX Human,2
Dabigatran etexilate,Turoctocog alfa,2
Dabigatran etexilate,Conestat alfa,2
Dabigatran etexilate,Anti-inhibitor coagulant complex,2
Dabigatran etexilate,Antithrombin Alfa,2
Dabigatran etexilate,Turoctocog alfa pegol,2
Dabigatran etexilate,Kappadione,2
Degarelix,Ganirelix,1
Degarelix,Erdafitinib,1
Degarelix,Regorafenib,1
Degarelix,Selpercatinib,1
Degarelix,Futibatinib,1
Degarelix,Lenvatinib,1
Degarelix,Triptorelin,1
Degarelix,Infigratinib,1
Degarelix,Pralsetinib,1
Degarelix,Gestrinone,1
Degarelix,Histrelin,1
Degarelix,Linzagolix,1
Degarelix,Nintedanib,1
Degarelix,Elagolix,1
Degarelix,Copper,1
Degarelix,Relugolix,1
Degarelix,Fostamatinib,1
Degarelix,Pemigatinib,1
Degarelix,Buserelin,1
Degarelix,Tivozanib,1
Degarelix,Ponatinib,1
Nilvadipine,Artenimol,1
Nilvadipine,Levamlodipine,5
Nilvadipine,Propiverine,4
Nilvadipine,Isavuconazole,4
Nilvadipine,Mavacamten,1
Norelgestromin,Guaiacol,1
Norelgestromin,Artenimol,1
Norelgestromin,Patent Blue,1
Norelgestromin,Silver,1
Buserelin,Ganirelix,1
Buserelin,Erdafitinib,1
Buserelin,Regorafenib,1
Buserelin,Selpercatinib,1
Buserelin,Futibatinib,1
Buserelin,Lenvatinib,1
Buserelin,Triptorelin,1
Buserelin,Infigratinib,1
Buserelin,Pralsetinib,1
Buserelin,Gestrinone,1
Buserelin,Histrelin,1
Buserelin,Linzagolix,1
Buserelin,Nintedanib,1
Buserelin,Elagolix,1
Buserelin,Copper,1
Buserelin,Relugolix,1
Buserelin,Fostamatinib,1
Buserelin,Pemigatinib,1
Buserelin,Tivozanib,1
Buserelin,Ponatinib,1
Lornoxicam,Glycol salicylate,1
Lornoxicam,Loxoprofen,1
Lornoxicam,Dexketoprofen,1
Lornoxicam,Phenyl salicylate,1
Lornoxicam,Dexibuprofen,1
Lornoxicam,Trolamine salicylate,1
Lornoxicam,Cannabidiol,1
Lornoxicam,Bendazac,1
Lornoxicam,Acemetacin,1
Lornoxicam,Tolfenamic acid,1
Lornoxicam,Aceclofenac,1
Lornoxicam,Nepafenac,1
Lornoxicam,Menthyl salicylate,1
Lornoxicam,Bufexamac,1
Lornoxicam,Triflusal,1
Aceclofenac,Glycol salicylate,1
Aceclofenac,Loxoprofen,1
Aceclofenac,Dexketoprofen,1
Aceclofenac,Phenyl salicylate,1
Aceclofenac,Dexibuprofen,1
Aceclofenac,Trolamine salicylate,1
Aceclofenac,Cannabidiol,1
Aceclofenac,Bendazac,1
Aceclofenac,Acemetacin,1
Aceclofenac,Tolfenamic acid,1
Aceclofenac,Nepafenac,1
Aceclofenac,Menthyl salicylate,1
Aceclofenac,Bufexamac,1
Aceclofenac,Triflusal,1
Danaparoid,Nadroparin,1
Danaparoid,Antithrombin III human,1
Danaparoid,Bemiparin,1
Danaparoid,Protamine sulfate,1
Danaparoid,Dalteparin,1
Danaparoid,Copper,1
Danaparoid,Tinzaparin,1
Manganese,Zinc acetate,1
Manganese,Aluminium phosphate,1
Manganese,Ferrous ascorbate,1
Manganese,Sodium carbonate,1
Manganese,Ferrous succinate,1
Manganese,Zinc chloride,1
Manganese,Aluminum acetate,1
Manganese,"Zinc sulfate, unspecified form",1
Manganese,Copper,2
Manganese,Fostamatinib,1
Manganese,Voretigene neparvovec,1
Manganese,Hyaluronic acid,1
Manganese,Ferrous fumarate,1
Manganese,Xanthinol,1
Manganese,Ferrous gluconate,1
Manganese,Ferrous glycine sulfate,1
Dalteparin,Nadroparin,1
Dalteparin,Antithrombin III human,1
Dalteparin,Bemiparin,1
Dalteparin,Protamine sulfate,1
Dalteparin,Copper,1
Dalteparin,Tinzaparin,1
Desoxycorticosterone acetate,Fluticasone furoate,2
Desoxycorticosterone acetate,Testosterone enanthate,2
Desoxycorticosterone acetate,Finerenone,2
Desoxycorticosterone acetate,Testosterone cypionate,2
Desoxycorticosterone acetate,Fluticasone,2
Difluprednate,Fluticasone furoate,1
Difluprednate,Ulipristal,1
Difluprednate,Hydrocortisone acetate,1
Difluprednate,Mometasone furoate,1
Difluprednate,Hydrocortisone phosphate,1
Difluprednate,Gestrinone,1
Difluprednate,Betamethasone phosphate,1
Difluprednate,Segesterone acetate,1
Difluprednate,Hydrocortisone cypionate,1
Difluprednate,Hydrocortisone probutate,1
Difluprednate,Clobetasone,1
Difluprednate,Hydrocortisone valerate,1
Difluprednate,Prednisolone phosphate,1
Difluprednate,Hydrocortisone butyrate,1
Difluprednate,Prednisolone acetate,1
Difluprednate,Dexamethasone acetate,1
Difluprednate,Difluocortolone,1
Difluprednate,Deflazacort,1
Difluprednate,Fluticasone,1
Difluprednate,Tixocortol,1
Dimercaprol,Erdafitinib,1
Dimercaprol,Zinc chloride,2
Dimercaprol,Zinc acetate,2
Dimercaprol,Aducanumab,2
Dimercaprol,Aluminum acetate,2
Dimercaprol,Flutemetamol (18F),2
Dimercaprol,"Zinc sulfate, unspecified form",2
Dimercaprol,Aluminium phosphate,2
Dimercaprol,Fostamatinib,1
Dimercaprol,Copper,2
Dimercaprol,Florbetaben (18F),2
Dimercaprol,Pexidartinib,1
Dimercaprol,Florbetapir (18F),2
Ganirelix,Erdafitinib,1
Ganirelix,Regorafenib,1
Ganirelix,Selpercatinib,1
Ganirelix,Futibatinib,1
Ganirelix,Lenvatinib,1
Ganirelix,Triptorelin,1
Ganirelix,Infigratinib,1
Ganirelix,Pralsetinib,1
Ganirelix,Gestrinone,1
Ganirelix,Histrelin,1
Ganirelix,Linzagolix,1
Ganirelix,Nintedanib,1
Ganirelix,Elagolix,1
Ganirelix,Copper,1
Ganirelix,Relugolix,1
Ganirelix,Fostamatinib,1
Ganirelix,Pemigatinib,1
Ganirelix,Tivozanib,1
Ganirelix,Ponatinib,1
Histrelin,Erdafitinib,1
Histrelin,Regorafenib,1
Histrelin,Selpercatinib,1
Histrelin,Futibatinib,1
Histrelin,Lenvatinib,1
Histrelin,Triptorelin,1
Histrelin,Infigratinib,1
Histrelin,Pralsetinib,1
Histrelin,Gestrinone,1
Histrelin,Linzagolix,1
Histrelin,Nintedanib,1
Histrelin,Elagolix,1
Histrelin,Copper,1
Histrelin,Relugolix,1
Histrelin,Fostamatinib,1
Histrelin,Pemigatinib,1
Histrelin,Tivozanib,1
Histrelin,Ponatinib,1
Nepafenac,Glycol salicylate,1
Nepafenac,Loxoprofen,1
Nepafenac,Dexketoprofen,1
Nepafenac,Phenyl salicylate,1
Nepafenac,Dexibuprofen,1
Nepafenac,Trolamine salicylate,1
Nepafenac,Cannabidiol,1
Nepafenac,Bendazac,1
Nepafenac,Acemetacin,1
Nepafenac,Tolfenamic acid,1
Nepafenac,Menthyl salicylate,1
Nepafenac,Bufexamac,1
Nepafenac,Triflusal,1
Tinzaparin,Nadroparin,1
Tinzaparin,Antithrombin III human,1
Tinzaparin,Bemiparin,1
Tinzaparin,Protamine sulfate,1
Tinzaparin,Copper,1
Triptorelin,Erdafitinib,1
Triptorelin,Regorafenib,1
Triptorelin,Selpercatinib,1
Triptorelin,Futibatinib,1
Triptorelin,Lenvatinib,1
Triptorelin,Infigratinib,1
Triptorelin,Pralsetinib,1
Triptorelin,Gestrinone,1
Triptorelin,Linzagolix,1
Triptorelin,Nintedanib,1
Triptorelin,Elagolix,1
Triptorelin,Copper,1
Triptorelin,Relugolix,1
Triptorelin,Fostamatinib,1
Triptorelin,Pemigatinib,1
Triptorelin,Tivozanib,1
Triptorelin,Ponatinib,1
Flavone,Calcium citrate,1
Flavone,Calcium Phosphate,1
Flavone,Artenimol,1
Flavone,Cannabidiol,1
Flavone,Calcium phosphate dihydrate,1
Flavone,Copper,1
Flavone,Fostamatinib,1
Sulthiame,Sodium carbonate,1
Sulthiame,Sodium sulfate,1
Triclosan,2-mercaptobenzothiazole,2
Triclosan,Methimazole,2
Triclosan,Resorcinol,2
Nandrolone decanoate,Zinc acetate,1
Nandrolone decanoate,Eflornithine,1
Nandrolone decanoate,Brigatinib,2
Nandrolone decanoate,Gabapentin enacarbil,1
Nandrolone decanoate,Zinc chloride,1
Nandrolone decanoate,Insulin beef,2
Nandrolone decanoate,Fostamatinib,1
Nandrolone decanoate,Insulin degludec,2
Nandrolone decanoate,Somatrem,2
Nandrolone decanoate,Cannabidiol,1
Nandrolone decanoate,Mecasermin rinfabate,2
Nandrolone decanoate,Copper,1
Nandrolone decanoate,Carboxymethylcellulose,1
Nandrolone decanoate,"Zinc sulfate, unspecified form",1
Nandrolone decanoate,Teprotumumab,2
Dichloroacetic acid,Glycerin,1
Nadroparin,Antithrombin III human,1
Nadroparin,Bemiparin,1
Nadroparin,Protamine sulfate,1
Nadroparin,Copper,1
Triflusal,Glycol salicylate,1
Triflusal,Loxoprofen,1
Triflusal,Dexketoprofen,1
Triflusal,Phenyl salicylate,1
Triflusal,Dexibuprofen,1
Triflusal,Trolamine salicylate,1
Triflusal,Cannabidiol,1
Triflusal,Bendazac,1
Triflusal,Acemetacin,1
Triflusal,Tolfenamic acid,1
Triflusal,Menthyl salicylate,1
Triflusal,Bufexamac,1
Ulipristal,Fluticasone furoate,1
Ulipristal,Hydrocortisone acetate,1
Ulipristal,Mometasone furoate,1
Ulipristal,Hydrocortisone phosphate,1
Ulipristal,Gestrinone,1
Ulipristal,Betamethasone phosphate,1
Ulipristal,Segesterone acetate,1
Ulipristal,Hydrocortisone cypionate,1
Ulipristal,Hydrocortisone probutate,1
Ulipristal,Clobetasone,1
Ulipristal,Hydrocortisone valerate,1
Ulipristal,Prednisolone phosphate,1
Ulipristal,Hydrocortisone butyrate,1
Ulipristal,Prednisolone acetate,1
Ulipristal,Dexamethasone acetate,1
Ulipristal,Difluocortolone,1
Ulipristal,Deflazacort,1
Ulipristal,Fluticasone,1
Ulipristal,Tixocortol,1
Hyaluronic acid,Copper,2
Hyaluronic acid,Voretigene neparvovec,1
Hyaluronic acid,Fostamatinib,1
Hyaluronic acid,Xanthinol,1
Hyaluronic acid,Sodium carbonate,1
Ivacaftor,Tezacaftor,4
Ivacaftor,Duvelisib,1
Ivacaftor,Fostamatinib,1
Ivacaftor,Umbralisib,1
Ivacaftor,Dexibuprofen,4
Ivacaftor,Copanlisib,1
Ivacaftor,Lumacaftor,4
Ivacaftor,Elexacaftor,4
Ivacaftor,Idelalisib,1
Vismodegib,Erdafitinib,1
Vismodegib,Nintedanib,1
Vismodegib,Foreskin keratinocyte (neonatal),1
Vismodegib,Glasdegib,2
Vismodegib,Regorafenib,1
Vismodegib,Artenimol,1
Vismodegib,Foreskin fibroblast (neonatal),1
Vismodegib,Selpercatinib,1
Vismodegib,Futibatinib,1
Vismodegib,Fostamatinib,1
Vismodegib,Alpelisib,1
Vismodegib,Lenvatinib,1
Vismodegib,Halcinonide,2
Vismodegib,Infigratinib,1
Vismodegib,Pralsetinib,1
Vismodegib,Sonidegib,2
Vismodegib,Copanlisib,1
Vismodegib,Pemigatinib,1
Vismodegib,Ponatinib,1
Cholecystokinin,Adagrasib,1
Cholecystokinin,Dabrafenib,4
Cholecystokinin,D-alpha-Tocopherol acetate,1
Cholecystokinin,Sotorasib,1
Cholecystokinin,Fostamatinib,4
Cholecystokinin,Vemurafenib,2
Cholecystokinin,Encorafenib,2
Cholecystokinin,Regorafenib,4
Cholecystokinin,alpha-Tocopherol succinate,1
Cholecystokinin,Ripretinib,2
Crizotinib,Lorlatinib,1
Crizotinib,Gilteritinib,1
Crizotinib,Brigatinib,4
Crizotinib,Ceritinib,1
Crizotinib,Tepotinib,3
Crizotinib,Cabozantinib,3
Crizotinib,Tivozanib,3
Crizotinib,Alectinib,1
Crizotinib,Capmatinib,3
Crizotinib,Fostamatinib,4
Crizotinib,Amivantamab,3
Gabapentin enacarbil,Erdafitinib,1
Gabapentin enacarbil,Zinc acetate,1
Gabapentin enacarbil,Artenimol,1
Gabapentin enacarbil,Selpercatinib,1
Gabapentin enacarbil,Infigratinib,1
Gabapentin enacarbil,Eflornithine,1
Gabapentin enacarbil,Brigatinib,1
Gabapentin enacarbil,Aluminum chloride,1
Gabapentin enacarbil,Nintedanib,1
Gabapentin enacarbil,Zinc chloride,1
Gabapentin enacarbil,Insulin beef,1
Gabapentin enacarbil,Fostamatinib,2
Gabapentin enacarbil,Pemigatinib,1
Gabapentin enacarbil,Ponatinib,1
Gabapentin enacarbil,Insulin degludec,1
Gabapentin enacarbil,Somatrem,1
Gabapentin enacarbil,Futibatinib,1
Gabapentin enacarbil,Lenvatinib,1
Gabapentin enacarbil,Cannabidiol,1
Gabapentin enacarbil,Mecasermin rinfabate,1
Gabapentin enacarbil,Copper,2
Gabapentin enacarbil,Carboxymethylcellulose,1
Gabapentin enacarbil,"Zinc sulfate, unspecified form",1
Gabapentin enacarbil,Teprotumumab,1
Gabapentin enacarbil,Bioallethrin,1
Cabozantinib,Erdafitinib,5
Cabozantinib,Regorafenib,5
Cabozantinib,Ponatinib,5
Cabozantinib,Selpercatinib,5
Cabozantinib,Fostamatinib,8
Cabozantinib,Lenvatinib,5
Cabozantinib,Ferrous ascorbate,1
Cabozantinib,Pralsetinib,5
Cabozantinib,Brigatinib,3
Cabozantinib,Ferrous fumarate,1
Cabozantinib,Ubidecarenone,1
Cabozantinib,Tepotinib,3
Cabozantinib,Tivozanib,3
Cabozantinib,Capmatinib,3
Cabozantinib,Ferrous gluconate,1
Cabozantinib,Ferrous glycine sulfate,1
Cabozantinib,Ferrous succinate,1
Cabozantinib,Amivantamab,3
Ruxolitinib,Deucravacitinib,1
Ruxolitinib,Mosunetuzumab,1
Ruxolitinib,Blinatumomab,1
Ruxolitinib,Fostamatinib,3
Ruxolitinib,Tofacitinib,3
Ruxolitinib,Abrocitinib,3
Ruxolitinib,Zanubrutinib,2
Ruxolitinib,Baricitinib,3
Teriflunomide,Erdafitinib,1
Teriflunomide,Nintedanib,1
Teriflunomide,Foreskin keratinocyte (neonatal),1
Teriflunomide,Regorafenib,1
Teriflunomide,Macitentan,1
Teriflunomide,Foreskin fibroblast (neonatal),1
Teriflunomide,Selpercatinib,1
Teriflunomide,Futibatinib,1
Teriflunomide,Fostamatinib,1
Teriflunomide,Lenvatinib,1
Teriflunomide,Infigratinib,1
Teriflunomide,Pralsetinib,1
Teriflunomide,Pemigatinib,1
Teriflunomide,Ponatinib,1
Vemurafenib,Dabrafenib,5
Vemurafenib,Erdafitinib,1
Vemurafenib,Nintedanib,1
Vemurafenib,Regorafenib,5
Vemurafenib,Selumetinib,1
Vemurafenib,Selpercatinib,1
Vemurafenib,Futibatinib,1
Vemurafenib,Fostamatinib,5
Vemurafenib,Lenvatinib,1
Vemurafenib,Infigratinib,1
Vemurafenib,Trametinib,1
Vemurafenib,Sotorasib,2
Vemurafenib,Encorafenib,5
Vemurafenib,Ripretinib,5
Vemurafenib,Binimetinib,1
Vemurafenib,Pemigatinib,1
Vemurafenib,Adagrasib,2
Vemurafenib,Ponatinib,1
Ocriplasmin,Zinc chloride,1
Ocriplasmin,Zinc acetate,1
Ocriplasmin,"Zinc sulfate, unspecified form",1
Ocriplasmin,Copper,1
Carfilzomib,Mifamurtide,1
Carfilzomib,Tasonermin,1
Peginesatide,Zinc chloride,1
Peginesatide,Zinc acetate,1
Peginesatide,Nitrous acid,1
Peginesatide,Voxelotor,1
Peginesatide,Copper,1
Peginesatide,"Zinc sulfate, unspecified form",1
Peginesatide,Ferrous ascorbate,1
Peginesatide,Ferric pyrophosphate citrate,1
Peginesatide,Ferrous sulfate anhydrous,1
Peginesatide,Sodium ferric gluconate complex,1
Peginesatide,Methoxy polyethylene glycol-epoetin beta,1
Peginesatide,Ferrous fumarate,1
Peginesatide,Ferric derisomaltose,1
Peginesatide,Ferrous gluconate,1
Peginesatide,Ferrous glycine sulfate,1
Peginesatide,Ferrous succinate,1
Tofacitinib,Deucravacitinib,1
Tofacitinib,Mosunetuzumab,1
Tofacitinib,Blinatumomab,1
Tofacitinib,Fostamatinib,3
Tofacitinib,Abrocitinib,3
Tofacitinib,Zanubrutinib,2
Tofacitinib,Baricitinib,3
Regorafenib,Erdafitinib,32
Regorafenib,Larotrectinib,1
Regorafenib,Zinc acetate,1
Regorafenib,Glasdegib,1
Regorafenib,Ancestim,4
Regorafenib,Voxelotor,1
Regorafenib,Artenimol,1
Regorafenib,Selpercatinib,23
Regorafenib,Halcinonide,1
Regorafenib,Trametinib,1
Regorafenib,Infigratinib,17
Regorafenib,Brigatinib,4
Regorafenib,Sodium ferric gluconate complex,1
Regorafenib,Ferric derisomaltose,1
Regorafenib,Ubidecarenone,1
Regorafenib,Avapritinib,4
Regorafenib,Ferrous succinate,2
Regorafenib,Asciminib,4
Regorafenib,Dabrafenib,7
Regorafenib,Nintedanib,25
Regorafenib,Zinc chloride,1
Regorafenib,Nitrous acid,1
Regorafenib,Foreskin keratinocyte (neonatal),11
Regorafenib,Elagolix,1
Regorafenib,Entrectinib,1
Regorafenib,Relugolix,1
Regorafenib,Fostamatinib,48
Regorafenib,Alpelisib,1
Regorafenib,Ferric pyrophosphate citrate,1
Regorafenib,Tivozanib,20
Regorafenib,Pexidartinib,10
Regorafenib,Binimetinib,1
Regorafenib,Pemigatinib,17
Regorafenib,Ponatinib,31
Regorafenib,Foreskin fibroblast (neonatal),16
Regorafenib,Futibatinib,17
Regorafenib,Ferrous ascorbate,2
Regorafenib,Lenvatinib,27
Regorafenib,Ferrous sulfate anhydrous,1
Regorafenib,Pralsetinib,28
Regorafenib,Encorafenib,5
Regorafenib,Copanlisib,1
Regorafenib,Ripretinib,16
Regorafenib,Gestrinone,1
Regorafenib,Adagrasib,2
Regorafenib,Linzagolix,1
Regorafenib,Midostaurin,10
Regorafenib,Macitentan,1
Regorafenib,Selumetinib,1
Regorafenib,Copper,2
Regorafenib,"Zinc sulfate, unspecified form",1
Regorafenib,Sotorasib,2
Regorafenib,Sonidegib,1
Regorafenib,Umbralisib,4
Regorafenib,Ferrous fumarate,2
Regorafenib,Cenegermin,1
Regorafenib,Ferrous gluconate,2
Regorafenib,Ferrous glycine sulfate,2
Ponatinib,Erdafitinib,30
Ponatinib,Glasdegib,1
Ponatinib,Tremelimumab,1
Ponatinib,Ancestim,4
Ponatinib,Artenimol,2
Ponatinib,Selpercatinib,26
Ponatinib,Halcinonide,1
Ponatinib,Infigratinib,21
Ponatinib,Brigatinib,4
Ponatinib,Aluminum chloride,1
Ponatinib,Ubidecarenone,1
Ponatinib,Avapritinib,4
Ponatinib,Ferrous succinate,1
Ponatinib,Asciminib,4
Ponatinib,Dabrafenib,1
Ponatinib,Nintedanib,25
Ponatinib,Foreskin keratinocyte (neonatal),11
Ponatinib,Elagolix,1
Ponatinib,Relugolix,1
Ponatinib,Fostamatinib,38
Ponatinib,Alpelisib,1
Ponatinib,Tivozanib,13
Ponatinib,Pexidartinib,4
Ponatinib,Pemigatinib,21
Ponatinib,Idelalisib,1
Ponatinib,Duvelisib,1
Ponatinib,Foreskin fibroblast (neonatal),10
Ponatinib,Futibatinib,21
Ponatinib,Ferrous ascorbate,1
Ponatinib,Lenvatinib,30
Ponatinib,Pralsetinib,21
Ponatinib,Encorafenib,1
Ponatinib,Copanlisib,2
Ponatinib,Ripretinib,6
Ponatinib,Gestrinone,1
Ponatinib,Linzagolix,1
Ponatinib,Midostaurin,4
Ponatinib,Macitentan,1
Ponatinib,Copper,2
Ponatinib,Sonidegib,1
Ponatinib,Umbralisib,5
Ponatinib,Zanubrutinib,2
Ponatinib,Ferrous fumarate,1
Ponatinib,Ferrous gluconate,1
Ponatinib,Ferrous glycine sulfate,1
Ponatinib,Ipilimumab,1
Fluticasone furoate,Testosterone enanthate,2
Fluticasone furoate,Mometasone furoate,1
Fluticasone furoate,Betamethasone phosphate,1
Fluticasone furoate,Segesterone acetate,1
Fluticasone furoate,Hydrocortisone valerate,1
Fluticasone furoate,Finerenone,2
Fluticasone furoate,Difluocortolone,1
Fluticasone furoate,Fluticasone,3
Fluticasone furoate,Deflazacort,1
Fluticasone furoate,Tixocortol,1
Fluticasone furoate,Hydrocortisone acetate,1
Fluticasone furoate,Testosterone cypionate,2
Fluticasone furoate,Hydrocortisone phosphate,1
Fluticasone furoate,Gestrinone,1
Fluticasone furoate,Hydrocortisone cypionate,1
Fluticasone furoate,Hydrocortisone probutate,1
Fluticasone furoate,Clobetasone,1
Fluticasone furoate,Prednisolone phosphate,1
Fluticasone furoate,Prednisolone acetate,1
Fluticasone furoate,Hydrocortisone butyrate,1
Fluticasone furoate,Dexamethasone acetate,1
Canagliflozin,Empagliflozin,1
Canagliflozin,Ertugliflozin,1
Canagliflozin,Sotagliflozin,1
Canagliflozin,Dapagliflozin,1
Insulin beef,Zinc acetate,1
Insulin beef,Chromic chloride,3
Insulin beef,Eflornithine,1
Insulin beef,Brigatinib,5
Insulin beef,Zinc chloride,1
Insulin beef,Fostamatinib,4
Insulin beef,Insulin degludec,5
Insulin beef,Somatrem,2
Insulin beef,Cannabidiol,1
Insulin beef,Mecasermin rinfabate,5
Insulin beef,Copper,1
Insulin beef,Carboxymethylcellulose,1
Insulin beef,"Zinc sulfate, unspecified form",1
Insulin beef,Teprotumumab,2
Dabrafenib,Erdafitinib,1
Dabrafenib,Nintedanib,1
Dabrafenib,Selumetinib,1
Dabrafenib,Selpercatinib,1
Dabrafenib,Futibatinib,1
Dabrafenib,Fostamatinib,8
Dabrafenib,Lenvatinib,1
Dabrafenib,Infigratinib,1
Dabrafenib,Trametinib,1
Dabrafenib,Sotorasib,2
Dabrafenib,Encorafenib,5
Dabrafenib,Ripretinib,5
Dabrafenib,Binimetinib,1
Dabrafenib,Pemigatinib,1
Dabrafenib,Adagrasib,2
Afatinib,Neratinib,1
Afatinib,Foreskin keratinocyte (neonatal),1
Afatinib,Fostamatinib,1
Afatinib,Dacomitinib,1
Afatinib,Necitumumab,1
Afatinib,Brigatinib,1
Afatinib,Mobocertinib,1
Afatinib,Zanubrutinib,1
Afatinib,Osimertinib,1
Afatinib,Amivantamab,1
Macitentan,Erdafitinib,1
Macitentan,Nintedanib,1
Macitentan,Foreskin keratinocyte (neonatal),1
Macitentan,Foreskin fibroblast (neonatal),1
Macitentan,Selpercatinib,1
Macitentan,Futibatinib,1
Macitentan,Fostamatinib,1
Macitentan,Lenvatinib,1
Macitentan,Infigratinib,1
Macitentan,Eflornithine,1
Macitentan,Pralsetinib,1
Macitentan,Pemigatinib,1
Empagliflozin,Ertugliflozin,1
Empagliflozin,Sotagliflozin,1
Empagliflozin,Dapagliflozin,1
Ibrutinib,Zinc acetate,1
Ibrutinib,Tremelimumab,1
Ibrutinib,Zanubrutinib,2
Ibrutinib,Copper,1
Ibrutinib,Acalabrutinib,2
Ibrutinib,Polatuzumab vedotin,1
Ibrutinib,Fostamatinib,2
Ibrutinib,Ipilimumab,1
Idelalisib,Tezacaftor,1
Idelalisib,Duvelisib,3
Idelalisib,Tremelimumab,1
Idelalisib,Dexibuprofen,1
Idelalisib,Copanlisib,3
Idelalisib,Nintedanib,1
Idelalisib,Fostamatinib,3
Idelalisib,Umbralisib,3
Idelalisib,Zanubrutinib,1
Idelalisib,Lumacaftor,1
Idelalisib,Elexacaftor,1
Idelalisib,Ipilimumab,1
Atosiban,Lypressin,3
Cannabidiol,Manidipine,2
Cannabidiol,Dexketoprofen,1
Cannabidiol,Brigatinib,1
Cannabidiol,Dexibuprofen,1
Cannabidiol,Zinc chloride,3
Cannabidiol,Fostamatinib,2
Cannabidiol,Tolfenamic acid,1
Cannabidiol,Glycol salicylate,1
Cannabidiol,Insulin degludec,1
Cannabidiol,Somatrem,1
Cannabidiol,Bendazac,1
Cannabidiol,Acemetacin,1
Cannabidiol,Copper,2
Cannabidiol,Menthyl salicylate,1
Cannabidiol,Zinc acetate,3
Cannabidiol,Artenimol,1
Cannabidiol,Loxoprofen,1
Cannabidiol,Phenyl salicylate,1
Cannabidiol,Eflornithine,1
Cannabidiol,Trolamine salicylate,1
Cannabidiol,Bufexamac,1
Cannabidiol,Benzoyl peroxide,1
Cannabidiol,Mecasermin rinfabate,1
Cannabidiol,Carboxymethylcellulose,1
Cannabidiol,"Zinc sulfate, unspecified form",3
Cannabidiol,Teprotumumab,1
Ceritinib,Lorlatinib,1
Ceritinib,Fostamatinib,1
Ceritinib,Brigatinib,1
Ceritinib,Alectinib,1
Ceritinib,Gilteritinib,1
Palbociclib,Trilaciclib,3
Palbociclib,Abemaciclib,3
Palbociclib,Ribociclib,3
Palbociclib,Fostamatinib,3
Edoxaban,Moroctocog alfa,2
Edoxaban,Emicizumab,2
Edoxaban,Coagulation factor VII human,2
Edoxaban,Lonoctocog alfa,2
Edoxaban,Albutrepenonacog alfa,2
Edoxaban,Protein S human,2
Edoxaban,Bemiparin,2
Edoxaban,Betrixaban,2
Edoxaban,Nonacog beta pegol,2
Edoxaban,Coagulation Factor IX Human,2
Edoxaban,Protamine sulfate,2
Edoxaban,Turoctocog alfa,2
Edoxaban,Anti-inhibitor coagulant complex,2
Edoxaban,Antithrombin Alfa,2
Edoxaban,Turoctocog alfa pegol,2
Edoxaban,Antihemophilic factor human,2
Edoxaban,Kappadione,2
Lenvatinib,Erdafitinib,30
Lenvatinib,Zinc acetate,1
Lenvatinib,Glasdegib,1
Lenvatinib,Ancestim,4
Lenvatinib,Voxelotor,1
Lenvatinib,Artenimol,2
Lenvatinib,Selpercatinib,27
Lenvatinib,Halcinonide,1
Lenvatinib,Infigratinib,21
Lenvatinib,Sodium ferric gluconate complex,1
Lenvatinib,Aluminum chloride,1
Lenvatinib,Ferric derisomaltose,1
Lenvatinib,Ubidecarenone,1
Lenvatinib,Avapritinib,4
Lenvatinib,Ferrous succinate,2
Lenvatinib,Nintedanib,23
Lenvatinib,Zinc chloride,1
Lenvatinib,Nitrous acid,1
Lenvatinib,Foreskin keratinocyte (neonatal),11
Lenvatinib,Elagolix,1
Lenvatinib,Relugolix,1
Lenvatinib,Fostamatinib,31
Lenvatinib,Alpelisib,1
Lenvatinib,Ferric pyrophosphate citrate,1
Lenvatinib,Tivozanib,13
Lenvatinib,Pexidartinib,4
Lenvatinib,Pemigatinib,21
Lenvatinib,Foreskin fibroblast (neonatal),10
Lenvatinib,Futibatinib,21
Lenvatinib,Ferrous ascorbate,2
Lenvatinib,Ferrous sulfate anhydrous,1
Lenvatinib,Pralsetinib,21
Lenvatinib,Encorafenib,1
Lenvatinib,Copanlisib,1
Lenvatinib,Ripretinib,5
Lenvatinib,Gestrinone,1
Lenvatinib,Linzagolix,1
Lenvatinib,Midostaurin,4
Lenvatinib,Copper,3
Lenvatinib,"Zinc sulfate, unspecified form",1
Lenvatinib,Sonidegib,1
Lenvatinib,Ferrous fumarate,2
Lenvatinib,Ferrous gluconate,2
Lenvatinib,Ferrous glycine sulfate,2
Nintedanib,Erdafitinib,28
Nintedanib,Zinc acetate,1
Nintedanib,Tremelimumab,1
Nintedanib,Glasdegib,1
Nintedanib,Ancestim,1
Nintedanib,Voxelotor,1
Nintedanib,Artenimol,2
Nintedanib,Selpercatinib,22
Nintedanib,Halcinonide,1
Nintedanib,Infigratinib,21
Nintedanib,Sodium ferric gluconate complex,1
Nintedanib,Aluminum chloride,1
Nintedanib,Ferric derisomaltose,1
Nintedanib,Avapritinib,1
Nintedanib,Ferrous succinate,1
Nintedanib,Zinc chloride,1
Nintedanib,Nitrous acid,1
Nintedanib,Foreskin keratinocyte (neonatal),11
Nintedanib,Elagolix,1
Nintedanib,Relugolix,1
Nintedanib,Fostamatinib,32
Nintedanib,Alpelisib,1
Nintedanib,Ferric pyrophosphate citrate,1
Nintedanib,Tivozanib,16
Nintedanib,Pexidartinib,7
Nintedanib,Pemigatinib,21
Nintedanib,Duvelisib,1
Nintedanib,Foreskin fibroblast (neonatal),16
Nintedanib,Futibatinib,21
Nintedanib,Ferrous ascorbate,1
Nintedanib,Ferrous sulfate anhydrous,1
Nintedanib,Pralsetinib,22
Nintedanib,Encorafenib,1
Nintedanib,Copanlisib,2
Nintedanib,Ripretinib,8
Nintedanib,Gestrinone,1
Nintedanib,Linzagolix,1
Nintedanib,Midostaurin,7
Nintedanib,Copper,3
Nintedanib,"Zinc sulfate, unspecified form",1
Nintedanib,Sonidegib,1
Nintedanib,Umbralisib,1
Nintedanib,Zanubrutinib,2
Nintedanib,Ferrous fumarate,1
Nintedanib,Ferrous gluconate,1
Nintedanib,Ferrous glycine sulfate,1
Nintedanib,Ipilimumab,1
Tixocortol,Hydrocortisone acetate,1
Tixocortol,Mometasone furoate,1
Tixocortol,Hydrocortisone phosphate,1
Tixocortol,Gestrinone,1
Tixocortol,Betamethasone phosphate,1
Tixocortol,Segesterone acetate,1
Tixocortol,Hydrocortisone cypionate,1
Tixocortol,Hydrocortisone probutate,1
Tixocortol,Clobetasone,1
Tixocortol,Hydrocortisone valerate,1
Tixocortol,Prednisolone phosphate,1
Tixocortol,Hydrocortisone butyrate,1
Tixocortol,Prednisolone acetate,1
Tixocortol,Dexamethasone acetate,1
Tixocortol,Difluocortolone,1
Tixocortol,Deflazacort,1
Tixocortol,Fluticasone,1
Xanthinol,Sodium carbonate,1
Xanthinol,Bremelanotide,1
Xanthinol,Copper,1
Xanthinol,Voretigene neparvovec,1
Xanthinol,Fostamatinib,1
Xanthinol,Dexamethasone acetate,1
Xanthinol,Seractide acetate,1
Difluocortolone,Hydrocortisone acetate,1
Difluocortolone,Mometasone furoate,1
Difluocortolone,Hydrocortisone phosphate,1
Difluocortolone,Gestrinone,1
Difluocortolone,Betamethasone phosphate,1
Difluocortolone,Segesterone acetate,1
Difluocortolone,Hydrocortisone cypionate,1
Difluocortolone,Hydrocortisone probutate,1
Difluocortolone,Clobetasone,1
Difluocortolone,Hydrocortisone valerate,1
Difluocortolone,Prednisolone phosphate,1
Difluocortolone,Hydrocortisone butyrate,1
Difluocortolone,Prednisolone acetate,1
Difluocortolone,Dexamethasone acetate,1
Difluocortolone,Deflazacort,1
Difluocortolone,Fluticasone,1
Somatrem,Zinc acetate,1
Somatrem,Eflornithine,1
Somatrem,Brigatinib,2
Somatrem,Zinc chloride,1
Somatrem,Fostamatinib,1
Somatrem,Insulin degludec,2
Somatrem,Mecasermin rinfabate,2
Somatrem,Copper,1
Somatrem,Carboxymethylcellulose,1
Somatrem,"Zinc sulfate, unspecified form",1
Somatrem,Teprotumumab,2
"Thyroid, porcine",Eflornithine,1
Ancestim,Erdafitinib,4
Ancestim,Foreskin keratinocyte (neonatal),1
Ancestim,Midostaurin,4
Ancestim,Fostamatinib,4
Ancestim,Tivozanib,4
Ancestim,Ripretinib,4
Ancestim,Avapritinib,4
Ancestim,Pexidartinib,4
Methoxy polyethylene glycol-epoetin beta,Zinc chloride,1
Methoxy polyethylene glycol-epoetin beta,Zinc acetate,1
Methoxy polyethylene glycol-epoetin beta,Nitrous acid,1
Methoxy polyethylene glycol-epoetin beta,Voxelotor,1
Methoxy polyethylene glycol-epoetin beta,Copper,1
Methoxy polyethylene glycol-epoetin beta,"Zinc sulfate, unspecified form",1
Methoxy polyethylene glycol-epoetin beta,Ferrous ascorbate,1
Methoxy polyethylene glycol-epoetin beta,Ferric pyrophosphate citrate,1
Methoxy polyethylene glycol-epoetin beta,Ferrous sulfate anhydrous,1
Methoxy polyethylene glycol-epoetin beta,Sodium ferric gluconate complex,1
Methoxy polyethylene glycol-epoetin beta,Ferrous fumarate,1
Methoxy polyethylene glycol-epoetin beta,Ferric derisomaltose,1
Methoxy polyethylene glycol-epoetin beta,Ferrous gluconate,1
Methoxy polyethylene glycol-epoetin beta,Ferrous glycine sulfate,1
Methoxy polyethylene glycol-epoetin beta,Ferrous succinate,1
Turoctocog alfa,Moroctocog alfa,4
Turoctocog alfa,Zinc acetate,2
Turoctocog alfa,Emicizumab,4
Turoctocog alfa,Coagulation factor VII human,4
Turoctocog alfa,Lonoctocog alfa,4
Turoctocog alfa,Bemiparin,2
Turoctocog alfa,Nonacog beta pegol,2
Turoctocog alfa,Conestat alfa,2
Turoctocog alfa,Anti-inhibitor coagulant complex,4
Turoctocog alfa,Turoctocog alfa pegol,6
Turoctocog alfa,Kappadione,6
Turoctocog alfa,Albutrepenonacog alfa,2
Turoctocog alfa,Protein S human,2
Turoctocog alfa,Copper,2
Turoctocog alfa,Betrixaban,2
Turoctocog alfa,Coagulation Factor IX Human,4
Turoctocog alfa,Protamine sulfate,2
Turoctocog alfa,Antithrombin Alfa,4
Turoctocog alfa,Antihemophilic factor human,4
Nitrous acid,Zinc acetate,11
Nitrous acid,Voxelotor,9
Nitrous acid,Selpercatinib,1
Nitrous acid,Ferrous ascorbate,9
Nitrous acid,Ferrous sulfate anhydrous,9
Nitrous acid,Sodium ferric gluconate complex,11
Nitrous acid,Ferric derisomaltose,9
Nitrous acid,Ferrous succinate,9
Nitrous acid,Zinc chloride,11
Nitrous acid,Copper,11
Nitrous acid,"Zinc sulfate, unspecified form",11
Nitrous acid,Fostamatinib,1
Nitrous acid,Ferric pyrophosphate citrate,11
Nitrous acid,Ferrous fumarate,9
Nitrous acid,Tivozanib,1
Nitrous acid,Ferrous gluconate,9
Nitrous acid,Ferrous glycine sulfate,9
Stiripentol,Copper,1
Stiripentol,Artenimol,1
Chromic chloride,Mecasermin rinfabate,3
Chromic chloride,Brigatinib,3
Chromic chloride,Insulin degludec,3
Chromic chloride,Fostamatinib,3
Copper,Erdafitinib,3
Copper,Flutemetamol (18F),2
Copper,Bemiparin,2
Copper,Sodium ferric gluconate complex,11
Copper,Brigatinib,1
Copper,Aluminum chloride,1
Copper,Anti-inhibitor coagulant complex,4
Copper,Turoctocog alfa pegol,2
Copper,Volanesorsen,1
Copper,Ferrous succinate,10
Copper,Zinc chloride,47
Copper,Elagolix,1
Copper,Pegcetacoplan,6
Copper,Relugolix,1
Copper,Fostamatinib,9
Copper,Florbetaben (18F),2
Copper,Prothrombin,2
Copper,Tivozanib,2
Copper,Aducanumab,2
Copper,Calcium Phosphate,2
Copper,Insulin degludec,1
Copper,Ferrous ascorbate,10
Copper,Antithrombin III human,1
Copper,Ferrous sulfate anhydrous,9
Copper,Conestat alfa,6
Copper,Sodium carbonate,1
Copper,Florbetapir (18F),2
Copper,Gestrinone,1
Copper,Kappadione,2
Copper,Linzagolix,1
Copper,Voretigene neparvovec,1
Copper,Zanubrutinib,1
Copper,Ferrous fumarate,10
Copper,Zinc acetate,62
Copper,Voxelotor,9
Copper,Artenimol,12
Copper,Calcium phosphate dihydrate,2
Copper,Acalabrutinib,1
Copper,Selpercatinib,3
Copper,Aluminium phosphate,3
Copper,Infigratinib,2
Copper,Eflornithine,1
Copper,Thrombin,2
Copper,Calcium citrate,2
Copper,Ferric derisomaltose,9
Copper,Polatuzumab vedotin,1
Copper,Ferric pyrophosphate citrate,11
Copper,Coagulation Factor IX Human,2
Copper,Protamine sulfate,1
Copper,Pexidartinib,1
Copper,Pemigatinib,2
Copper,Tafamidis,2
Copper,Futibatinib,2
Copper,Sutimlimab,3
Copper,Pralsetinib,1
Copper,Human thrombin,2
Copper,Thrombin alfa,2
Copper,Ravulizumab,1
Copper,Mecasermin rinfabate,1
Copper,Aluminum acetate,3
Copper,"Zinc sulfate, unspecified form",47
Copper,Carboxymethylcellulose,1
Copper,Teprotumumab,1
Copper,Antithrombin Alfa,2
Copper,Ferrous gluconate,10
Copper,Ferrous glycine sulfate,10
Cupric Chloride,Protein S human,3
Cupric Chloride,Kappadione,3
Protamine sulfate,Moroctocog alfa,2
Protamine sulfate,Emicizumab,2
Protamine sulfate,Coagulation factor VII human,2
Protamine sulfate,Lonoctocog alfa,2
Protamine sulfate,Bemiparin,3
Protamine sulfate,Antithrombin III human,1
Protamine sulfate,Nonacog beta pegol,2
Protamine sulfate,Anti-inhibitor coagulant complex,2
Protamine sulfate,Turoctocog alfa pegol,2
Protamine sulfate,Kappadione,2
Protamine sulfate,Albutrepenonacog alfa,2
Protamine sulfate,Protein S human,2
Protamine sulfate,Betrixaban,2
Protamine sulfate,Coagulation Factor IX Human,2
Protamine sulfate,Antithrombin Alfa,2
Protamine sulfate,Antihemophilic factor human,2
Sonidegib,Erdafitinib,1
Sonidegib,Foreskin keratinocyte (neonatal),1
Sonidegib,Glasdegib,2
Sonidegib,Artenimol,1
Sonidegib,Foreskin fibroblast (neonatal),1
Sonidegib,Selpercatinib,1
Sonidegib,Futibatinib,1
Sonidegib,Fostamatinib,1
Sonidegib,Alpelisib,1
Sonidegib,Halcinonide,2
Sonidegib,Infigratinib,1
Sonidegib,Pralsetinib,1
Sonidegib,Copanlisib,1
Sonidegib,Pemigatinib,1
Florbetaben (18F),Erdafitinib,1
Florbetaben (18F),Zinc chloride,2
Florbetaben (18F),Zinc acetate,2
Florbetaben (18F),Aducanumab,2
Florbetaben (18F),Aluminum acetate,2
Florbetaben (18F),Flutemetamol (18F),2
Florbetaben (18F),"Zinc sulfate, unspecified form",2
Florbetaben (18F),Aluminium phosphate,2
Florbetaben (18F),Fostamatinib,1
Florbetaben (18F),Pexidartinib,1
Florbetaben (18F),Florbetapir (18F),2
Florbetapir (18F),Erdafitinib,1
Florbetapir (18F),Zinc chloride,2
Florbetapir (18F),Zinc acetate,2
Florbetapir (18F),Aducanumab,2
Florbetapir (18F),Aluminum acetate,2
Florbetapir (18F),Flutemetamol (18F),2
Florbetapir (18F),"Zinc sulfate, unspecified form",2
Florbetapir (18F),Aluminium phosphate,2
Florbetapir (18F),Fostamatinib,1
Florbetapir (18F),Pexidartinib,1
Flutemetamol (18F),Erdafitinib,1
Flutemetamol (18F),Zinc chloride,2
Flutemetamol (18F),Zinc acetate,2
Flutemetamol (18F),Aducanumab,2
Flutemetamol (18F),Aluminum acetate,2
Flutemetamol (18F),"Zinc sulfate, unspecified form",2
Flutemetamol (18F),Aluminium phosphate,2
Flutemetamol (18F),Fostamatinib,1
Flutemetamol (18F),Pexidartinib,1
Sodium carbonate,Sodium sulfate,1
Sodium carbonate,Fostamatinib,1
Sodium carbonate,Voretigene neparvovec,1
Loxoprofen,Glycol salicylate,1
Loxoprofen,Dexketoprofen,1
Loxoprofen,Phenyl salicylate,1
Loxoprofen,Dexibuprofen,1
Loxoprofen,Trolamine salicylate,1
Loxoprofen,Bendazac,1
Loxoprofen,Acemetacin,1
Loxoprofen,Tolfenamic acid,1
Loxoprofen,Menthyl salicylate,1
Loxoprofen,Bufexamac,1
Dexibuprofen,Dexketoprofen,1
Dexibuprofen,Phenyl salicylate,1
Dexibuprofen,Trolamine salicylate,1
Dexibuprofen,Fostamatinib,1
Dexibuprofen,Tolfenamic acid,1
Dexibuprofen,Bufexamac,1
Dexibuprofen,Lumacaftor,4
Dexibuprofen,Tezacaftor,4
Dexibuprofen,Glycol salicylate,1
Dexibuprofen,Duvelisib,1
Dexibuprofen,Copanlisib,1
Dexibuprofen,Bendazac,1
Dexibuprofen,Acemetacin,1
Dexibuprofen,Umbralisib,1
Dexibuprofen,Menthyl salicylate,1
Dexibuprofen,Elexacaftor,4
Dexketoprofen,Glycol salicylate,1
Dexketoprofen,Phenyl salicylate,1
Dexketoprofen,Trolamine salicylate,1
Dexketoprofen,Bendazac,1
Dexketoprofen,Acemetacin,1
Dexketoprofen,Tolfenamic acid,1
Dexketoprofen,Menthyl salicylate,1
Dexketoprofen,Bufexamac,1
Tolfenamic acid,Glycol salicylate,1
Tolfenamic acid,Phenyl salicylate,1
Tolfenamic acid,Trolamine salicylate,1
Tolfenamic acid,Bendazac,1
Tolfenamic acid,Acemetacin,1
Tolfenamic acid,Menthyl salicylate,1
Tolfenamic acid,Bufexamac,1
Conestat alfa,Zinc acetate,10
Conestat alfa,Sutimlimab,3
Conestat alfa,Thrombin,1
Conestat alfa,Human thrombin,1
Conestat alfa,Anti-inhibitor coagulant complex,2
Conestat alfa,Turoctocog alfa pegol,2
Conestat alfa,Kappadione,2
Conestat alfa,Zinc chloride,6
Conestat alfa,"Zinc sulfate, unspecified form",6
Conestat alfa,Coagulation Factor IX Human,3
Conestat alfa,Lanadelumab,1
Conestat alfa,Berotralstat,1
Conestat alfa,Antithrombin Alfa,2
Levamlodipine,Artenimol,1
Levamlodipine,Propiverine,4
Levamlodipine,Isavuconazole,4
Levamlodipine,Mavacamten,1
Gimeracil,Tegafur-uracil,1
Bemiparin,Zinc acetate,1
Bemiparin,Moroctocog alfa,2
Bemiparin,Emicizumab,2
Bemiparin,Coagulation factor VII human,2
Bemiparin,Lonoctocog alfa,2
Bemiparin,Antithrombin III human,1
Bemiparin,Nonacog beta pegol,2
Bemiparin,Anti-inhibitor coagulant complex,2
Bemiparin,Turoctocog alfa pegol,2
Bemiparin,Kappadione,2
Bemiparin,Albutrepenonacog alfa,2
Bemiparin,Zinc chloride,1
Bemiparin,Protein S human,2
Bemiparin,"Zinc sulfate, unspecified form",1
Bemiparin,Betrixaban,2
Bemiparin,Coagulation Factor IX Human,2
Bemiparin,Antithrombin Alfa,2
Bemiparin,Antihemophilic factor human,2
Ubidecarenone,Erdafitinib,1
Ubidecarenone,Selpercatinib,1
Ubidecarenone,Fostamatinib,1
Ubidecarenone,Ferrous ascorbate,1
Ubidecarenone,Pralsetinib,1
Ubidecarenone,Ferrous fumarate,1
Ubidecarenone,Ferrous gluconate,1
Ubidecarenone,Ferrous glycine sulfate,1
Ubidecarenone,Ferrous succinate,1
Lumacaftor,Tezacaftor,4
Lumacaftor,Duvelisib,1
Lumacaftor,Fostamatinib,1
Lumacaftor,Umbralisib,1
Lumacaftor,Copanlisib,1
Lumacaftor,Elexacaftor,4
Kappadione,Moroctocog alfa,4
Kappadione,Zinc acetate,2
Kappadione,Emicizumab,4
Kappadione,Coagulation factor VII human,4
Kappadione,Lonoctocog alfa,4
Kappadione,Nonacog beta pegol,3
Kappadione,Anti-inhibitor coagulant complex,5
Kappadione,Turoctocog alfa pegol,6
Kappadione,Albutrepenonacog alfa,2
Kappadione,Protein S human,5
Kappadione,Betrixaban,2
Kappadione,Coagulation Factor IX Human,7
Kappadione,Antithrombin Alfa,4
Kappadione,Antihemophilic factor human,4
Seractide acetate,Dexamethasone acetate,1
Seractide acetate,Bremelanotide,1
Technetium Tc-99m nofetumomab merpentan,Hypromellose,2
Enalaprilat,Zofenopril,2
Sodium ferric gluconate complex,Zinc acetate,11
Sodium ferric gluconate complex,Voxelotor,9
Sodium ferric gluconate complex,Selpercatinib,1
Sodium ferric gluconate complex,Ferrous ascorbate,9
Sodium ferric gluconate complex,Ferrous sulfate anhydrous,9
Sodium ferric gluconate complex,Ferric derisomaltose,9
Sodium ferric gluconate complex,Ferrous succinate,9
Sodium ferric gluconate complex,Zinc chloride,11
Sodium ferric gluconate complex,"Zinc sulfate, unspecified form",11
Sodium ferric gluconate complex,Fostamatinib,1
Sodium ferric gluconate complex,Ferric pyrophosphate citrate,11
Sodium ferric gluconate complex,Ferrous fumarate,9
Sodium ferric gluconate complex,Tivozanib,1
Sodium ferric gluconate complex,Ferrous gluconate,9
Sodium ferric gluconate complex,Ferrous glycine sulfate,9
Hydroquinone,Arbutin,1
Hydroquinone,Hexylresorcinol,1
Necitumumab,Neratinib,1
Necitumumab,Foreskin keratinocyte (neonatal),1
Necitumumab,Fostamatinib,1
Necitumumab,Dacomitinib,1
Necitumumab,Brigatinib,1
Necitumumab,Mobocertinib,1
Necitumumab,Zanubrutinib,1
Necitumumab,Osimertinib,1
Necitumumab,Amivantamab,1
Insulin degludec,Zinc acetate,1
Insulin degludec,Eflornithine,1
Insulin degludec,Brigatinib,5
Insulin degludec,Zinc chloride,1
Insulin degludec,Fostamatinib,4
Insulin degludec,Mecasermin rinfabate,5
Insulin degludec,Carboxymethylcellulose,1
Insulin degludec,"Zinc sulfate, unspecified form",1
Insulin degludec,Teprotumumab,2
Omega-3-carboxylic acids,Glycyrrhizic acid,2
Foreskin fibroblast (neonatal),Erdafitinib,16
Foreskin fibroblast (neonatal),Clove oil,2
Foreskin fibroblast (neonatal),Glasdegib,1
Foreskin fibroblast (neonatal),Artenimol,1
Foreskin fibroblast (neonatal),Selpercatinib,10
Foreskin fibroblast (neonatal),Futibatinib,10
Foreskin fibroblast (neonatal),Halcinonide,1
Foreskin fibroblast (neonatal),Infigratinib,10
Foreskin fibroblast (neonatal),Pralsetinib,16
Foreskin fibroblast (neonatal),Copanlisib,1
Foreskin fibroblast (neonatal),Ripretinib,6
Foreskin fibroblast (neonatal),Foreskin keratinocyte (neonatal),16
Foreskin fibroblast (neonatal),Midostaurin,6
Foreskin fibroblast (neonatal),Fostamatinib,19
Foreskin fibroblast (neonatal),Alpelisib,1
Foreskin fibroblast (neonatal),Tivozanib,8
Foreskin fibroblast (neonatal),Pexidartinib,6
Foreskin fibroblast (neonatal),Hyaluronidase,1
Foreskin fibroblast (neonatal),Pemigatinib,10
Foreskin keratinocyte (neonatal),Erdafitinib,11
Foreskin keratinocyte (neonatal),Glasdegib,1
Foreskin keratinocyte (neonatal),Artenimol,1
Foreskin keratinocyte (neonatal),Selpercatinib,10
Foreskin keratinocyte (neonatal),Halcinonide,1
Foreskin keratinocyte (neonatal),Infigratinib,10
Foreskin keratinocyte (neonatal),Brigatinib,1
Foreskin keratinocyte (neonatal),Mobocertinib,1
Foreskin keratinocyte (neonatal),Avapritinib,1
Foreskin keratinocyte (neonatal),Amivantamab,1
Foreskin keratinocyte (neonatal),Fostamatinib,15
Foreskin keratinocyte (neonatal),Alpelisib,1
Foreskin keratinocyte (neonatal),Tivozanib,3
Foreskin keratinocyte (neonatal),Pexidartinib,1
Foreskin keratinocyte (neonatal),Pemigatinib,10
Foreskin keratinocyte (neonatal),Neratinib,1
Foreskin keratinocyte (neonatal),Clove oil,2
Foreskin keratinocyte (neonatal),Futibatinib,10
Foreskin keratinocyte (neonatal),Dacomitinib,1
Foreskin keratinocyte (neonatal),Pralsetinib,10
Foreskin keratinocyte (neonatal),Copanlisib,1
Foreskin keratinocyte (neonatal),Ripretinib,1
Foreskin keratinocyte (neonatal),Osimertinib,1
Foreskin keratinocyte (neonatal),Midostaurin,1
Foreskin keratinocyte (neonatal),Zanubrutinib,1
Foreskin keratinocyte (neonatal),Hyaluronidase,1
Carboxymethylcellulose,Zinc acetate,1
Carboxymethylcellulose,Artenimol,2
Carboxymethylcellulose,Eflornithine,1
Carboxymethylcellulose,Brigatinib,1
Carboxymethylcellulose,Ferrous succinate,1
Carboxymethylcellulose,Zinc chloride,1
Carboxymethylcellulose,Fostamatinib,2
Carboxymethylcellulose,Esketamine,1
Carboxymethylcellulose,Ferrous ascorbate,1
Carboxymethylcellulose,Mecasermin rinfabate,1
Carboxymethylcellulose,"Zinc sulfate, unspecified form",1
Carboxymethylcellulose,Teprotumumab,1
Carboxymethylcellulose,Ferrous fumarate,1
Carboxymethylcellulose,Bioallethrin,1
Carboxymethylcellulose,Ferrous gluconate,1
Carboxymethylcellulose,Ferrous glycine sulfate,1
Phenyl salicylate,Glycol salicylate,1
Phenyl salicylate,Trolamine salicylate,1
Phenyl salicylate,Bendazac,1
Phenyl salicylate,Acemetacin,1
Phenyl salicylate,Menthyl salicylate,1
Phenyl salicylate,Bufexamac,1
Polyethylene glycol 400,Isavuconazole,1
Trolamine salicylate,Glycol salicylate,1
Trolamine salicylate,Bendazac,1
Trolamine salicylate,Acemetacin,1
Trolamine salicylate,Menthyl salicylate,1
Trolamine salicylate,Bufexamac,1
Aluminum chloride,Erdafitinib,1
Aluminum chloride,Artenimol,1
Aluminum chloride,Selpercatinib,1
Aluminum chloride,Futibatinib,1
Aluminum chloride,Fostamatinib,1
Aluminum chloride,Infigratinib,1
Aluminum chloride,Pemigatinib,1
Resorcinol,2-mercaptobenzothiazole,2
Resorcinol,Methimazole,2
Potassium nitrate,Chlorobutanol,3
Potassium nitrate,Isavuconazole,3
Potassium nitrate,Pitolisant,3
Potassium nitrate,Pentoxyverine,3
Calcium citrate,Zinc acetate,1
Calcium citrate,Calcium Phosphate,14
Calcium citrate,Etelcalcetide,4
Calcium citrate,Calcium phosphate dihydrate,14
Calcium citrate,Calcium levulinate,4
Calcium citrate,Artenimol,2
Calcium citrate,Zinc chloride,1
Calcium citrate,"Zinc sulfate, unspecified form",1
Calcium citrate,Fostamatinib,1
Vitamin D,Curcumin,1
Racepinephrine,Aripiprazole lauroxil,1
Antithrombin Alfa,Zinc acetate,2
Antithrombin Alfa,Moroctocog alfa,2
Antithrombin Alfa,Emicizumab,2
Antithrombin Alfa,Coagulation factor VII human,2
Antithrombin Alfa,Lonoctocog alfa,2
Antithrombin Alfa,Nonacog beta pegol,2
Antithrombin Alfa,Anti-inhibitor coagulant complex,4
Antithrombin Alfa,Turoctocog alfa pegol,4
Antithrombin Alfa,Albutrepenonacog alfa,2
Antithrombin Alfa,Protein S human,2
Antithrombin Alfa,Betrixaban,2
Antithrombin Alfa,Coagulation Factor IX Human,4
Antithrombin Alfa,Antihemophilic factor human,2
Pentoxyverine,Chlorobutanol,3
Pentoxyverine,Isavuconazole,3
Pentoxyverine,Pitolisant,3
Menthyl salicylate,Glycol salicylate,1
Menthyl salicylate,Bendazac,1
Menthyl salicylate,Acemetacin,1
Menthyl salicylate,Bufexamac,1
Arbutin,Hexylresorcinol,1
Thrombin,Zinc chloride,6
Thrombin,Zinc acetate,7
Thrombin,Protein S human,2
Thrombin,Von Willebrand factor human,2
Thrombin,"Zinc sulfate, unspecified form",6
Thrombin,Vonicog alfa,2
Thrombin,Coagulation Factor IX Human,3
Thrombin,Nonacog beta pegol,2
Thrombin,Damoctocog alfa pegol,2
Thrombin,Prothrombin,7
Thrombin,Rurioctocog alfa pegol,2
Thrombin,Human thrombin,14
Thrombin,Thrombin alfa,10
Thrombin,Protein C,4
Thrombin,Anti-inhibitor coagulant complex,11
Prothrombin,Zinc chloride,5
Prothrombin,Zinc acetate,6
Prothrombin,"Zinc sulfate, unspecified form",5
Prothrombin,Human thrombin,7
Prothrombin,Thrombin alfa,5
Prothrombin,Anti-inhibitor coagulant complex,7
Protein C,Coagulation Factor IX Human,2
Protein C,Nonacog beta pegol,2
Protein C,Damoctocog alfa pegol,2
Protein C,Rurioctocog alfa pegol,2
Protein C,Human thrombin,4
Protein C,Thrombin alfa,4
Protein C,Protein S human,2
Protein C,Anti-inhibitor coagulant complex,4
Protein C,Von Willebrand factor human,2
Protein C,Vonicog alfa,2
Glycol salicylate,Bendazac,1
Glycol salicylate,Acemetacin,1
Glycol salicylate,Bufexamac,1
Clove oil,Von Willebrand factor human,2
Clove oil,Vonicog alfa,2
Calcium Phosphate,Zinc acetate,1
Calcium Phosphate,Etelcalcetide,4
Calcium Phosphate,Calcium phosphate dihydrate,14
Calcium Phosphate,Calcium levulinate,4
Calcium Phosphate,Artenimol,2
Calcium Phosphate,Zinc chloride,1
Calcium Phosphate,"Zinc sulfate, unspecified form",1
Calcium Phosphate,Fostamatinib,1
Guaiacol,Artenimol,1
Guaiacol,Patent Blue,1
Guaiacol,Silver,1
Alectinib,Lorlatinib,1
Alectinib,Fostamatinib,1
Alectinib,Brigatinib,1
Alectinib,Gilteritinib,1
Chlorobutanol,Isavuconazole,3
Chlorobutanol,Pitolisant,3
2-mercaptobenzothiazole,Methimazole,2
Human thrombin,Zinc chloride,6
Human thrombin,Zinc acetate,7
Human thrombin,Protein S human,2
Human thrombin,Von Willebrand factor human,2
Human thrombin,"Zinc sulfate, unspecified form",6
Human thrombin,Vonicog alfa,2
Human thrombin,Coagulation Factor IX Human,3
Human thrombin,Nonacog beta pegol,2
Human thrombin,Damoctocog alfa pegol,2
Human thrombin,Rurioctocog alfa pegol,2
Human thrombin,Thrombin alfa,10
Human thrombin,Anti-inhibitor coagulant complex,11
Thrombin alfa,Zinc chloride,5
Thrombin alfa,Zinc acetate,5
Thrombin alfa,Protein S human,2
Thrombin alfa,Von Willebrand factor human,2
Thrombin alfa,"Zinc sulfate, unspecified form",5
Thrombin alfa,Vonicog alfa,2
Thrombin alfa,Coagulation Factor IX Human,2
Thrombin alfa,Nonacog beta pegol,2
Thrombin alfa,Damoctocog alfa pegol,2
Thrombin alfa,Rurioctocog alfa pegol,2
Thrombin alfa,Anti-inhibitor coagulant complex,9
Ravulizumab,Zinc chloride,1
Ravulizumab,Zinc acetate,1
Ravulizumab,"Zinc sulfate, unspecified form",1
Gestrinone,Erdafitinib,1
Gestrinone,Selpercatinib,1
Gestrinone,Mometasone furoate,1
Gestrinone,Infigratinib,1
Gestrinone,Betamethasone phosphate,1
Gestrinone,Segesterone acetate,1
Gestrinone,Elagolix,1
Gestrinone,Hydrocortisone valerate,1
Gestrinone,Relugolix,1
Gestrinone,Fostamatinib,1
Gestrinone,Tivozanib,1
Gestrinone,Deflazacort,1
Gestrinone,Fluticasone,1
Gestrinone,Pemigatinib,1
Gestrinone,Hydrocortisone acetate,1
Gestrinone,Futibatinib,1
Gestrinone,Pralsetinib,1
Gestrinone,Hydrocortisone phosphate,1
Gestrinone,Linzagolix,1
Gestrinone,Hydrocortisone cypionate,1
Gestrinone,Hydrocortisone probutate,1
Gestrinone,Clobetasone,1
Gestrinone,Prednisolone phosphate,1
Gestrinone,Prednisolone acetate,1
Gestrinone,Hydrocortisone butyrate,1
Gestrinone,Dexamethasone acetate,1
Tasonermin,Mifamurtide,1
Isavuconazole,Zinc acetate,3
Isavuconazole,Artenimol,1
Isavuconazole,Mavacamten,1
Isavuconazole,Pitolisant,3
Isavuconazole,Zinc chloride,3
Isavuconazole,"Zinc sulfate, unspecified form",3
Isavuconazole,Propiverine,4
Artenimol,Erdafitinib,2
Artenimol,Zinc chloride,4
Artenimol,Patent Blue,1
Artenimol,Fostamatinib,5
Artenimol,Alpelisib,1
Artenimol,Esketamine,1
Artenimol,Propiverine,1
Artenimol,Bioallethrin,1
Artenimol,Zinc acetate,10
Artenimol,Glasdegib,1
Artenimol,Calcium phosphate dihydrate,2
Artenimol,Selpercatinib,2
Artenimol,Halcinonide,1
Artenimol,Infigratinib,2
Artenimol,Mavacamten,1
Artenimol,Silver,1
Artenimol,Pemigatinib,2
Artenimol,Futibatinib,2
Artenimol,Pralsetinib,1
Artenimol,Copanlisib,1
Artenimol,"Zinc sulfate, unspecified form",4
Dibotermin alfa,Fostamatinib,1
Tafamidis,Zinc chloride,2
Tafamidis,Zinc acetate,2
Tafamidis,"Zinc sulfate, unspecified form",2
Bremelanotide,Dexamethasone acetate,1
Selumetinib,Adagrasib,1
Selumetinib,Trametinib,1
Selumetinib,Sotorasib,1
Selumetinib,Fostamatinib,1
Selumetinib,Encorafenib,1
Selumetinib,Ripretinib,1
Selumetinib,Binimetinib,1
Acalabrutinib,Zinc acetate,1
Acalabrutinib,Tremelimumab,1
Acalabrutinib,Zanubrutinib,2
Acalabrutinib,Polatuzumab vedotin,1
Acalabrutinib,Fostamatinib,2
Acalabrutinib,Ipilimumab,1
Tezacaftor,Duvelisib,1
Tezacaftor,Fostamatinib,1
Tezacaftor,Umbralisib,1
Tezacaftor,Copanlisib,1
Tezacaftor,Elexacaftor,4
Encorafenib,Erdafitinib,1
Encorafenib,Selpercatinib,1
Encorafenib,Futibatinib,1
Encorafenib,Fostamatinib,5
Encorafenib,Infigratinib,1
Encorafenib,Trametinib,1
Encorafenib,Sotorasib,2
Encorafenib,Ripretinib,5
Encorafenib,Binimetinib,1
Encorafenib,Pemigatinib,1
Encorafenib,Adagrasib,2
Sarilumab,Benralizumab,1
Sarilumab,Amivantamab,1
Capmatinib,Brigatinib,3
Capmatinib,Tepotinib,3
Capmatinib,Tivozanib,3
Capmatinib,Fostamatinib,3
Capmatinib,Amivantamab,3
Tivozanib,Erdafitinib,18
Tivozanib,Zinc acetate,1
Tivozanib,Voxelotor,1
Tivozanib,Selpercatinib,9
Tivozanib,Infigratinib,8
Tivozanib,Brigatinib,3
Tivozanib,Ferric derisomaltose,1
Tivozanib,Avapritinib,4
Tivozanib,Ferrous succinate,1
Tivozanib,Amivantamab,3
Tivozanib,Zinc chloride,1
Tivozanib,Elagolix,1
Tivozanib,Relugolix,1
Tivozanib,Fostamatinib,23
Tivozanib,Ferric pyrophosphate citrate,1
Tivozanib,Pexidartinib,10
Tivozanib,Pemigatinib,8
Tivozanib,Futibatinib,8
Tivozanib,Ferrous ascorbate,1
Tivozanib,Ferrous sulfate anhydrous,1
Tivozanib,Pralsetinib,14
Tivozanib,Tepotinib,3
Tivozanib,Ripretinib,11
Tivozanib,Linzagolix,1
Tivozanib,Midostaurin,10
Tivozanib,"Zinc sulfate, unspecified form",1
Tivozanib,Ferrous fumarate,1
Tivozanib,Ferrous gluconate,1
Tivozanib,Ferrous glycine sulfate,1
Baricitinib,Deucravacitinib,1
Baricitinib,Mosunetuzumab,1
Baricitinib,Blinatumomab,1
Baricitinib,Fostamatinib,3
Baricitinib,Abrocitinib,3
Baricitinib,Zanubrutinib,2
Esketamine,Fostamatinib,1
Esketamine,Bioallethrin,1
Ertugliflozin,Dapagliflozin,1
Ertugliflozin,Sotagliflozin,1
Neratinib,Fostamatinib,1
Neratinib,Dacomitinib,1
Neratinib,Brigatinib,1
Neratinib,Mobocertinib,1
Neratinib,Zanubrutinib,1
Neratinib,Osimertinib,1
Neratinib,Amivantamab,1
Relugolix,Erdafitinib,1
Relugolix,Selpercatinib,1
Relugolix,Futibatinib,1
Relugolix,Infigratinib,1
Relugolix,Pralsetinib,1
Relugolix,Linzagolix,1
Relugolix,Elagolix,1
Relugolix,Fostamatinib,1
Relugolix,Pemigatinib,1
Infigratinib,Erdafitinib,21
Infigratinib,Glasdegib,1
Infigratinib,Selpercatinib,21
Infigratinib,Halcinonide,1
Infigratinib,Elagolix,1
Infigratinib,Fostamatinib,21
Infigratinib,Alpelisib,1
Infigratinib,Pemigatinib,21
Infigratinib,Futibatinib,21
Infigratinib,Pralsetinib,16
Infigratinib,Copanlisib,1
Infigratinib,Ripretinib,1
Infigratinib,Linzagolix,1
Deflazacort,Hydrocortisone acetate,1
Deflazacort,Mometasone furoate,1
Deflazacort,Hydrocortisone phosphate,1
Deflazacort,Betamethasone phosphate,1
Deflazacort,Segesterone acetate,1
Deflazacort,Hydrocortisone cypionate,1
Deflazacort,Hydrocortisone probutate,1
Deflazacort,Clobetasone,1
Deflazacort,Hydrocortisone valerate,1
Deflazacort,Prednisolone phosphate,1
Deflazacort,Hydrocortisone butyrate,1
Deflazacort,Prednisolone acetate,1
Deflazacort,Dexamethasone acetate,1
Deflazacort,Fluticasone,1
Duvelisib,Tremelimumab,1
Duvelisib,Copanlisib,3
Duvelisib,Fostamatinib,3
Duvelisib,Umbralisib,3
Duvelisib,Zanubrutinib,1
Duvelisib,Elexacaftor,1
Duvelisib,Ipilimumab,1
Dacomitinib,Fostamatinib,1
Dacomitinib,Brigatinib,1
Dacomitinib,Mobocertinib,1
Dacomitinib,Zanubrutinib,1
Dacomitinib,Osimertinib,1
Dacomitinib,Amivantamab,1
Binimetinib,Adagrasib,1
Binimetinib,Trametinib,1
Binimetinib,Sotorasib,1
Binimetinib,Fostamatinib,1
Binimetinib,Ripretinib,1
Glasdegib,Erdafitinib,1
Glasdegib,Selpercatinib,1
Glasdegib,Futibatinib,1
Glasdegib,Fostamatinib,1
Glasdegib,Alpelisib,1
Glasdegib,Halcinonide,2
Glasdegib,Pralsetinib,1
Glasdegib,Copanlisib,1
Glasdegib,Pemigatinib,1
Elagolix,Erdafitinib,1
Elagolix,Selpercatinib,1
Elagolix,Futibatinib,1
Elagolix,Pralsetinib,1
Elagolix,Linzagolix,1
Elagolix,Fostamatinib,1
Elagolix,Pemigatinib,1
Entrectinib,Larotrectinib,1
Entrectinib,Pralsetinib,1
Entrectinib,Cenegermin,1
Entrectinib,Fostamatinib,3
Avatrombopag,Lusutrombopag,2
Abemaciclib,Trilaciclib,3
Abemaciclib,Ribociclib,3
Abemaciclib,Fostamatinib,3
Fostamatinib,Lorlatinib,1
Fostamatinib,Brigatinib,13
Fostamatinib,Zinc chloride,4
Fostamatinib,Blinatumomab,1
Fostamatinib,Alpelisib,1
Fostamatinib,Aducanumab,1
Fostamatinib,Ferrous ascorbate,2
Fostamatinib,Ferrous sulfate anhydrous,1
Fostamatinib,Midostaurin,10
Fostamatinib,Sotorasib,2
Fostamatinib,Umbralisib,7
Fostamatinib,Zanubrutinib,9
Fostamatinib,Ferrous fumarate,2
Fostamatinib,Bioallethrin,1
Fostamatinib,Ipilimumab,2
Fostamatinib,Zinc acetate,5
Fostamatinib,Mosunetuzumab,1
Fostamatinib,Selpercatinib,27
Fostamatinib,Halcinonide,1
Fostamatinib,Eflornithine,1
Fostamatinib,Avapritinib,4
Fostamatinib,Polatuzumab vedotin,1
Fostamatinib,Ferric pyrophosphate citrate,1
Fostamatinib,Pexidartinib,11
Fostamatinib,Futibatinib,21
Fostamatinib,Pralsetinib,28
Fostamatinib,Copanlisib,4
Fostamatinib,Ripretinib,16
Fostamatinib,Aluminum acetate,1
Fostamatinib,Belzutifan,2
Fostamatinib,Trilaciclib,3
Fostamatinib,Ferrous gluconate,2
Fostamatinib,Erdafitinib,37
Fostamatinib,Larotrectinib,1
Fostamatinib,Tremelimumab,2
Fostamatinib,Trametinib,1
Fostamatinib,Ribociclib,3
Fostamatinib,Ferrous succinate,2
Fostamatinib,Amivantamab,4
Fostamatinib,Abrocitinib,3
Fostamatinib,Linzagolix,1
Fostamatinib,Voretigene neparvovec,1
Fostamatinib,Elexacaftor,1
Fostamatinib,Deucravacitinib,1
Fostamatinib,Voxelotor,1
Fostamatinib,Calcium phosphate dihydrate,1
Fostamatinib,Aluminium phosphate,1
Fostamatinib,Mobocertinib,1
Fostamatinib,Ferric derisomaltose,1
Fostamatinib,Asciminib,4
Fostamatinib,Pemigatinib,21
Fostamatinib,Tepotinib,3
Fostamatinib,Adagrasib,2
Fostamatinib,Osimertinib,1
Fostamatinib,Mecasermin rinfabate,4
Fostamatinib,"Zinc sulfate, unspecified form",4
Fostamatinib,Gilteritinib,1
Fostamatinib,Teprotumumab,1
Fostamatinib,Cenegermin,1
Fostamatinib,Ferrous glycine sulfate,2
Alpelisib,Erdafitinib,1
Alpelisib,Selpercatinib,1
Alpelisib,Futibatinib,1
Alpelisib,Halcinonide,1
Alpelisib,Pralsetinib,1
Alpelisib,Copanlisib,3
Alpelisib,Pemigatinib,1
Benralizumab,Amivantamab,1
Lorlatinib,Brigatinib,1
Lorlatinib,Gilteritinib,1
Gilteritinib,Brigatinib,1
Erdafitinib,Zinc acetate,1
Erdafitinib,Selpercatinib,26
Erdafitinib,Aluminium phosphate,1
Erdafitinib,Halcinonide,1
Erdafitinib,Avapritinib,4
Erdafitinib,Ferrous succinate,1
Erdafitinib,Zinc chloride,1
Erdafitinib,Pexidartinib,11
Erdafitinib,Pemigatinib,21
Erdafitinib,Aducanumab,1
Erdafitinib,Futibatinib,21
Erdafitinib,Ferrous ascorbate,1
Erdafitinib,Pralsetinib,27
Erdafitinib,Copanlisib,1
Erdafitinib,Ripretinib,11
Erdafitinib,Linzagolix,1
Erdafitinib,Midostaurin,10
Erdafitinib,Aluminum acetate,1
Erdafitinib,"Zinc sulfate, unspecified form",1
Erdafitinib,Ferrous fumarate,1
Erdafitinib,Ferrous gluconate,1
Erdafitinib,Ferrous glycine sulfate,1
Polatuzumab vedotin,Zinc acetate,1
Polatuzumab vedotin,Zanubrutinib,1
Brigatinib,Zinc acetate,1
Brigatinib,Eflornithine,1
Brigatinib,Mobocertinib,1
Brigatinib,Amivantamab,4
Brigatinib,Asciminib,4
Brigatinib,Zinc chloride,1
Brigatinib,Tepotinib,3
Brigatinib,Osimertinib,1
Brigatinib,Mecasermin rinfabate,5
Brigatinib,"Zinc sulfate, unspecified form",1
Brigatinib,Teprotumumab,2
Brigatinib,Umbralisib,4
Brigatinib,Zanubrutinib,1
Propiverine,Mavacamten,1
Betrixaban,Moroctocog alfa,2
Betrixaban,Emicizumab,2
Betrixaban,Coagulation factor VII human,2
Betrixaban,Lonoctocog alfa,2
Betrixaban,Albutrepenonacog alfa,2
Betrixaban,Protein S human,2
Betrixaban,Nonacog beta pegol,2
Betrixaban,Coagulation Factor IX Human,2
Betrixaban,Anti-inhibitor coagulant complex,2
Betrixaban,Turoctocog alfa pegol,2
Betrixaban,Antihemophilic factor human,2
Copanlisib,Tremelimumab,1
Copanlisib,Selpercatinib,1
Copanlisib,Futibatinib,1
Copanlisib,Halcinonide,1
Copanlisib,Pralsetinib,1
Copanlisib,Umbralisib,3
Copanlisib,Zanubrutinib,1
Copanlisib,Elexacaftor,1
Copanlisib,Pemigatinib,1
Copanlisib,Ipilimumab,1
Inebilizumab,Tremelimumab,1
Inebilizumab,Tafasitamab,2
Inebilizumab,Loncastuximab tesirine,2
Inebilizumab,Lisocabtagene maraleucel,2
Inebilizumab,Blinatumomab,2
Inebilizumab,Brexucabtagene autoleucel,2
Inebilizumab,Tisagenlecleucel,2
Inebilizumab,Axicabtagene ciloleucel,2
Inebilizumab,Ipilimumab,1
Ibalizumab,Lipegfilgrastim,1
Ibalizumab,Lenograstim,1
Ibalizumab,Plerixafor,3
Ibalizumab,Eflapegrastim,1
Sotagliflozin,Dapagliflozin,1
Protein S human,Moroctocog alfa,2
Protein S human,Emicizumab,2
Protein S human,Coagulation factor VII human,2
Protein S human,Lonoctocog alfa,2
Protein S human,Nonacog beta pegol,2
Protein S human,Anti-inhibitor coagulant complex,4
Protein S human,Turoctocog alfa pegol,2
Protein S human,Albutrepenonacog alfa,2
Protein S human,Coagulation Factor IX Human,2
Protein S human,Antihemophilic factor human,2
Etelcalcetide,Calcium phosphate dihydrate,4
Vonicog alfa,Coagulation Factor IX Human,2
Vonicog alfa,Nonacog beta pegol,2
Vonicog alfa,Damoctocog alfa pegol,2
Vonicog alfa,Rurioctocog alfa pegol,2
Vonicog alfa,Anti-inhibitor coagulant complex,2
Vonicog alfa,Von Willebrand factor human,4
Silver,Patent Blue,1
Pexidartinib,Zinc acetate,1
Pexidartinib,Aducanumab,1
Pexidartinib,Aluminium phosphate,1
Pexidartinib,Pralsetinib,6
Pexidartinib,Ripretinib,10
Pexidartinib,Avapritinib,4
Pexidartinib,Zinc chloride,1
Pexidartinib,Midostaurin,10
Pexidartinib,Aluminum acetate,1
Pexidartinib,"Zinc sulfate, unspecified form",1
Von Willebrand factor human,Coagulation Factor IX Human,2
Von Willebrand factor human,Nonacog beta pegol,2
Von Willebrand factor human,Damoctocog alfa pegol,2
Von Willebrand factor human,Rurioctocog alfa pegol,2
Von Willebrand factor human,Anti-inhibitor coagulant complex,2
Lenograstim,Lipegfilgrastim,2
Lenograstim,Plerixafor,1
Lenograstim,Eflapegrastim,2
Fluciclovine (18F),Lithium citrate,1
Fluciclovine (18F),Lithium carbonate,1
Coagulation factor VII human,Moroctocog alfa,4
Coagulation factor VII human,Emicizumab,4
Coagulation factor VII human,Lonoctocog alfa,4
Coagulation factor VII human,Albutrepenonacog alfa,2
Coagulation factor VII human,Nonacog beta pegol,2
Coagulation factor VII human,Coagulation Factor IX Human,2
Coagulation factor VII human,Anti-inhibitor coagulant complex,2
Coagulation factor VII human,Turoctocog alfa pegol,4
Coagulation factor VII human,Antihemophilic factor human,4
Anti-inhibitor coagulant complex,Zinc acetate,8
Anti-inhibitor coagulant complex,Moroctocog alfa,2
Anti-inhibitor coagulant complex,Emicizumab,2
Anti-inhibitor coagulant complex,Lonoctocog alfa,2
Anti-inhibitor coagulant complex,Nonacog beta pegol,5
Anti-inhibitor coagulant complex,Turoctocog alfa pegol,4
Anti-inhibitor coagulant complex,Albutrepenonacog alfa,2
Anti-inhibitor coagulant complex,Zinc chloride,5
Anti-inhibitor coagulant complex,"Zinc sulfate, unspecified form",5
Anti-inhibitor coagulant complex,Coagulation Factor IX Human,7
Anti-inhibitor coagulant complex,Damoctocog alfa pegol,2
Anti-inhibitor coagulant complex,Rurioctocog alfa pegol,2
Anti-inhibitor coagulant complex,Antihemophilic factor human,2
Coagulation Factor IX Human,Moroctocog alfa,2
Coagulation Factor IX Human,Zinc acetate,2
Coagulation Factor IX Human,Emicizumab,2
Coagulation Factor IX Human,Lonoctocog alfa,2
Coagulation Factor IX Human,Nonacog beta pegol,5
Coagulation Factor IX Human,Turoctocog alfa pegol,4
Coagulation Factor IX Human,Albutrepenonacog alfa,2
Coagulation Factor IX Human,Zinc chloride,1
Coagulation Factor IX Human,"Zinc sulfate, unspecified form",1
Coagulation Factor IX Human,Damoctocog alfa pegol,2
Coagulation Factor IX Human,Rurioctocog alfa pegol,2
Coagulation Factor IX Human,Antihemophilic factor human,2
Clobetasone,Hydrocortisone acetate,1
Clobetasone,Mometasone furoate,1
Clobetasone,Hydrocortisone phosphate,1
Clobetasone,Betamethasone phosphate,1
Clobetasone,Segesterone acetate,1
Clobetasone,Hydrocortisone cypionate,1
Clobetasone,Hydrocortisone probutate,1
Clobetasone,Hydrocortisone valerate,1
Clobetasone,Prednisolone phosphate,1
Clobetasone,Hydrocortisone butyrate,1
Clobetasone,Prednisolone acetate,1
Clobetasone,Dexamethasone acetate,1
Clobetasone,Fluticasone,1
Antihemophilic factor human,Moroctocog alfa,4
Antihemophilic factor human,Emicizumab,4
Antihemophilic factor human,Lonoctocog alfa,4
Antihemophilic factor human,Albutrepenonacog alfa,2
Antihemophilic factor human,Nonacog beta pegol,2
Antihemophilic factor human,Turoctocog alfa pegol,4
Lipegfilgrastim,Plerixafor,1
Lipegfilgrastim,Eflapegrastim,2
Ferrous sulfate anhydrous,Zinc acetate,9
Ferrous sulfate anhydrous,Voxelotor,9
Ferrous sulfate anhydrous,Selpercatinib,1
Ferrous sulfate anhydrous,Ferrous ascorbate,9
Ferrous sulfate anhydrous,Ferric derisomaltose,9
Ferrous sulfate anhydrous,Ferrous succinate,9
Ferrous sulfate anhydrous,Zinc chloride,9
Ferrous sulfate anhydrous,"Zinc sulfate, unspecified form",9
Ferrous sulfate anhydrous,Ferric pyrophosphate citrate,9
Ferrous sulfate anhydrous,Ferrous fumarate,9
Ferrous sulfate anhydrous,Ferrous gluconate,9
Ferrous sulfate anhydrous,Ferrous glycine sulfate,9
Bufexamac,Bendazac,1
Bufexamac,Acemetacin,1
Bendazac,Acemetacin,1
Metergoline,Amylmetacresol,1
Calcium levulinate,Calcium phosphate dihydrate,4
Fluticasone,Testosterone enanthate,2
Fluticasone,Mometasone furoate,1
Fluticasone,Betamethasone phosphate,1
Fluticasone,Segesterone acetate,1
Fluticasone,Hydrocortisone valerate,1
Fluticasone,Finerenone,2
Fluticasone,Hydrocortisone acetate,1
Fluticasone,Testosterone cypionate,2
Fluticasone,Hydrocortisone phosphate,1
Fluticasone,Hydrocortisone cypionate,1
Fluticasone,Hydrocortisone probutate,1
Fluticasone,Prednisolone phosphate,1
Fluticasone,Prednisolone acetate,1
Fluticasone,Hydrocortisone butyrate,1
Fluticasone,Dexamethasone acetate,1
Tisagenlecleucel,Tremelimumab,1
Tisagenlecleucel,Tafasitamab,2
Tisagenlecleucel,Loncastuximab tesirine,2
Tisagenlecleucel,Lisocabtagene maraleucel,2
Tisagenlecleucel,Blinatumomab,2
Tisagenlecleucel,Brexucabtagene autoleucel,2
Tisagenlecleucel,Axicabtagene ciloleucel,2
Tisagenlecleucel,Ipilimumab,1
Albutrepenonacog alfa,Moroctocog alfa,2
Albutrepenonacog alfa,Emicizumab,2
Albutrepenonacog alfa,Lonoctocog alfa,2
Albutrepenonacog alfa,Nonacog beta pegol,2
Albutrepenonacog alfa,Turoctocog alfa pegol,2
Axicabtagene ciloleucel,Tremelimumab,1
Axicabtagene ciloleucel,Tafasitamab,2
Axicabtagene ciloleucel,Loncastuximab tesirine,2
Axicabtagene ciloleucel,Lisocabtagene maraleucel,2
Axicabtagene ciloleucel,Blinatumomab,2
Axicabtagene ciloleucel,Brexucabtagene autoleucel,2
Axicabtagene ciloleucel,Ipilimumab,1
Emicizumab,Moroctocog alfa,4
Emicizumab,Lonoctocog alfa,4
Emicizumab,Nonacog beta pegol,2
Emicizumab,Turoctocog alfa pegol,4
Cenegermin,Larotrectinib,1
Cenegermin,Pralsetinib,1
Nonacog beta pegol,Moroctocog alfa,2
Nonacog beta pegol,Lonoctocog alfa,2
Nonacog beta pegol,Turoctocog alfa pegol,2
Nonacog beta pegol,Damoctocog alfa pegol,2
Nonacog beta pegol,Rurioctocog alfa pegol,2
Testosterone cypionate,Testosterone enanthate,2
Testosterone cypionate,Finerenone,2
Testosterone enanthate,Finerenone,2
Ferric pyrophosphate citrate,Zinc acetate,11
Ferric pyrophosphate citrate,Voxelotor,9
Ferric pyrophosphate citrate,Selpercatinib,1
Ferric pyrophosphate citrate,Ferrous ascorbate,10
Ferric pyrophosphate citrate,Ferric derisomaltose,9
Ferric pyrophosphate citrate,Ferrous succinate,10
Ferric pyrophosphate citrate,Zinc chloride,11
Ferric pyrophosphate citrate,"Zinc sulfate, unspecified form",11
Ferric pyrophosphate citrate,Ferrous fumarate,10
Ferric pyrophosphate citrate,Ferrous gluconate,10
Ferric pyrophosphate citrate,Ferrous glycine sulfate,10
Magnesium acetate,Potassium,1
Magnesium acetate,Potassium acetate,1
Magnesium acetate,Aluminum acetate,1
Magnesium acetate,Aluminium phosphate,1
Magnesium acetate,Potassium sulfate,1
Lonoctocog alfa,Moroctocog alfa,6
Lonoctocog alfa,Turoctocog alfa pegol,4
Moroctocog alfa,Turoctocog alfa pegol,4
alpha-Tocopherol succinate,D-alpha-Tocopherol acetate,1
Calcium phosphate dihydrate,Zinc acetate,1
Calcium phosphate dihydrate,Zinc chloride,1
Calcium phosphate dihydrate,"Zinc sulfate, unspecified form",1
Zinc acetate,Turoctocog alfa pegol,2
Zinc acetate,Volanesorsen,1
Zinc acetate,Ferrous succinate,13
Zinc acetate,Zinc chloride,69
Zinc acetate,Pegcetacoplan,6
Zinc acetate,Aducanumab,2
Zinc acetate,Ferrous ascorbate,13
Zinc acetate,Zanubrutinib,1
Zinc acetate,Ferrous fumarate,13
Zinc acetate,Voxelotor,9
Zinc acetate,Selpercatinib,1
Zinc acetate,Aluminium phosphate,3
Zinc acetate,Eflornithine,1
Zinc acetate,Ferric derisomaltose,9
Zinc acetate,Lanadelumab,1
Zinc acetate,Sutimlimab,3
Zinc acetate,Mecasermin rinfabate,1
Zinc acetate,Aluminum acetate,3
Zinc acetate,"Zinc sulfate, unspecified form",69
Zinc acetate,Teprotumumab,1
Zinc acetate,Berotralstat,1
Zinc acetate,Ferrous gluconate,13
Zinc acetate,Ferrous glycine sulfate,13
Ferrous gluconate,Voxelotor,9
Ferrous gluconate,Selpercatinib,2
Ferrous gluconate,Ferrous ascorbate,21
Ferrous gluconate,Aluminium phosphate,1
Ferrous gluconate,Pralsetinib,1
Ferrous gluconate,Ferric derisomaltose,9
Ferrous gluconate,Ferrous succinate,21
Ferrous gluconate,Zinc chloride,13
Ferrous gluconate,Aluminum acetate,1
Ferrous gluconate,"Zinc sulfate, unspecified form",13
Ferrous gluconate,Belzutifan,1
Ferrous gluconate,Ferrous fumarate,21
Ferrous gluconate,Ferrous glycine sulfate,21
Ferrous succinate,Voxelotor,9
Ferrous succinate,Selpercatinib,2
Ferrous succinate,Ferrous ascorbate,21
Ferrous succinate,Aluminium phosphate,1
Ferrous succinate,Pralsetinib,1
Ferrous succinate,Ferric derisomaltose,9
Ferrous succinate,Zinc chloride,13
Ferrous succinate,Aluminum acetate,1
Ferrous succinate,"Zinc sulfate, unspecified form",13
Ferrous succinate,Belzutifan,1
Ferrous succinate,Ferrous fumarate,21
Ferrous succinate,Ferrous glycine sulfate,21
Ferrous ascorbate,Voxelotor,9
Ferrous ascorbate,Selpercatinib,2
Ferrous ascorbate,Aluminium phosphate,1
Ferrous ascorbate,Pralsetinib,1
Ferrous ascorbate,Ferric derisomaltose,9
Ferrous ascorbate,Zinc chloride,13
Ferrous ascorbate,Aluminum acetate,1
Ferrous ascorbate,"Zinc sulfate, unspecified form",13
Ferrous ascorbate,Belzutifan,1
Ferrous ascorbate,Ferrous fumarate,21
Ferrous ascorbate,Ferrous glycine sulfate,21
Ferrous fumarate,Voxelotor,9
Ferrous fumarate,Selpercatinib,2
Ferrous fumarate,Aluminium phosphate,1
Ferrous fumarate,Pralsetinib,1
Ferrous fumarate,Ferric derisomaltose,9
Ferrous fumarate,Zinc chloride,13
Ferrous fumarate,Aluminum acetate,1
Ferrous fumarate,"Zinc sulfate, unspecified form",13
Ferrous fumarate,Belzutifan,1
Ferrous fumarate,Ferrous glycine sulfate,21
Potassium acetate,Potassium,1
Potassium acetate,Aluminum acetate,1
Potassium acetate,Aluminium phosphate,1
Potassium acetate,Potassium sulfate,1
Potassium sulfate,Potassium,1
Potassium sulfate,Aluminum acetate,1
Potassium sulfate,Aluminium phosphate,1
Potassium,Aluminum acetate,1
Potassium,Aluminium phosphate,1
Ferrous glycine sulfate,Voxelotor,9
Ferrous glycine sulfate,Selpercatinib,2
Ferrous glycine sulfate,Aluminium phosphate,1
Ferrous glycine sulfate,Pralsetinib,1
Ferrous glycine sulfate,Ferric derisomaltose,9
Ferrous glycine sulfate,Zinc chloride,13
Ferrous glycine sulfate,Aluminum acetate,1
Ferrous glycine sulfate,"Zinc sulfate, unspecified form",13
Ferrous glycine sulfate,Belzutifan,1
Lithium citrate,Lithium carbonate,1
Mometasone furoate,Hydrocortisone acetate,1
Mometasone furoate,Hydrocortisone phosphate,1
Mometasone furoate,Betamethasone phosphate,1
Mometasone furoate,Segesterone acetate,1
Mometasone furoate,Hydrocortisone cypionate,1
Mometasone furoate,Hydrocortisone probutate,1
Mometasone furoate,Hydrocortisone valerate,1
Mometasone furoate,Prednisolone phosphate,1
Mometasone furoate,Hydrocortisone butyrate,1
Mometasone furoate,Prednisolone acetate,1
Mometasone furoate,Dexamethasone acetate,1
Aluminium phosphate,Aducanumab,2
Aluminium phosphate,Zinc chloride,3
Aluminium phosphate,Aluminum acetate,4
Aluminium phosphate,"Zinc sulfate, unspecified form",3
Aluminum acetate,Aducanumab,2
Aluminum acetate,Zinc chloride,3
Aluminum acetate,"Zinc sulfate, unspecified form",3
Zinc chloride,Pegcetacoplan,6
Zinc chloride,Inclisiran,2
Zinc chloride,Aducanumab,2
Zinc chloride,Voxelotor,9
Zinc chloride,Selpercatinib,1
Zinc chloride,Eflornithine,1
Zinc chloride,Ferric derisomaltose,9
Zinc chloride,Lanadelumab,1
Zinc chloride,Sutimlimab,3
Zinc chloride,Mecasermin rinfabate,1
Zinc chloride,"Zinc sulfate, unspecified form",76
Zinc chloride,Teprotumumab,1
Zinc chloride,Berotralstat,1
Hydrocortisone acetate,Hydrocortisone phosphate,2
Hydrocortisone acetate,Betamethasone phosphate,1
Hydrocortisone acetate,Segesterone acetate,1
Hydrocortisone acetate,Hydrocortisone cypionate,2
Hydrocortisone acetate,Hydrocortisone probutate,2
Hydrocortisone acetate,Hydrocortisone valerate,2
Hydrocortisone acetate,Prednisolone phosphate,1
Hydrocortisone acetate,Hydrocortisone butyrate,2
Hydrocortisone acetate,Prednisolone acetate,1
Hydrocortisone acetate,Dexamethasone acetate,1
Hydrocortisone butyrate,Hydrocortisone phosphate,2
Hydrocortisone butyrate,Betamethasone phosphate,1
Hydrocortisone butyrate,Segesterone acetate,1
Hydrocortisone butyrate,Hydrocortisone cypionate,2
Hydrocortisone butyrate,Hydrocortisone probutate,2
Hydrocortisone butyrate,Hydrocortisone valerate,2
Hydrocortisone butyrate,Prednisolone phosphate,1
Hydrocortisone butyrate,Prednisolone acetate,1
Hydrocortisone butyrate,Dexamethasone acetate,1
Hydrocortisone cypionate,Hydrocortisone phosphate,2
Hydrocortisone cypionate,Betamethasone phosphate,1
Hydrocortisone cypionate,Segesterone acetate,1
Hydrocortisone cypionate,Hydrocortisone probutate,2
Hydrocortisone cypionate,Hydrocortisone valerate,2
Hydrocortisone cypionate,Prednisolone phosphate,1
Hydrocortisone cypionate,Prednisolone acetate,1
Hydrocortisone cypionate,Dexamethasone acetate,1
Hydrocortisone phosphate,Betamethasone phosphate,1
Hydrocortisone phosphate,Segesterone acetate,1
Hydrocortisone phosphate,Hydrocortisone probutate,2
Hydrocortisone phosphate,Hydrocortisone valerate,2
Hydrocortisone phosphate,Prednisolone phosphate,1
Hydrocortisone phosphate,Prednisolone acetate,1
Hydrocortisone phosphate,Dexamethasone acetate,1
Hydrocortisone probutate,Betamethasone phosphate,1
Hydrocortisone probutate,Segesterone acetate,1
Hydrocortisone probutate,Hydrocortisone valerate,2
Hydrocortisone probutate,Prednisolone phosphate,1
Hydrocortisone probutate,Prednisolone acetate,1
Hydrocortisone probutate,Dexamethasone acetate,1
Hydrocortisone valerate,Betamethasone phosphate,1
Hydrocortisone valerate,Segesterone acetate,1
Hydrocortisone valerate,Prednisolone phosphate,1
Hydrocortisone valerate,Prednisolone acetate,1
Hydrocortisone valerate,Dexamethasone acetate,1
"Zinc sulfate, unspecified form",Pegcetacoplan,6
"Zinc sulfate, unspecified form",Inclisiran,2
"Zinc sulfate, unspecified form",Aducanumab,2
"Zinc sulfate, unspecified form",Voxelotor,9
"Zinc sulfate, unspecified form",Selpercatinib,1
"Zinc sulfate, unspecified form",Eflornithine,1
"Zinc sulfate, unspecified form",Ferric derisomaltose,9
"Zinc sulfate, unspecified form",Lanadelumab,1
"Zinc sulfate, unspecified form",Sutimlimab,3
"Zinc sulfate, unspecified form",Mecasermin rinfabate,1
"Zinc sulfate, unspecified form",Teprotumumab,1
"Zinc sulfate, unspecified form",Berotralstat,1
Ivosidenib,Olutasidenib,1
Segesterone acetate,Betamethasone phosphate,1
Segesterone acetate,Prednisolone phosphate,1
Segesterone acetate,Prednisolone acetate,1
Segesterone acetate,Dexamethasone acetate,1
Prednisolone phosphate,Betamethasone phosphate,1
Prednisolone phosphate,Prednisolone acetate,1
Prednisolone phosphate,Dexamethasone acetate,1
Dexamethasone acetate,Betamethasone phosphate,1
Dexamethasone acetate,Prednisolone acetate,1
Betamethasone phosphate,Prednisolone acetate,1
Damoctocog alfa pegol,Rurioctocog alfa pegol,2
Larotrectinib,Pralsetinib,1
Mecasermin rinfabate,Eflornithine,1
Mecasermin rinfabate,Teprotumumab,2
Ripretinib,Selpercatinib,1
Ripretinib,Futibatinib,1
Ripretinib,Trametinib,1
Ripretinib,Pralsetinib,6
Ripretinib,Avapritinib,4
Ripretinib,Adagrasib,2
Ripretinib,Midostaurin,10
Ripretinib,Sotorasib,2
Ripretinib,Pemigatinib,1
Abrocitinib,Deucravacitinib,1
Abrocitinib,Mosunetuzumab,1
Abrocitinib,Blinatumomab,1
Abrocitinib,Zanubrutinib,2
Voxelotor,Selpercatinib,1
Voxelotor,Ferric derisomaltose,9
Umbralisib,Tremelimumab,1
Umbralisib,Asciminib,4
Umbralisib,Zanubrutinib,1
Umbralisib,Elexacaftor,1
Umbralisib,Ipilimumab,1
Eflapegrastim,Plerixafor,1
Zanubrutinib,Tremelimumab,2
Zanubrutinib,Mosunetuzumab,1
Zanubrutinib,Ipilimumab,2
Zanubrutinib,Mobocertinib,1
Zanubrutinib,Osimertinib,1
Zanubrutinib,Amivantamab,1
Zanubrutinib,Blinatumomab,1
Pemigatinib,Selpercatinib,21
Pemigatinib,Halcinonide,1
Pemigatinib,Futibatinib,21
Pemigatinib,Pralsetinib,16
Pemigatinib,Linzagolix,1
Tepotinib,Amivantamab,3
Futibatinib,Selpercatinib,21
Futibatinib,Halcinonide,1
Futibatinib,Pralsetinib,16
Futibatinib,Linzagolix,1
Avapritinib,Midostaurin,4
Mosunetuzumab,Blinatumomab,1
Trilaciclib,Ribociclib,3
Adagrasib,Sotorasib,5
Adagrasib,Trametinib,1
Sotorasib,Trametinib,1
Ferric derisomaltose,Selpercatinib,1
Selpercatinib,Halcinonide,1
Selpercatinib,Pralsetinib,21
Selpercatinib,Linzagolix,1
Brexucabtagene autoleucel,Tremelimumab,1
Brexucabtagene autoleucel,Tafasitamab,2
Brexucabtagene autoleucel,Loncastuximab tesirine,2
Brexucabtagene autoleucel,Lisocabtagene maraleucel,2
Brexucabtagene autoleucel,Blinatumomab,2
Brexucabtagene autoleucel,Ipilimumab,1
Pralsetinib,Halcinonide,1
Pralsetinib,Linzagolix,1
Pralsetinib,Midostaurin,6
Berotralstat,Lanadelumab,1
Loncastuximab tesirine,Tremelimumab,1
Loncastuximab tesirine,Tafasitamab,2
Loncastuximab tesirine,Lisocabtagene maraleucel,2
Loncastuximab tesirine,Blinatumomab,2
Loncastuximab tesirine,Ipilimumab,1
Mobocertinib,Osimertinib,1
Mobocertinib,Amivantamab,1
Lisocabtagene maraleucel,Tremelimumab,1
Lisocabtagene maraleucel,Tafasitamab,2
Lisocabtagene maraleucel,Blinatumomab,2
Lisocabtagene maraleucel,Ipilimumab,1
Amivantamab,Osimertinib,1
